symbol,timestamp,price,size,tr_corr,tr_scond
AAPL,2025-02-03T09:30:00.800000,100.00022880828374,100,00,@
AAPL,2025-02-03T09:30:01.600000,99.99913438890697,10,00,@
AAPL,2025-02-03T09:30:02.400000,100.00049500426434,10,00,@
AAPL,2025-02-03T09:30:02.420000,100.00300654654619,50,00,@
AAPL,2025-02-03T09:30:02.620000,100.00347954875939,50,00,@
AAPL,2025-02-03T09:30:02.820000,100.00151901541385,100,00,@
AAPL,2025-02-03T09:30:03.020000,99.99675612887373,200,00,@
AAPL,2025-02-03T09:30:03.820000,99.99227610768244,20,00,@
AAPL,2025-02-03T09:30:03.900000,99.98599030002316,20,00,@
AAPL,2025-02-03T09:30:04.700000,99.98237664686117,400,00,@
AAPL,2025-02-03T09:30:04.780000,99.97772898775092,100,00,@
AAPL,2025-02-03T09:30:05.580000,99.97538895115909,100,00,@
AAPL,2025-02-03T09:30:05.660000,99.97480842632564,10,00,@
AAPL,2025-02-03T09:30:05.860000,99.97492839708245,50,00,@
AAPL,2025-02-03T09:30:06.660000,99.97618798739471,200,00,@
AAPL,2025-02-03T09:30:06.740000,99.97771910528682,10,00,@
AAPL,2025-02-03T09:30:06.940000,99.98254916762892,400,00,@
AAPL,2025-02-03T09:30:06.960000,99.98670968619753,20,00,@
AAPL,2025-02-03T09:30:06.980000,99.99082521093295,20,00,@
AAPL,2025-02-03T09:30:07.180000,99.99598594545957,400,00,@
AAPL,2025-02-03T09:30:07.260000,100.0002390825151,200,00,@
AAPL,2025-02-03T09:30:07.460000,100.00274190286092,50,00,@
AAPL,2025-02-03T09:30:08.260000,100.00566181517068,20,00,@
AAPL,2025-02-03T09:30:08.280000,100.00842024876529,200,00,@
AAPL,2025-02-03T09:30:08.300000,100.012979767106,200,00,@
AAPL,2025-02-03T09:30:08.380000,100.01521480705748,200,00,@
AAPL,2025-02-03T09:30:08.460000,100.0193085355141,20,00,@
AAPL,2025-02-03T09:30:08.480000,100.02351182810247,200,00,@
AAPL,2025-02-03T09:30:09.280000,100.02548615160842,100,00,@
AAPL,2025-02-03T09:30:10.080000,100.02944449949214,100,00,@
AAPL,2025-02-03T09:30:10.880000,100.0330958885011,400,00,@
AAPL,2025-02-03T09:30:10.960000,100.03688964384808,100,00,@
AAPL,2025-02-03T09:30:11.160000,100.03888672102737,100,00,@
AAPL,2025-02-03T09:30:11.240000,100.04055557773859,200,00,@
AAPL,2025-02-03T09:30:11.260000,100.0452892808267,200,00,@
AAPL,2025-02-03T09:30:11.280000,100.05058182625575,200,00,@
AAPL,2025-02-03T09:30:12.080000,100.05499849060915,200,00,@
AAPL,2025-02-03T09:30:12.880000,100.0566600680429,10,00,@
AAPL,2025-02-03T09:30:13.080000,100.05675166035478,200,00,@
AAPL,2025-02-03T09:30:13.880000,100.05826594624807,50,00,@
AAPL,2025-02-03T09:30:14.680000,100.0584399533324,100,00,@
AAPL,2025-02-03T09:30:14.700000,100.05726090672152,100,00,@
AAPL,2025-02-03T09:30:15.500000,100.05588482302676,50,00,@
AAPL,2025-02-03T09:30:15.580000,100.05525775787527,200,00,@
AAPL,2025-02-03T09:30:15.600000,100.05288812054185,100,00,@
AAPL,2025-02-03T09:30:15.620000,100.04970612439067,200,00,@
AAPL,2025-02-03T09:30:16.420000,100.04660372513217,400,00,@
AAPL,2025-02-03T09:30:17.220000,100.04250766906416,100,00,@
AAPL,2025-02-03T09:30:17.420000,100.03865451824907,400,00,@
AAPL,2025-02-03T09:30:17.440000,100.03598440749303,100,00,@
AAPL,2025-02-03T09:30:18.240000,100.03276728104424,200,00,@
AAPL,2025-02-03T09:30:18.260000,100.03230001297982,100,00,@
AAPL,2025-02-03T09:30:18.460000,100.02944392552402,50,00,@
AAPL,2025-02-03T09:30:18.540000,100.02571450254078,10,00,@
AAPL,2025-02-03T09:30:18.740000,100.02324301542698,20,00,@
AAPL,2025-02-03T09:30:18.760000,100.01936656989176,200,00,@
AAPL,2025-02-03T09:30:18.780000,100.01758539466219,200,00,@
AAPL,2025-02-03T09:30:18.860000,100.01532260511983,100,00,@
AAPL,2025-02-03T09:30:19.060000,100.01198887856822,50,00,@
AAPL,2025-02-03T09:30:19.860000,100.01150677263226,100,00,@
AAPL,2025-02-03T09:30:20.060000,100.01103820729416,200,00,@
AAPL,2025-02-03T09:30:20.860000,100.01164364884418,200,00,@
AAPL,2025-02-03T09:30:20.940000,100.01333823641158,10,00,@
AAPL,2025-02-03T09:30:21.740000,100.01410157829149,10,00,@
AAPL,2025-02-03T09:30:21.820000,100.01733151858883,100,00,@
AAPL,2025-02-03T09:30:21.840000,100.02085800581943,10,00,@
AAPL,2025-02-03T09:30:22.640000,100.02434193470815,200,00,@
AAPL,2025-02-03T09:30:22.660000,100.02643244461677,100,00,@
AAPL,2025-02-03T09:30:22.740000,100.0304377292457,10,00,@
AAPL,2025-02-03T09:30:23.540000,100.02949454255995,200,00,@
AAPL,2025-02-03T09:30:24.340000,100.02830858512483,50,00,@
AAPL,2025-02-03T09:30:24.360000,100.02315424189803,400,00,@
AAPL,2025-02-03T09:30:24.440000,100.02007823552013,200,00,@
AAPL,2025-02-03T09:30:25.240000,100.01512890120249,400,00,@
AAPL,2025-02-03T09:30:25.320000,100.00917881249865,200,00,@
AAPL,2025-02-03T09:30:25.400000,100.00547227239672,200,00,@
AAPL,2025-02-03T09:30:25.600000,100.00025903268603,400,00,@
AAPL,2025-02-03T09:30:25.680000,99.99617406020917,400,00,@
AAPL,2025-02-03T09:30:25.760000,99.9953639913687,10,00,@
AAPL,2025-02-03T09:30:25.780000,99.99455859802994,100,00,@
AAPL,2025-02-03T09:30:25.800000,99.9913921026782,50,00,@
AAPL,2025-02-03T09:30:26,99.98895468981532,10,00,@
AAPL,2025-02-03T09:30:26.020000,99.98854229127532,100,00,@
AAPL,2025-02-03T09:30:26.100000,99.98559354968835,50,00,@
AAPL,2025-02-03T09:30:26.300000,99.98297318755372,10,00,@
AAPL,2025-02-03T09:30:26.500000,99.9802391543436,10,00,@
AAPL,2025-02-03T09:30:27.300000,99.98053409294316,50,00,@
AAPL,2025-02-03T09:30:28.100000,99.9806281630839,10,00,@
AAPL,2025-02-03T09:30:28.300000,99.98168324190235,10,00,@
AAPL,2025-02-03T09:30:29.100000,99.98265264132299,50,00,@
AAPL,2025-02-03T09:30:29.900000,99.98192552159286,10,00,@
AAPL,2025-02-03T09:30:30.700000,99.98079176298062,50,00,@
AAPL,2025-02-03T09:30:30.900000,99.9785793985735,100,00,@
AAPL,2025-02-03T09:30:31.700000,99.97245521529463,200,00,@
AAPL,2025-02-03T09:30:31.720000,99.96634331103904,200,00,@
AAPL,2025-02-03T09:30:31.800000,99.96256330850719,100,00,@
AAPL,2025-02-03T09:30:32,99.95975719352968,400,00,@
AAPL,2025-02-03T09:30:32.020000,99.95429616776325,400,00,@
AAPL,2025-02-03T09:30:32.100000,99.95306823964502,200,00,@
AAPL,2025-02-03T09:30:32.120000,99.9517388075104,200,00,@
AAPL,2025-02-03T09:30:32.140000,99.95020051646286,10,00,@
AAPL,2025-02-03T09:30:32.220000,99.94964244457334,100,00,@
AAPL,2025-02-03T09:30:32.300000,99.94953731797972,50,00,@
AAPL,2025-02-03T09:30:32.380000,99.94818314913643,100,00,@
AAPL,2025-02-03T09:30:32.400000,99.94786571949315,100,00,@
AAPL,2025-02-03T09:30:32.480000,99.94648471506454,200,00,@
AAPL,2025-02-03T09:30:32.500000,99.94288470170648,400,00,@
AAPL,2025-02-03T09:30:32.580000,99.94069474177205,100,00,@
AAPL,2025-02-03T09:30:32.660000,99.9385167700692,20,00,@
AAPL,2025-02-03T09:30:32.680000,99.93605234362512,10,00,@
AAPL,2025-02-03T09:30:33.480000,99.93356902173242,50,00,@
AAPL,2025-02-03T09:30:33.560000,99.9349483574047,200,00,@
AAPL,2025-02-03T09:30:33.580000,99.93498492909106,10,00,@
AAPL,2025-02-03T09:30:33.600000,99.93416293054109,50,00,@
AAPL,2025-02-03T09:30:33.620000,99.93543429386798,50,00,@
AAPL,2025-02-03T09:30:33.700000,99.93786943858007,200,00,@
AAPL,2025-02-03T09:30:33.720000,99.9366417702303,50,00,@
AAPL,2025-02-03T09:30:34.520000,99.9395024140835,100,00,@
AAPL,2025-02-03T09:30:34.720000,99.93959648627822,200,00,@
AAPL,2025-02-03T09:30:34.740000,99.93988275585053,100,00,@
AAPL,2025-02-03T09:30:35.540000,99.93950033426201,50,00,@
AAPL,2025-02-03T09:30:35.620000,99.93947927292476,100,00,@
AAPL,2025-02-03T09:30:35.640000,99.9400512279017,200,00,@
AAPL,2025-02-03T09:30:35.720000,99.93952464163446,10,00,@
AAPL,2025-02-03T09:30:35.740000,99.94224585229492,10,00,@
AAPL,2025-02-03T09:30:35.940000,99.94121851315012,100,00,@
AAPL,2025-02-03T09:30:36.740000,99.94335749313913,10,00,@
AAPL,2025-02-03T09:30:37.540000,99.94153705965073,10,00,@
AAPL,2025-02-04T09:30:00.800000,99.99881360191986,200,00,@
AAPL,2025-02-04T09:30:01.600000,99.99775152437438,200,00,@
AAPL,2025-02-04T09:30:01.800000,99.99734040662192,100,00,@
AAPL,2025-02-04T09:30:01.880000,99.99680416406966,10,00,@
AAPL,2025-02-04T09:30:01.960000,99.99350823254706,200,00,@
AAPL,2025-02-04T09:30:02.760000,99.99157481334757,200,00,@
AAPL,2025-02-04T09:30:02.840000,99.9865576613699,20,00,@
AAPL,2025-02-04T09:30:02.920000,99.98311282940779,400,00,@
AAPL,2025-02-04T09:30:03,99.97978619267774,100,00,@
AAPL,2025-02-04T09:30:03.020000,99.97936248499141,50,00,@
AAPL,2025-02-04T09:30:03.040000,99.98118648470559,200,00,@
AAPL,2025-02-04T09:30:03.120000,99.98151835377044,10,00,@
AAPL,2025-02-04T09:30:03.140000,99.9856659256534,20,00,@
AAPL,2025-02-04T09:30:03.340000,99.98847102065932,200,00,@
AAPL,2025-02-04T09:30:03.360000,99.99095669527108,100,00,@
AAPL,2025-02-04T09:30:04.160000,99.99427866901688,20,00,@
AAPL,2025-02-04T09:30:04.180000,99.99575351149751,200,00,@
AAPL,2025-02-04T09:30:04.200000,99.99585330429082,100,00,@
AAPL,2025-02-04T09:30:05,99.99392882995669,100,00,@
AAPL,2025-02-04T09:30:05.080000,99.99327067736598,200,00,@
AAPL,2025-02-04T09:30:05.880000,99.99199462799223,200,00,@
AAPL,2025-02-04T09:30:05.960000,99.9919957517294,200,00,@
AAPL,2025-02-04T09:30:05.980000,99.99137583996819,200,00,@
AAPL,2025-02-04T09:30:06.060000,99.99176091763673,50,00,@
AAPL,2025-02-04T09:30:06.080000,99.9912541021849,100,00,@
AAPL,2025-02-04T09:30:06.100000,99.99240623649854,200,00,@
AAPL,2025-02-04T09:30:06.120000,99.99129746845868,200,00,@
AAPL,2025-02-04T09:30:06.140000,99.98845879164027,200,00,@
AAPL,2025-02-04T09:30:06.940000,99.98828521755983,10,00,@
AAPL,2025-02-04T09:30:07.020000,99.98515953844218,100,00,@
AAPL,2025-02-04T09:30:07.820000,99.98293138873177,100,00,@
AAPL,2025-02-04T09:30:07.840000,99.98185690472361,10,00,@
AAPL,2025-02-04T09:30:07.860000,99.9790309466267,50,00,@
AAPL,2025-02-04T09:30:08.660000,99.97998806738813,50,00,@
AAPL,2025-02-04T09:30:08.740000,99.98110074153495,200,00,@
AAPL,2025-02-04T09:30:08.820000,99.98396860792272,400,00,@
AAPL,2025-02-04T09:30:08.840000,99.98452739551396,10,00,@
AAPL,2025-02-04T09:30:09.640000,99.98637128846265,50,00,@
AAPL,2025-02-04T09:30:09.660000,99.98917288163084,50,00,@
AAPL,2025-02-04T09:30:10.460000,99.9905377603075,50,00,@
AAPL,2025-02-04T09:30:10.660000,99.99058431547463,50,00,@
AAPL,2025-02-04T09:30:10.860000,99.99046077012949,10,00,@
AAPL,2025-02-04T09:30:10.940000,99.98811498718744,50,00,@
AAPL,2025-02-04T09:30:11.140000,99.98609762776063,10,00,@
AAPL,2025-02-04T09:30:11.220000,99.98336594688469,100,00,@
AAPL,2025-02-04T09:30:11.240000,99.98278103269861,100,00,@
AAPL,2025-02-04T09:30:11.260000,99.98058806271048,200,00,@
AAPL,2025-02-04T09:30:11.280000,99.97773999938022,50,00,@
AAPL,2025-02-04T09:30:12.080000,99.97474413670915,400,00,@
AAPL,2025-02-04T09:30:12.100000,99.97201428304602,10,00,@
AAPL,2025-02-04T09:30:12.180000,99.96820706693869,100,00,@
AAPL,2025-02-04T09:30:12.380000,99.96547952468279,100,00,@
AAPL,2025-02-04T09:30:12.400000,99.96219094171406,50,00,@
AAPL,2025-02-04T09:30:12.420000,99.95820761698376,50,00,@
AAPL,2025-02-04T09:30:12.440000,99.95633248592677,100,00,@
AAPL,2025-02-04T09:30:12.520000,99.95350503779116,10,00,@
AAPL,2025-02-04T09:30:12.540000,99.95101029200221,10,00,@
AAPL,2025-02-04T09:30:13.340000,99.94929521446213,50,00,@
AAPL,2025-02-04T09:30:13.360000,99.947523261977,50,00,@
AAPL,2025-02-04T09:30:13.440000,99.94652637216171,100,00,@
AAPL,2025-02-04T09:30:13.520000,99.94556587308483,200,00,@
AAPL,2025-02-04T09:30:13.540000,99.94649308453666,200,00,@
AAPL,2025-02-04T09:30:13.560000,99.94514836345148,100,00,@
AAPL,2025-02-04T09:30:14.360000,99.94534047210986,10,00,@
AAPL,2025-02-04T09:30:14.380000,99.94664012804935,10,00,@
AAPL,2025-02-04T09:30:15.180000,99.94721733290812,200,00,@
AAPL,2025-02-04T09:30:15.260000,99.94878771199069,100,00,@
AAPL,2025-02-04T09:30:15.340000,99.95106158917503,100,00,@
AAPL,2025-02-04T09:30:16.140000,99.95145829451539,50,00,@
AAPL,2025-02-04T09:30:16.220000,99.9512585895348,100,00,@
AAPL,2025-02-04T09:30:16.420000,99.95176046920699,200,00,@
AAPL,2025-02-04T09:30:16.620000,99.9520115674998,10,00,@
AAPL,2025-02-04T09:30:16.700000,99.95365111982652,50,00,@
AAPL,2025-02-04T09:30:16.720000,99.95451623790987,50,00,@
AAPL,2025-02-04T09:30:16.800000,99.95675959058049,200,00,@
AAPL,2025-02-04T09:30:16.820000,99.95586655461562,200,00,@
AAPL,2025-02-04T09:30:16.840000,99.95225674868887,200,00,@
AAPL,2025-02-04T09:30:16.860000,99.95237111371247,50,00,@
AAPL,2025-02-04T09:30:17.060000,99.95279221824077,100,00,@
AAPL,2025-02-04T09:30:17.260000,99.95288341511122,10,00,@
AAPL,2025-02-04T09:30:17.460000,99.95604928258894,100,00,@
AAPL,2025-02-04T09:30:17.480000,99.95905091030457,50,00,@
AAPL,2025-02-04T09:30:18.280000,99.96173190134247,50,00,@
AAPL,2025-02-04T09:30:18.480000,99.96311726191703,200,00,@
AAPL,2025-02-04T09:30:19.280000,99.9663175988505,200,00,@
AAPL,2025-02-04T09:30:19.360000,99.96746026507925,100,00,@
AAPL,2025-02-04T09:30:19.380000,99.97057335981053,10,00,@
AAPL,2025-02-04T09:30:19.400000,99.97140609728046,10,00,@
AAPL,2025-02-04T09:30:20.200000,99.97043249537322,50,00,@
AAPL,2025-02-04T09:30:20.280000,99.96925829049614,50,00,@
AAPL,2025-02-04T09:30:21.080000,99.96910047526393,10,00,@
AAPL,2025-02-04T09:30:21.280000,99.96710387944202,10,00,@
AAPL,2025-02-04T09:30:21.360000,99.96648851168413,100,00,@
AAPL,2025-02-04T09:30:21.380000,99.96561698789925,100,00,@
AAPL,2025-02-04T09:30:21.460000,99.9661679783922,10,00,@
AAPL,2025-02-04T09:30:22.260000,99.96632389101813,200,00,@
AAPL,2025-02-04T09:30:22.340000,99.96868114551064,200,00,@
AAPL,2025-02-04T09:30:22.420000,99.97284189478638,200,00,@
AAPL,2025-02-04T09:30:23.220000,99.97699966552277,20,00,@
AAPL,2025-02-04T09:30:23.300000,99.97660898610462,50,00,@
AAPL,2025-02-04T09:30:24.100000,99.97600330871757,50,00,@
AAPL,2025-02-04T09:30:24.120000,99.97624520826099,10,00,@
AAPL,2025-02-04T09:30:24.140000,99.97505443424727,200,00,@
AAPL,2025-02-04T09:30:24.940000,99.97596375683696,50,00,@
AAPL,2025-02-04T09:30:25.740000,99.97604932595819,100,00,@
AAPL,2025-02-04T09:30:25.820000,99.97305039701918,10,00,@
AAPL,2025-02-04T09:30:25.840000,99.97576826464561,10,00,@
AAPL,2025-02-04T09:30:26.040000,99.98014216570401,10,00,@
AAPL,2025-02-04T09:30:26.120000,99.982881173102,50,00,@
AAPL,2025-02-04T09:30:26.320000,99.98498572192857,100,00,@
AAPL,2025-02-04T09:30:26.340000,99.99013697072473,20,00,@
AAPL,2025-02-04T09:30:26.540000,99.9916003752938,10,00,@
AAPL,2025-02-04T09:30:26.560000,99.99360741774657,200,00,@
AAPL,2025-02-04T09:30:26.760000,99.99260810344894,10,00,@
AAPL,2025-02-04T09:30:27.560000,99.99052974927186,10,00,@
AAPL,2025-02-04T09:30:28.360000,99.98668378045582,200,00,@
AAPL,2025-02-04T09:30:28.560000,99.98583789901082,10,00,@
AAPL,2025-02-04T09:30:29.360000,99.98035467170337,400,00,@
AAPL,2025-02-04T09:30:29.440000,99.97561293417597,100,00,@
AAPL,2025-02-04T09:30:29.520000,99.97083411695849,400,00,@
AAPL,2025-02-04T09:30:29.720000,99.96738400129057,200,00,@
AAPL,2025-02-04T09:30:29.800000,99.96336551374328,20,00,@
AAPL,2025-02-04T09:30:30.600000,99.96179766967823,20,00,@
AAPL,2025-02-04T09:30:30.620000,99.96175692370575,50,00,@
AAPL,2025-02-04T09:30:30.700000,99.96336095464501,10,00,@
AAPL,2025-02-04T09:30:31.500000,99.96439941194996,50,00,@
AAPL,2025-02-04T09:30:32.300000,99.96422659466285,50,00,@
AAPL,2025-02-04T09:30:32.380000,99.9681809975139,100,00,@
AAPL,2025-02-05T09:30:00.080000,100.001365068193,10,00,@
AAPL,2025-02-05T09:30:00.880000,100.00246774902887,200,00,@
AAPL,2025-02-05T09:30:01.680000,100.00420678544022,50,00,@
AAPL,2025-02-05T09:30:01.700000,100.00433626248692,100,00,@
AAPL,2025-02-05T09:30:02.500000,100.00133596412361,10,00,@
AAPL,2025-02-05T09:30:02.520000,100.00072180269028,200,00,@
AAPL,2025-02-05T09:30:02.600000,99.99802685112486,200,00,@
AAPL,2025-02-05T09:30:03.400000,99.99465914508825,100,00,@
AAPL,2025-02-05T09:30:04.200000,99.98801861412934,200,00,@
AAPL,2025-02-05T09:30:05,99.98195020389537,400,00,@
AAPL,2025-02-05T09:30:05.200000,99.9787598755508,400,00,@
AAPL,2025-02-05T09:30:05.220000,99.9743147193876,100,00,@
AAPL,2025-02-05T09:30:05.420000,99.9712983166127,50,00,@
AAPL,2025-02-05T09:30:05.620000,99.96751394950749,50,00,@
AAPL,2025-02-05T09:30:05.700000,99.9657597819755,50,00,@
AAPL,2025-02-05T09:30:05.900000,99.96500375151336,10,00,@
AAPL,2025-02-05T09:30:05.920000,99.96528608017329,100,00,@
AAPL,2025-02-05T09:30:06.120000,99.96294371287196,10,00,@
AAPL,2025-02-05T09:30:06.200000,99.96028932223294,50,00,@
AAPL,2025-02-05T09:30:06.280000,99.95814453989712,50,00,@
AAPL,2025-02-05T09:30:06.360000,99.95665139214559,10,00,@
AAPL,2025-02-05T09:30:06.440000,99.95506858400084,50,00,@
AAPL,2025-02-05T09:30:06.640000,99.95304192114885,50,00,@
AAPL,2025-02-05T09:30:06.840000,99.95439540810885,50,00,@
AAPL,2025-02-05T09:30:07.640000,99.95559876941172,10,00,@
AAPL,2025-02-05T09:30:07.840000,99.95533864307734,200,00,@
AAPL,2025-02-05T09:30:08.640000,99.95332200160045,10,00,@
AAPL,2025-02-05T09:30:08.720000,99.94943374358475,200,00,@
AAPL,2025-02-05T09:30:09.520000,99.94471266480326,20,00,@
AAPL,2025-02-05T09:30:09.600000,99.94354692205499,100,00,@
AAPL,2025-02-05T09:30:10.400000,99.94135268005587,10,00,@
AAPL,2025-02-05T09:30:10.420000,99.93666451276727,20,00,@
AAPL,2025-02-05T09:30:10.620000,99.93448170018046,20,00,@
AAPL,2025-02-05T09:30:11.420000,99.93276398704468,50,00,@
AAPL,2025-02-05T09:30:12.220000,99.93605306936342,10,00,@
AAPL,2025-02-05T09:30:12.420000,99.93846120152045,200,00,@
AAPL,2025-02-05T09:30:13.220000,99.93816099742729,50,00,@
AAPL,2025-02-05T09:30:14.020000,99.93919983457401,10,00,@
AAPL,2025-02-05T09:30:14.040000,99.94113310887718,10,00,@
AAPL,2025-02-05T09:30:14.120000,99.9452011071388,50,00,@
AAPL,2025-02-05T09:30:14.320000,99.94773760805856,200,00,@
AAPL,2025-02-05T09:30:14.520000,99.9483101247867,100,00,@
AAPL,2025-02-05T09:30:14.540000,99.94963802809312,100,00,@
AAPL,2025-02-05T09:30:15.340000,99.95074364882151,100,00,@
AAPL,2025-02-05T09:30:15.360000,99.94987312580618,200,00,@
AAPL,2025-02-05T09:30:15.440000,99.9475049855105,100,00,@
AAPL,2025-02-05T09:30:15.520000,99.94419807988916,100,00,@
AAPL,2025-02-05T09:30:15.540000,99.94481335439873,200,00,@
AAPL,2025-02-05T09:30:16.340000,99.94402773475147,200,00,@
AAPL,2025-02-05T09:30:16.420000,99.94424749295277,100,00,@
AAPL,2025-02-05T09:30:17.220000,99.94492530232185,10,00,@
AAPL,2025-02-05T09:30:17.420000,99.94527758235293,200,00,@
AAPL,2025-02-05T09:30:18.220000,99.9471661472134,50,00,@
AAPL,2025-02-05T09:30:18.240000,99.94625883565796,10,00,@
AAPL,2025-02-05T09:30:18.440000,99.94810455762583,100,00,@
AAPL,2025-02-05T09:30:18.460000,99.95076090343447,200,00,@
AAPL,2025-02-05T09:30:18.540000,99.95399768311283,200,00,@
AAPL,2025-02-05T09:30:19.340000,99.95721658365484,200,00,@
AAPL,2025-02-05T09:30:19.360000,99.96219912850796,20,00,@
AAPL,2025-02-05T09:30:19.440000,99.96670702339188,200,00,@
AAPL,2025-02-05T09:30:19.520000,99.96959047080792,200,00,@
AAPL,2025-02-05T09:30:19.600000,99.97108253028742,50,00,@
AAPL,2025-02-05T09:30:19.800000,99.97091202713392,50,00,@
AAPL,2025-02-05T09:30:20,99.97069416989825,50,00,@
AAPL,2025-02-05T09:30:20.800000,99.97273396076241,100,00,@
AAPL,2025-02-05T09:30:20.820000,99.97659569964075,400,00,@
AAPL,2025-02-05T09:30:21.020000,99.97888685831391,200,00,@
AAPL,2025-02-05T09:30:21.220000,99.98442806865036,100,00,@
AAPL,2025-02-05T09:30:21.420000,99.98706043789957,100,00,@
AAPL,2025-02-05T09:30:21.500000,99.98989436548378,200,00,@
AAPL,2025-02-05T09:30:22.300000,99.99326862099831,100,00,@
AAPL,2025-02-05T09:30:22.380000,99.99330771843985,100,00,@
AAPL,2025-02-05T09:30:22.400000,99.9941649893748,200,00,@
AAPL,2025-02-05T09:30:22.600000,99.99488096794363,200,00,@
AAPL,2025-02-05T09:30:22.680000,99.99373704720605,10,00,@
AAPL,2025-02-05T09:30:22.700000,99.99336859862224,100,00,@
AAPL,2025-02-05T09:30:22.720000,99.9939458544392,100,00,@
AAPL,2025-02-05T09:30:22.800000,99.99613128975285,10,00,@
AAPL,2025-02-05T09:30:23,99.99677496446299,10,00,@
AAPL,2025-02-05T09:30:23.200000,99.99690326120647,10,00,@
AAPL,2025-02-05T09:30:23.280000,99.99634657868121,50,00,@
AAPL,2025-02-05T09:30:24.080000,99.99668553650177,100,00,@
AAPL,2025-02-05T09:30:24.880000,99.99923777509959,50,00,@
AAPL,2025-02-05T09:30:24.960000,99.99889975194574,100,00,@
AAPL,2025-02-05T09:30:25.040000,99.99900364324603,50,00,@
AAPL,2025-02-05T09:30:25.240000,99.99616532611411,100,00,@
AAPL,2025-02-05T09:30:25.260000,99.99388298916642,200,00,@
AAPL,2025-02-05T09:30:25.340000,99.9923259150806,200,00,@
AAPL,2025-02-05T09:30:25.420000,99.98734164592514,20,00,@
AAPL,2025-02-05T09:30:25.620000,99.98365247831127,200,00,@
AAPL,2025-02-05T09:30:26.420000,99.97931503372735,400,00,@
AAPL,2025-02-05T09:30:26.500000,99.97603351655121,20,00,@
AAPL,2025-02-05T09:30:26.580000,99.97607439225462,50,00,@
AAPL,2025-02-05T09:30:27.380000,99.97498363173978,100,00,@
AAPL,2025-02-05T09:30:27.400000,99.97487266063256,200,00,@
AAPL,2025-02-05T09:30:28.200000,99.97159725457867,400,00,@
AAPL,2025-02-05T09:30:29,99.96785545800458,100,00,@
AAPL,2025-02-05T09:30:29.800000,99.96323950620662,200,00,@
AAPL,2025-02-05T09:30:29.880000,99.96006526405766,200,00,@
AAPL,2025-02-05T09:30:30.680000,99.95831740412531,50,00,@
AAPL,2025-02-05T09:30:31.480000,99.95582163800488,200,00,@
AAPL,2025-02-05T09:30:32.280000,99.95164469678024,400,00,@
AAPL,2025-02-05T09:30:32.360000,99.94602270217108,200,00,@
AAPL,2025-02-05T09:30:32.440000,99.94220044634754,20,00,@
AAPL,2025-02-05T09:30:32.640000,99.93946263898921,50,00,@
AAPL,2025-02-05T09:30:32.660000,99.93905684363622,200,00,@
AAPL,2025-02-05T09:30:32.860000,99.93777434416296,100,00,@
AAPL,2025-02-05T09:30:32.880000,99.93328192232329,400,00,@
AAPL,2025-02-05T09:30:33.080000,99.93000803741464,200,00,@
AAPL,2025-02-05T09:30:33.880000,99.92770110079988,100,00,@
AAPL,2025-02-05T09:30:33.960000,99.92439625738334,10,00,@
AAPL,2025-02-05T09:30:33.980000,99.9216747518248,10,00,@
AAPL,2025-02-05T09:30:34.180000,99.92144803703182,100,00,@
AAPL,2025-02-05T09:30:34.380000,99.92592158187473,10,00,@
AAPL,2025-02-05T09:30:34.400000,99.9306132784,50,00,@
AAPL,2025-02-05T09:30:34.480000,99.93129513530572,200,00,@
AAPL,2025-02-05T09:30:34.680000,99.9307433709124,200,00,@
AAPL,2025-02-05T09:30:34.700000,99.9312170698769,100,00,@
AAPL,2025-02-05T09:30:35.500000,99.9300486347196,50,00,@
AAPL,2025-02-05T09:30:35.520000,99.92965110279263,200,00,@
AAPL,2025-02-05T09:30:35.600000,99.92964649278113,50,00,@
AAPL,2025-02-05T09:30:35.680000,99.92896367544078,100,00,@
AAPL,2025-02-05T09:30:36.480000,99.92803905824518,50,00,@
AAPL,2025-02-05T09:30:36.560000,99.9248288758365,200,00,@
AAPL,2025-02-05T09:30:36.580000,99.92209895756753,50,00,@
AAPL,2025-02-05T09:30:36.660000,99.91727828161295,200,00,@
AAPL,2025-02-05T09:30:36.740000,99.91168284094601,100,00,@
AAPL,2025-02-05T09:30:36.760000,99.9068557080712,200,00,@
AAPL,2025-02-06T09:30:00.020000,100.00292280214336,50,00,@
AAPL,2025-02-06T09:30:00.040000,100.00527006462153,10,00,@
AAPL,2025-02-06T09:30:00.120000,100.00860365680933,400,00,@
AAPL,2025-02-06T09:30:00.920000,100.01177799559751,20,00,@
AAPL,2025-02-06T09:30:01,100.01421376475577,400,00,@
AAPL,2025-02-06T09:30:01.020000,100.01894580199226,10,00,@
AAPL,2025-02-06T09:30:01.100000,100.01847879293274,10,00,@
AAPL,2025-02-06T09:30:01.900000,100.01876407069975,50,00,@
AAPL,2025-02-06T09:30:02.100000,100.01731607244372,200,00,@
AAPL,2025-02-06T09:30:02.900000,100.01568359191383,50,00,@
AAPL,2025-02-06T09:30:03.700000,100.01210957104028,200,00,@
AAPL,2025-02-06T09:30:04.500000,100.00960608841042,50,00,@
AAPL,2025-02-06T09:30:04.520000,100.00423273484084,400,00,@
AAPL,2025-02-06T09:30:04.720000,99.99689614820467,20,00,@
AAPL,2025-02-06T09:30:05.520000,99.98968222475773,400,00,@
AAPL,2025-02-06T09:30:05.540000,99.98402712687142,100,00,@
AAPL,2025-02-06T09:30:06.340000,99.97837136947746,400,00,@
AAPL,2025-02-06T09:30:06.420000,99.97499838007039,200,00,@
AAPL,2025-02-06T09:30:06.500000,99.97169043953608,200,00,@
AAPL,2025-02-06T09:30:07.300000,99.9710665683555,50,00,@
AAPL,2025-02-06T09:30:07.500000,99.9699902438875,10,00,@
AAPL,2025-02-06T09:30:07.520000,99.96840424890958,100,00,@
AAPL,2025-02-06T09:30:08.320000,99.96409326630005,100,00,@
AAPL,2025-02-06T09:30:09.120000,99.96315830527426,10,00,@
AAPL,2025-02-06T09:30:09.200000,99.96074252480332,10,00,@
AAPL,2025-02-06T09:30:09.280000,99.95936708191093,100,00,@
AAPL,2025-02-06T09:30:09.480000,99.95745313392929,50,00,@
AAPL,2025-02-06T09:30:09.500000,99.95339163393697,100,00,@
AAPL,2025-02-06T09:30:09.700000,99.95306874440439,10,00,@
AAPL,2025-02-06T09:30:10.500000,99.95462805953622,10,00,@
AAPL,2025-02-06T09:30:11.300000,99.95381351910018,200,00,@
AAPL,2025-02-06T09:30:11.380000,99.95525533234114,100,00,@
AAPL,2025-02-06T09:30:11.460000,99.95854374858274,100,00,@
AAPL,2025-02-06T09:30:11.540000,99.95801309125928,100,00,@
AAPL,2025-02-06T09:30:11.620000,99.95780530672444,200,00,@
AAPL,2025-02-06T09:30:11.700000,99.95677621647675,100,00,@
AAPL,2025-02-06T09:30:11.780000,99.95598958390336,100,00,@
AAPL,2025-02-06T09:30:11.860000,99.95323716664421,50,00,@
AAPL,2025-02-06T09:30:11.880000,99.95109655441325,50,00,@
AAPL,2025-02-06T09:30:12.680000,99.95134567702787,10,00,@
AAPL,2025-02-06T09:30:13.480000,99.9545666565358,400,00,@
AAPL,2025-02-06T09:30:14.280000,99.95830818659948,200,00,@
AAPL,2025-02-06T09:30:14.300000,99.96199476420162,200,00,@
AAPL,2025-02-06T09:30:15.100000,99.96634392416208,400,00,@
AAPL,2025-02-06T09:30:15.900000,99.96993791192774,200,00,@
AAPL,2025-02-06T09:30:15.980000,99.97310094606523,200,00,@
AAPL,2025-02-06T09:30:16.060000,99.97523569183518,50,00,@
AAPL,2025-02-06T09:30:16.260000,99.978722604257,20,00,@
AAPL,2025-02-06T09:30:16.280000,99.98106446153933,200,00,@
AAPL,2025-02-06T09:30:16.300000,99.98514000835725,200,00,@
AAPL,2025-02-06T09:30:17.100000,99.99072659870518,200,00,@
AAPL,2025-02-06T09:30:17.180000,99.99244440671897,10,00,@
AAPL,2025-02-06T09:30:17.200000,99.99459659325464,100,00,@
AAPL,2025-02-06T09:30:17.220000,99.99896365621318,200,00,@
AAPL,2025-02-06T09:30:17.420000,100.00176177410634,200,00,@
AAPL,2025-02-06T09:30:17.500000,100.00326007111468,50,00,@
AAPL,2025-02-06T09:30:17.580000,100.00220933314867,50,00,@
AAPL,2025-02-06T09:30:17.780000,100.0020928961061,100,00,@
AAPL,2025-02-06T09:30:18.580000,100.00131042036557,50,00,@
AAPL,2025-02-06T09:30:18.780000,100.0013196508099,100,00,@
AAPL,2025-02-06T09:30:18.980000,99.99642111986722,20,00,@
AAPL,2025-02-06T09:30:19,99.99533226878242,50,00,@
AAPL,2025-02-06T09:30:19.800000,99.99323737571875,400,00,@
AAPL,2025-02-06T09:30:19.880000,99.99035072890975,100,00,@
AAPL,2025-02-06T09:30:19.960000,99.99153301049964,10,00,@
AAPL,2025-02-06T09:30:19.980000,99.99302960053258,10,00,@
AAPL,2025-02-06T09:30:20.060000,99.99495041447727,100,00,@
AAPL,2025-02-06T09:30:20.860000,99.99854720379598,200,00,@
AAPL,2025-02-06T09:30:20.940000,100.00097525104768,100,00,@
AAPL,2025-02-06T09:30:21.020000,100.00308101591352,100,00,@
AAPL,2025-02-06T09:30:21.040000,100.00306278915077,200,00,@
AAPL,2025-02-06T09:30:21.060000,100.00005122475396,200,00,@
AAPL,2025-02-06T09:30:21.860000,100.0008210204564,100,00,@
AAPL,2025-02-06T09:30:22.660000,99.99982117855748,100,00,@
AAPL,2025-02-06T09:30:22.740000,99.99922758160545,50,00,@
AAPL,2025-02-06T09:30:22.820000,99.99477307575155,100,00,@
AAPL,2025-02-06T09:30:22.900000,99.9912428987239,100,00,@
AAPL,2025-02-06T09:30:22.980000,99.99043875207603,10,00,@
AAPL,2025-02-06T09:30:23.780000,99.99075340178949,10,00,@
AAPL,2025-02-06T09:30:23.980000,99.99049604705714,10,00,@
AAPL,2025-02-06T09:30:24,99.98656063155138,400,00,@
AAPL,2025-02-06T09:30:24.200000,99.98402594967173,10,00,@
AAPL,2025-02-06T09:30:24.220000,99.98243602424355,100,00,@
AAPL,2025-02-06T09:30:24.420000,99.98202791403672,50,00,@
AAPL,2025-02-06T09:30:24.620000,99.98194688438642,50,00,@
AAPL,2025-02-06T09:30:24.700000,99.98717337781403,100,00,@
AAPL,2025-02-06T09:30:24.780000,99.99094122957601,200,00,@
AAPL,2025-02-06T09:30:24.980000,99.99546090406027,400,00,@
AAPL,2025-02-06T09:30:25.180000,99.99728905811838,20,00,@
AAPL,2025-02-06T09:30:25.980000,99.99968568154392,20,00,@
AAPL,2025-02-06T09:30:26.180000,100.00377814611502,100,00,@
AAPL,2025-02-06T09:30:26.380000,100.00684375991825,50,00,@
AAPL,2025-02-06T09:30:26.460000,100.00885033294026,50,00,@
AAPL,2025-02-06T09:30:26.540000,100.00846165222865,50,00,@
AAPL,2025-02-06T09:30:26.620000,100.01087680702999,20,00,@
AAPL,2025-02-06T09:30:26.820000,100.01117532692149,100,00,@
AAPL,2025-02-06T09:30:26.900000,100.01628351186136,20,00,@
AAPL,2025-02-06T09:30:27.700000,100.0185082777018,50,00,@
AAPL,2025-02-06T09:30:27.780000,100.02135513319232,10,00,@
AAPL,2025-02-06T09:30:27.980000,100.02402452719161,20,00,@
AAPL,2025-02-06T09:30:28.180000,100.02375162393827,10,00,@
AAPL,2025-02-06T09:30:28.260000,100.0228368431929,50,00,@
AAPL,2025-02-06T09:30:28.460000,100.02225427928032,50,00,@
AAPL,2025-02-06T09:30:29.260000,100.02190704515137,100,00,@
AAPL,2025-02-06T09:30:29.280000,100.02210215847454,200,00,@
AAPL,2025-02-06T09:30:29.360000,100.02143375255467,50,00,@
AAPL,2025-02-06T09:30:29.440000,100.01779565820138,20,00,@
AAPL,2025-02-06T09:30:29.640000,100.0114877951051,200,00,@
AAPL,2025-02-06T09:30:29.660000,100.00497813668261,100,00,@
AAPL,2025-02-06T09:30:29.680000,100.00133400116152,100,00,@
AAPL,2025-02-06T09:30:29.880000,100.00008414420186,20,00,@
AAPL,2025-02-06T09:30:30.080000,99.99628031599046,100,00,@
AAPL,2025-02-06T09:30:30.880000,99.99558867425272,10,00,@
AAPL,2025-02-06T09:30:31.680000,99.99471360773624,50,00,@
AAPL,2025-02-06T09:30:31.700000,99.99351888557251,100,00,@
AAPL,2025-02-06T09:30:31.720000,99.99335130804639,200,00,@
AAPL,2025-02-06T09:30:31.800000,99.99394496323296,50,00,@
AAPL,2025-02-06T09:30:31.880000,99.99917471265975,400,00,@
AAPL,2025-02-06T09:30:32.680000,100.0021035614548,20,00,@
AAPL,2025-02-06T09:30:33.480000,100.00671457462104,200,00,@
AAPL,2025-02-06T09:30:33.680000,100.01031588962687,100,00,@
AAPL,2025-02-06T09:30:33.880000,100.0129110473432,10,00,@
AAPL,2025-02-06T09:30:33.960000,100.0181242024621,200,00,@
AAPL,2025-02-06T09:30:34.760000,100.02459836616467,400,00,@
AAPL,2025-02-06T09:30:34.960000,100.03232962389998,200,00,@
AAPL,2025-02-06T09:30:35.160000,100.04018518464157,20,00,@
AAPL,2025-02-06T09:30:35.240000,100.04788030219925,100,00,@
AAPL,2025-02-06T09:30:35.440000,100.0534666648535,400,00,@
AAPL,2025-02-07T09:30:00.200000,99.9989356469277,200,00,@
AAPL,2025-02-07T09:30:01,99.99766424884054,50,00,@
AAPL,2025-02-07T09:30:01.800000,99.99994027639232,200,00,@
AAPL,2025-02-07T09:30:02.600000,100.00168128755227,10,00,@
AAPL,2025-02-07T09:30:03.400000,100.00080536073773,100,00,@
AAPL,2025-02-07T09:30:03.600000,99.99752035697529,400,00,@
AAPL,2025-02-07T09:30:03.620000,99.99498878420336,100,00,@
AAPL,2025-02-07T09:30:03.820000,99.99333239898483,50,00,@
AAPL,2025-02-07T09:30:03.900000,99.99035379037701,20,00,@
AAPL,2025-02-07T09:30:04.100000,99.98937991558483,50,00,@
AAPL,2025-02-07T09:30:04.120000,99.98780590639952,200,00,@
AAPL,2025-02-07T09:30:04.920000,99.98201351346714,100,00,@
AAPL,2025-02-07T09:30:05,99.97767435767989,400,00,@
AAPL,2025-02-07T09:30:05.080000,99.9724609572697,100,00,@
AAPL,2025-02-07T09:30:05.100000,99.96966545289179,20,00,@
AAPL,2025-02-07T09:30:05.120000,99.96797199326069,200,00,@
AAPL,2025-02-07T09:30:05.320000,99.96571472718213,10,00,@
AAPL,2025-02-07T09:30:05.520000,99.96445845874159,100,00,@
AAPL,2025-02-07T09:30:05.720000,99.96392713622419,50,00,@
AAPL,2025-02-07T09:30:06.520000,99.96591330886042,50,00,@
AAPL,2025-02-07T09:30:06.600000,99.96614235005372,50,00,@
AAPL,2025-02-07T09:30:06.620000,99.96497024409553,100,00,@
AAPL,2025-02-07T09:30:06.640000,99.9649953501624,200,00,@
AAPL,2025-02-07T09:30:06.660000,99.9659467762129,100,00,@
AAPL,2025-02-07T09:30:07.460000,99.965323621109,200,00,@
AAPL,2025-02-07T09:30:08.260000,99.96302278122765,10,00,@
AAPL,2025-02-07T09:30:08.460000,99.95784327657294,100,00,@
AAPL,2025-02-07T09:30:08.660000,99.9515335098635,20,00,@
AAPL,2025-02-07T09:30:09.460000,99.94734247612146,400,00,@
AAPL,2025-02-07T09:30:09.480000,99.94368463136959,200,00,@
AAPL,2025-02-07T09:30:10.280000,99.94286709110015,50,00,@
AAPL,2025-02-07T09:30:10.300000,99.94399440317866,100,00,@
AAPL,2025-02-07T09:30:11.100000,99.94642400736728,100,00,@
AAPL,2025-02-07T09:30:11.300000,99.94565270702473,100,00,@
AAPL,2025-02-07T09:30:11.380000,99.94369565839938,10,00,@
AAPL,2025-02-07T09:30:12.180000,99.94135072351631,50,00,@
AAPL,2025-02-07T09:30:12.260000,99.93825786932933,200,00,@
AAPL,2025-02-07T09:30:12.460000,99.93551075637885,50,00,@
AAPL,2025-02-07T09:30:12.660000,99.93149803946478,20,00,@
AAPL,2025-02-07T09:30:12.860000,99.9293775554779,10,00,@
AAPL,2025-02-07T09:30:12.940000,99.92944280109451,100,00,@
AAPL,2025-02-07T09:30:13.740000,99.92760675775963,200,00,@
AAPL,2025-02-07T09:30:13.760000,99.92954987011318,50,00,@
AAPL,2025-02-07T09:30:14.560000,99.93050291066623,100,00,@
AAPL,2025-02-07T09:30:14.760000,99.93335471679381,100,00,@
AAPL,2025-02-07T09:30:14.780000,99.9367713442377,200,00,@
AAPL,2025-02-07T09:30:14.980000,99.93722186959467,50,00,@
AAPL,2025-02-07T09:30:15.780000,99.93560574786629,50,00,@
AAPL,2025-02-07T09:30:16.580000,99.93476449088318,10,00,@
AAPL,2025-02-07T09:30:16.600000,99.93433069124691,100,00,@
AAPL,2025-02-07T09:30:17.400000,99.93252204156674,10,00,@
AAPL,2025-02-07T09:30:17.480000,99.92976382294371,200,00,@
AAPL,2025-02-07T09:30:17.500000,99.92866581310481,200,00,@
AAPL,2025-02-07T09:30:17.580000,99.92988824263988,100,00,@
AAPL,2025-02-07T09:30:17.600000,99.93035569842843,200,00,@
AAPL,2025-02-07T09:30:17.680000,99.92948826576732,50,00,@
AAPL,2025-02-07T09:30:17.880000,99.92833670226875,10,00,@
AAPL,2025-02-07T09:30:18.680000,99.92689819517396,10,00,@
AAPL,2025-02-07T09:30:18.880000,99.92509679271343,10,00,@
AAPL,2025-02-07T09:30:18.960000,99.92283375049115,10,00,@
AAPL,2025-02-07T09:30:19.760000,99.92096902637046,100,00,@
AAPL,2025-02-07T09:30:20.560000,99.91903951579577,50,00,@
AAPL,2025-02-07T09:30:20.640000,99.9185622991886,10,00,@
AAPL,2025-02-07T09:30:20.840000,99.91982026132152,10,00,@
AAPL,2025-02-07T09:30:20.860000,99.92187319042887,50,00,@
AAPL,2025-02-07T09:30:21.660000,99.92531372470825,200,00,@
AAPL,2025-02-07T09:30:21.860000,99.9286222576795,20,00,@
AAPL,2025-02-07T09:30:22.060000,99.9315643167137,200,00,@
AAPL,2025-02-07T09:30:22.860000,99.93478923238204,10,00,@
AAPL,2025-02-07T09:30:22.940000,99.93390343413438,10,00,@
AAPL,2025-02-07T09:30:23.020000,99.9321492047426,50,00,@
AAPL,2025-02-07T09:30:23.820000,99.9310735813077,50,00,@
AAPL,2025-02-07T09:30:23.900000,99.92840064390784,200,00,@
AAPL,2025-02-07T09:30:23.980000,99.92612879930296,200,00,@
AAPL,2025-02-07T09:30:24.780000,99.92752450172077,200,00,@
AAPL,2025-02-07T09:30:24.860000,99.92804279036771,200,00,@
AAPL,2025-02-07T09:30:25.660000,99.93120100488782,20,00,@
AAPL,2025-02-07T09:30:26.460000,99.9370070198823,20,00,@
AAPL,2025-02-07T09:30:26.480000,99.94222927300652,400,00,@
AAPL,2025-02-07T09:30:26.680000,99.94404905725905,10,00,@
AAPL,2025-02-07T09:30:26.700000,99.9473750853998,10,00,@
AAPL,2025-02-07T09:30:26.720000,99.94833080855507,10,00,@
AAPL,2025-02-07T09:30:26.920000,99.94835650216704,10,00,@
AAPL,2025-02-07T09:30:26.940000,99.95087354722112,10,00,@
AAPL,2025-02-07T09:30:26.960000,99.95498422809104,200,00,@
AAPL,2025-02-07T09:30:26.980000,99.9572096468923,10,00,@
AAPL,2025-02-07T09:30:27,99.96069938564104,200,00,@
AAPL,2025-02-07T09:30:27.080000,99.96086480414657,100,00,@
AAPL,2025-02-07T09:30:27.160000,99.96223605066587,50,00,@
AAPL,2025-02-07T09:30:27.240000,99.96201950828376,100,00,@
AAPL,2025-02-07T09:30:27.260000,99.95878514480427,400,00,@
AAPL,2025-02-07T09:30:28.060000,99.95376235728837,400,00,@
AAPL,2025-02-07T09:30:28.260000,99.94842095672973,200,00,@
AAPL,2025-02-07T09:30:29.060000,99.94128274701622,200,00,@
AAPL,2025-02-07T09:30:29.260000,99.93364803705086,100,00,@
AAPL,2025-02-07T09:30:30.060000,99.92587002185627,20,00,@
AAPL,2025-02-07T09:30:30.260000,99.91853633482324,100,00,@
AAPL,2025-02-07T09:30:30.460000,99.91229017844995,200,00,@
AAPL,2025-02-07T09:30:31.260000,99.90736819761713,400,00,@
AAPL,2025-02-07T09:30:31.340000,99.90679762517492,200,00,@
AAPL,2025-02-07T09:30:31.360000,99.9097460991887,50,00,@
AAPL,2025-02-07T09:30:31.380000,99.91216332348719,200,00,@
AAPL,2025-02-07T09:30:31.460000,99.91637032775897,400,00,@
AAPL,2025-02-07T09:30:31.480000,99.92061158272894,400,00,@
AAPL,2025-02-07T09:30:32.280000,99.92342639931013,400,00,@
AAPL,2025-02-07T09:30:32.300000,99.92638259057902,400,00,@
AAPL,2025-02-07T09:30:33.100000,99.92771087081829,200,00,@
AAPL,2025-02-07T09:30:33.120000,99.92637273495399,50,00,@
AAPL,2025-02-07T09:30:33.200000,99.92593366314757,50,00,@
AAPL,2025-02-07T09:30:33.280000,99.92863271812789,10,00,@
AAPL,2025-02-07T09:30:33.360000,99.92891362789506,10,00,@
AAPL,2025-02-07T09:30:34.160000,99.93125240270865,100,00,@
AAPL,2025-02-07T09:30:34.180000,99.93494557230181,400,00,@
AAPL,2025-02-07T09:30:34.980000,99.93858246681452,100,00,@
AAPL,2025-02-07T09:30:35.780000,99.94253401268088,100,00,@
AAPL,2025-02-07T09:30:35.980000,99.94773716948679,20,00,@
AAPL,2025-02-07T09:30:36.060000,99.95189974104461,400,00,@
AAPL,2025-02-07T09:30:36.140000,99.95412060149674,20,00,@
AAPL,2025-02-07T09:30:36.340000,99.95812428180157,200,00,@
AAPL,2025-02-07T09:30:36.360000,99.96066313224856,100,00,@
AAPL,2025-02-07T09:30:36.440000,99.96594969829145,400,00,@
AAPL,2025-02-07T09:30:37.240000,99.97036571727101,400,00,@
AAPL,2025-02-07T09:30:37.320000,99.97367388179318,100,00,@
AAPL,2025-02-07T09:30:38.120000,99.97799492554569,100,00,@
AAPL,2025-02-07T09:30:38.320000,99.98047688131403,50,00,@
AAPL,2025-02-07T09:30:38.520000,99.98423330931372,50,00,@
AAPL,2025-02-07T09:30:38.540000,99.98749266953341,100,00,@
AAPL,2025-02-07T09:30:38.740000,99.99029770866476,200,00,@
AAPL,2025-02-10T09:30:00.080000,100.0000627551178,100,00,@
AAPL,2025-02-10T09:30:00.280000,100.00001671197472,200,00,@
AAPL,2025-02-10T09:30:00.360000,100.000054986094,200,00,@
AAPL,2025-02-10T09:30:01.160000,100.00115930356964,200,00,@
AAPL,2025-02-10T09:30:01.240000,100.00136731249299,50,00,@
AAPL,2025-02-10T09:30:01.320000,100.00199554195544,100,00,@
AAPL,2025-02-10T09:30:01.340000,100.00417581921432,200,00,@
AAPL,2025-02-10T09:30:01.540000,100.00751354695684,200,00,@
AAPL,2025-02-10T09:30:02.340000,100.01090147670239,10,00,@
AAPL,2025-02-10T09:30:02.540000,100.01319770547792,10,00,@
AAPL,2025-02-10T09:30:03.340000,100.01257596112498,50,00,@
AAPL,2025-02-10T09:30:03.360000,100.01240777332698,200,00,@
AAPL,2025-02-10T09:30:03.380000,100.0109981827545,200,00,@
AAPL,2025-02-10T09:30:03.400000,100.01206891364617,50,00,@
AAPL,2025-02-10T09:30:04.200000,100.01143952125,100,00,@
AAPL,2025-02-10T09:30:04.280000,100.00964396894224,50,00,@
AAPL,2025-02-10T09:30:05.080000,100.00934192451767,10,00,@
AAPL,2025-02-10T09:30:05.880000,100.00937580279822,200,00,@
AAPL,2025-02-10T09:30:06.080000,100.01069654957948,100,00,@
AAPL,2025-02-10T09:30:06.100000,100.01407565029176,50,00,@
AAPL,2025-02-10T09:30:06.180000,100.01618548636016,10,00,@
AAPL,2025-02-10T09:30:06.980000,100.01487406048413,50,00,@
AAPL,2025-02-10T09:30:07.060000,100.01254765820875,100,00,@
AAPL,2025-02-10T09:30:07.140000,100.0087586684389,100,00,@
AAPL,2025-02-10T09:30:07.340000,100.00527923009838,20,00,@
AAPL,2025-02-10T09:30:07.360000,100.00332065127598,200,00,@
AAPL,2025-02-10T09:30:07.440000,100.0020448650942,50,00,@
AAPL,2025-02-10T09:30:07.520000,99.99812064119591,200,00,@
AAPL,2025-02-10T09:30:07.600000,99.99696477517142,100,00,@
AAPL,2025-02-10T09:30:08.400000,99.99385826768828,100,00,@
AAPL,2025-02-10T09:30:08.600000,99.99177340401478,50,00,@
AAPL,2025-02-10T09:30:08.680000,99.98837054687174,10,00,@
AAPL,2025-02-10T09:30:08.760000,99.98606524901568,50,00,@
AAPL,2025-02-10T09:30:08.840000,99.98468478325688,10,00,@
AAPL,2025-02-10T09:30:09.040000,99.9825754254291,10,00,@
AAPL,2025-02-10T09:30:09.840000,99.97839468597334,200,00,@
AAPL,2025-02-10T09:30:09.860000,99.97546273675573,10,00,@
AAPL,2025-02-10T09:30:10.060000,99.97484506447783,10,00,@
AAPL,2025-02-10T09:30:10.260000,99.97394960703905,10,00,@
AAPL,2025-02-10T09:30:10.280000,99.97124721056046,100,00,@
AAPL,2025-02-10T09:30:10.360000,99.97297806622153,10,00,@
AAPL,2025-02-10T09:30:10.560000,99.97466910786135,100,00,@
AAPL,2025-02-10T09:30:10.580000,99.9768598157677,200,00,@
AAPL,2025-02-10T09:30:10.660000,99.98090284665949,100,00,@
AAPL,2025-02-10T09:30:10.680000,99.98168810879005,100,00,@
AAPL,2025-02-10T09:30:10.760000,99.97920843279745,100,00,@
AAPL,2025-02-10T09:30:11.560000,99.97752660807215,200,00,@
AAPL,2025-02-10T09:30:12.360000,99.97361133875629,100,00,@
AAPL,2025-02-10T09:30:12.440000,99.96938149942774,200,00,@
AAPL,2025-02-10T09:30:12.520000,99.9661821100887,400,00,@
AAPL,2025-02-10T09:30:12.540000,99.96395494054187,100,00,@
AAPL,2025-02-10T09:30:12.620000,99.96387086046532,50,00,@
AAPL,2025-02-10T09:30:13.420000,99.96218214982486,10,00,@
AAPL,2025-02-10T09:30:13.440000,99.96081925981471,200,00,@
AAPL,2025-02-10T09:30:13.520000,99.95831808022324,100,00,@
AAPL,2025-02-10T09:30:13.600000,99.95413004129239,200,00,@
AAPL,2025-02-10T09:30:13.620000,99.9488703164124,200,00,@
AAPL,2025-02-10T09:30:13.640000,99.94253030772816,200,00,@
AAPL,2025-02-10T09:30:13.840000,99.93956095353033,200,00,@
AAPL,2025-02-10T09:30:13.860000,99.93855769673792,100,00,@
AAPL,2025-02-10T09:30:13.940000,99.94089799252833,100,00,@
AAPL,2025-02-10T09:30:13.960000,99.94210475567422,50,00,@
AAPL,2025-02-10T09:30:14.760000,99.94495821424667,20,00,@
AAPL,2025-02-10T09:30:14.780000,99.94757163899133,200,00,@
AAPL,2025-02-10T09:30:15.580000,99.94495788146949,50,00,@
AAPL,2025-02-10T09:30:15.660000,99.9454225593598,100,00,@
AAPL,2025-02-10T09:30:16.460000,99.94820584328438,100,00,@
AAPL,2025-02-10T09:30:17.260000,99.95146627761788,50,00,@
AAPL,2025-02-10T09:30:17.340000,99.95402480138517,100,00,@
AAPL,2025-02-10T09:30:17.540000,99.95386712657091,50,00,@
AAPL,2025-02-10T09:30:17.620000,99.9532147459692,100,00,@
AAPL,2025-02-10T09:30:17.640000,99.95111264652715,200,00,@
AAPL,2025-02-10T09:30:18.440000,99.95114909993218,200,00,@
AAPL,2025-02-10T09:30:18.640000,99.951716801734,100,00,@
AAPL,2025-02-10T09:30:18.660000,99.9508374495123,10,00,@
AAPL,2025-02-10T09:30:18.680000,99.94987671948,200,00,@
AAPL,2025-02-10T09:30:18.760000,99.94408023476474,100,00,@
AAPL,2025-02-10T09:30:18.840000,99.94271551095413,100,00,@
AAPL,2025-02-10T09:30:18.860000,99.93977503842245,10,00,@
AAPL,2025-02-10T09:30:19.060000,99.93944165035359,200,00,@
AAPL,2025-02-10T09:30:19.860000,99.93989477496667,50,00,@
AAPL,2025-02-10T09:30:19.940000,99.94322007224558,10,00,@
AAPL,2025-02-10T09:30:19.960000,99.9441399841043,100,00,@
AAPL,2025-02-10T09:30:19.980000,99.9459227350557,100,00,@
AAPL,2025-02-10T09:30:20.180000,99.94967696744807,400,00,@
AAPL,2025-02-10T09:30:20.980000,99.95515521113026,100,00,@
AAPL,2025-02-10T09:30:21.780000,99.96175929075557,200,00,@
AAPL,2025-02-10T09:30:21.800000,99.96786796273851,20,00,@
AAPL,2025-02-10T09:30:21.880000,99.97028974193941,20,00,@
AAPL,2025-02-10T09:30:22.680000,99.97298323892315,10,00,@
AAPL,2025-02-10T09:30:22.700000,99.97730121583584,400,00,@
AAPL,2025-02-10T09:30:22.720000,99.97909320231916,200,00,@
AAPL,2025-02-10T09:30:23.520000,99.98034007008427,50,00,@
AAPL,2025-02-10T09:30:23.720000,99.97906187352746,50,00,@
AAPL,2025-02-10T09:30:24.520000,99.9798873243869,200,00,@
AAPL,2025-02-10T09:30:25.320000,99.97755204899767,100,00,@
AAPL,2025-02-10T09:30:26.120000,99.9747229280171,100,00,@
AAPL,2025-02-10T09:30:26.140000,99.97142112104918,10,00,@
AAPL,2025-02-10T09:30:26.220000,99.97059159835267,10,00,@
AAPL,2025-02-10T09:30:26.240000,99.96984243004967,50,00,@
AAPL,2025-02-10T09:30:26.260000,99.96580243149833,100,00,@
AAPL,2025-02-10T09:30:26.460000,99.96607248771758,50,00,@
AAPL,2025-02-10T09:30:26.540000,99.9661832755361,100,00,@
AAPL,2025-02-10T09:30:26.620000,99.96550557318821,200,00,@
AAPL,2025-02-10T09:30:26.700000,99.96645840232357,50,00,@
AAPL,2025-02-10T09:30:26.720000,99.96859764356597,100,00,@
AAPL,2025-02-10T09:30:26.800000,99.97224824378598,400,00,@
AAPL,2025-02-10T09:30:27,99.97466139449399,20,00,@
AAPL,2025-02-10T09:30:27.080000,99.98229536398966,100,00,@
AAPL,2025-02-10T09:30:27.880000,99.9859110062146,200,00,@
AAPL,2025-02-10T09:30:27.900000,99.98895777727354,100,00,@
AAPL,2025-02-10T09:30:27.920000,99.98916823349892,10,00,@
AAPL,2025-02-10T09:30:28.720000,99.99021606070181,50,00,@
AAPL,2025-02-10T09:30:29.520000,99.9934476379008,20,00,@
AAPL,2025-02-10T09:30:29.720000,99.996762706249,200,00,@
AAPL,2025-02-10T09:30:29.740000,99.99868982088975,10,00,@
AAPL,2025-02-10T09:30:29.940000,100.00168405160117,20,00,@
AAPL,2025-02-10T09:30:30.020000,100.00702993570289,100,00,@
AAPL,2025-02-10T09:30:30.820000,100.01389470291761,400,00,@
AAPL,2025-02-10T09:30:30.840000,100.02014496993213,20,00,@
AAPL,2025-02-10T09:30:30.860000,100.02569575305887,100,00,@
AAPL,2025-02-10T09:30:30.940000,100.02740937498908,10,00,@
AAPL,2025-02-10T09:30:31.020000,100.0329718177424,20,00,@
AAPL,2025-02-10T09:30:31.820000,100.03642061329474,20,00,@
AAPL,2025-02-10T09:30:32.020000,100.03698985504904,100,00,@
AAPL,2025-02-10T09:30:32.040000,100.0368153293438,50,00,@
AAPL,2025-02-10T09:30:32.240000,100.03781279209306,10,00,@
AAPL,2025-02-10T09:30:33.040000,100.03761740369251,100,00,@
AAPL,2025-02-11T09:30:00.200000,99.99867637481987,200,00,@
AAPL,2025-02-11T09:30:00.400000,99.99982336482775,200,00,@
AAPL,2025-02-11T09:30:01.200000,99.99900238726325,200,00,@
AAPL,2025-02-11T09:30:01.400000,99.99749770750958,100,00,@
AAPL,2025-02-11T09:30:01.600000,99.99590176450938,10,00,@
AAPL,2025-02-11T09:30:01.680000,99.99637423783358,50,00,@
AAPL,2025-02-11T09:30:01.760000,99.99696394245473,200,00,@
AAPL,2025-02-11T09:30:02.560000,99.99519705530643,100,00,@
AAPL,2025-02-11T09:30:02.760000,99.9943771897738,10,00,@
AAPL,2025-02-11T09:30:02.960000,99.98979776994277,50,00,@
AAPL,2025-02-11T09:30:03.760000,99.98574598532956,400,00,@
AAPL,2025-02-11T09:30:03.960000,99.98223534044193,400,00,@
AAPL,2025-02-11T09:30:04.160000,99.97887729718225,10,00,@
AAPL,2025-02-11T09:30:04.360000,99.97596123408867,400,00,@
AAPL,2025-02-11T09:30:04.380000,99.97390895109798,50,00,@
AAPL,2025-02-11T09:30:04.460000,99.97244919441238,10,00,@
AAPL,2025-02-11T09:30:04.540000,99.97071433698639,200,00,@
AAPL,2025-02-11T09:30:04.560000,99.97196185198639,100,00,@
AAPL,2025-02-11T09:30:05.360000,99.97627965170177,400,00,@
AAPL,2025-02-11T09:30:05.380000,99.98049353823174,200,00,@
AAPL,2025-02-11T09:30:05.400000,99.98315905053929,50,00,@
AAPL,2025-02-11T09:30:05.480000,99.98386482307266,50,00,@
AAPL,2025-02-11T09:30:05.560000,99.98289090087837,10,00,@
AAPL,2025-02-11T09:30:06.360000,99.98120329905159,200,00,@
AAPL,2025-02-11T09:30:06.560000,99.98475036749547,100,00,@
AAPL,2025-02-11T09:30:06.760000,99.98425561606696,10,00,@
AAPL,2025-02-11T09:30:06.840000,99.98337755184075,200,00,@
AAPL,2025-02-11T09:30:07.040000,99.98497633904849,50,00,@
AAPL,2025-02-11T09:30:07.060000,99.98676855133294,200,00,@
AAPL,2025-02-11T09:30:07.860000,99.9858796941355,10,00,@
AAPL,2025-02-11T09:30:08.060000,99.98890013127539,50,00,@
AAPL,2025-02-11T09:30:08.140000,99.98892648142116,100,00,@
AAPL,2025-02-11T09:30:08.160000,99.98880203899043,50,00,@
AAPL,2025-02-11T09:30:08.180000,99.9889155554251,10,00,@
AAPL,2025-02-11T09:30:08.200000,99.98790196775077,50,00,@
AAPL,2025-02-11T09:30:09,99.9881200069803,50,00,@
AAPL,2025-02-11T09:30:09.080000,99.986713447028,200,00,@
AAPL,2025-02-11T09:30:09.880000,99.98548389983495,200,00,@
AAPL,2025-02-11T09:30:09.900000,99.98073781625249,20,00,@
AAPL,2025-02-11T09:30:10.100000,99.97516984136448,400,00,@
AAPL,2025-02-11T09:30:10.900000,99.97119018917286,400,00,@
AAPL,2025-02-11T09:30:11.100000,99.96740254317857,400,00,@
AAPL,2025-02-11T09:30:11.900000,99.96560226808145,200,00,@
AAPL,2025-02-11T09:30:12.100000,99.96254607695116,200,00,@
AAPL,2025-02-11T09:30:12.180000,99.95883185570688,400,00,@
AAPL,2025-02-11T09:30:12.380000,99.95967694550447,200,00,@
AAPL,2025-02-11T09:30:12.460000,99.9591143848841,10,00,@
AAPL,2025-02-11T09:30:12.660000,99.96042865363525,100,00,@
AAPL,2025-02-11T09:30:12.860000,99.95926400848703,50,00,@
AAPL,2025-02-11T09:30:13.060000,99.95799346230967,100,00,@
AAPL,2025-02-11T09:30:13.140000,99.95508360957696,200,00,@
AAPL,2025-02-11T09:30:13.160000,99.95628077118218,200,00,@
AAPL,2025-02-11T09:30:13.960000,99.95940799646652,50,00,@
AAPL,2025-02-11T09:30:14.160000,99.96290260001766,20,00,@
AAPL,2025-02-11T09:30:14.180000,99.9664635097643,20,00,@
AAPL,2025-02-11T09:30:14.260000,99.966429357288,100,00,@
AAPL,2025-02-11T09:30:14.460000,99.96484664993385,100,00,@
AAPL,2025-02-11T09:30:15.260000,99.96149308241564,100,00,@
AAPL,2025-02-11T09:30:15.340000,99.95965218225949,20,00,@
AAPL,2025-02-11T09:30:15.360000,99.95597471202608,400,00,@
AAPL,2025-02-11T09:30:15.560000,99.95351873317793,200,00,@
AAPL,2025-02-11T09:30:15.580000,99.94924696320213,100,00,@
AAPL,2025-02-11T09:30:15.660000,99.94486942145093,200,00,@
AAPL,2025-02-11T09:30:15.680000,99.94294438311665,200,00,@
AAPL,2025-02-11T09:30:15.880000,99.93789747218067,20,00,@
AAPL,2025-02-11T09:30:15.960000,99.93372051855032,400,00,@
AAPL,2025-02-11T09:30:16.040000,99.93049488928861,20,00,@
AAPL,2025-02-11T09:30:16.060000,99.92842581421436,100,00,@
AAPL,2025-02-11T09:30:16.260000,99.92854985272615,10,00,@
AAPL,2025-02-11T09:30:17.060000,99.9281568595036,100,00,@
AAPL,2025-02-11T09:30:17.080000,99.9300723455339,10,00,@
AAPL,2025-02-11T09:30:17.880000,99.93246682268894,10,00,@
AAPL,2025-02-11T09:30:17.900000,99.93272285066752,100,00,@
AAPL,2025-02-11T09:30:18.700000,99.93357605906469,200,00,@
AAPL,2025-02-11T09:30:18.780000,99.9354512930029,10,00,@
AAPL,2025-02-11T09:30:18.860000,99.93458594606314,100,00,@
AAPL,2025-02-11T09:30:18.940000,99.9358511430772,10,00,@
AAPL,2025-02-11T09:30:18.960000,99.9323083330528,400,00,@
AAPL,2025-02-11T09:30:19.040000,99.92691609528512,100,00,@
AAPL,2025-02-11T09:30:19.120000,99.92476987859183,200,00,@
AAPL,2025-02-11T09:30:19.140000,99.92526814898294,100,00,@
AAPL,2025-02-11T09:30:19.160000,99.92469764019172,50,00,@
AAPL,2025-02-11T09:30:19.960000,99.923141358582,100,00,@
AAPL,2025-02-11T09:30:20.040000,99.92027934872024,100,00,@
AAPL,2025-02-11T09:30:20.060000,99.91582436201878,400,00,@
AAPL,2025-02-11T09:30:20.860000,99.90937973867712,100,00,@
AAPL,2025-02-11T09:30:21.660000,99.90524649141662,200,00,@
AAPL,2025-02-11T09:30:21.860000,99.90219001202539,100,00,@
AAPL,2025-02-11T09:30:22.060000,99.89877240435554,10,00,@
AAPL,2025-02-11T09:30:22.140000,99.89720299851678,50,00,@
AAPL,2025-02-11T09:30:22.340000,99.8954186336459,200,00,@
AAPL,2025-02-11T09:30:22.420000,99.89359498836751,10,00,@
AAPL,2025-02-11T09:30:23.220000,99.89320372967615,50,00,@
AAPL,2025-02-11T09:30:23.240000,99.8925800023769,10,00,@
AAPL,2025-02-11T09:30:24.040000,99.8907791790335,100,00,@
AAPL,2025-02-11T09:30:24.240000,99.89038348949647,200,00,@
AAPL,2025-02-11T09:30:25.040000,99.88990676170204,10,00,@
AAPL,2025-02-11T09:30:25.240000,99.88968397884287,200,00,@
AAPL,2025-02-11T09:30:25.440000,99.89270772837494,10,00,@
AAPL,2025-02-11T09:30:25.460000,99.89673954614194,100,00,@
AAPL,2025-02-11T09:30:25.660000,99.8967636605616,10,00,@
AAPL,2025-02-11T09:30:25.740000,99.89808340737905,50,00,@
AAPL,2025-02-11T09:30:25.760000,99.89922096439918,10,00,@
AAPL,2025-02-11T09:30:25.960000,99.89986534796715,50,00,@
AAPL,2025-02-11T09:30:26.160000,99.89798587018414,100,00,@
AAPL,2025-02-11T09:30:26.180000,99.89526324138247,100,00,@
AAPL,2025-02-11T09:30:26.380000,99.8894129434576,200,00,@
AAPL,2025-02-11T09:30:26.400000,99.88310344936033,100,00,@
AAPL,2025-02-11T09:30:26.600000,99.87756780526396,400,00,@
AAPL,2025-02-11T09:30:27.400000,99.87454537944083,20,00,@
AAPL,2025-02-11T09:30:28.200000,99.87049100972351,20,00,@
AAPL,2025-02-11T09:30:28.280000,99.86643207141229,200,00,@
AAPL,2025-02-11T09:30:28.360000,99.86422844554637,50,00,@
AAPL,2025-02-11T09:30:28.440000,99.86183367485448,50,00,@
AAPL,2025-02-11T09:30:29.240000,99.8602570917074,200,00,@
AAPL,2025-02-11T09:30:30.040000,99.8583530753329,10,00,@
AAPL,2025-02-11T09:30:30.060000,99.85857118953095,200,00,@
AAPL,2025-02-11T09:30:30.140000,99.85556005414227,50,00,@
AAPL,2025-02-11T09:30:30.340000,99.85639966103707,100,00,@
AAPL,2025-02-11T09:30:31.140000,99.85500878723748,10,00,@
AAPL,2025-02-11T09:30:31.220000,99.85313799665279,200,00,@
AAPL,2025-02-11T09:30:32.020000,99.85129730257918,100,00,@
AAPL,2025-02-11T09:30:32.820000,99.8507483201146,100,00,@
AAPL,2025-02-11T09:30:32.840000,99.84850933012876,200,00,@
AAPL,2025-02-11T09:30:33.640000,99.8465831467365,100,00,@
AAPL,2025-02-11T09:30:33.840000,99.8449907933477,50,00,@
AAPL,2025-02-11T09:30:33.920000,99.84365077645869,100,00,@
AAPL,2025-02-11T09:30:33.940000,99.84360808357683,200,00,@
AAPL,2025-02-12T09:30:00.020000,100.00251484232818,200,00,@
AAPL,2025-02-12T09:30:00.820000,100.00368548235635,100,00,@
AAPL,2025-02-12T09:30:00.900000,100.00371653538791,100,00,@
AAPL,2025-02-12T09:30:01.700000,100.00240758428028,50,00,@
AAPL,2025-02-12T09:30:01.900000,100.00205976158696,200,00,@
AAPL,2025-02-12T09:30:02.100000,100.00087017411533,50,00,@
AAPL,2025-02-12T09:30:02.900000,99.9974726226585,50,00,@
AAPL,2025-02-12T09:30:02.920000,99.99334978949437,100,00,@
AAPL,2025-02-12T09:30:02.940000,99.98947440288113,100,00,@
AAPL,2025-02-12T09:30:03.020000,99.98518191718264,400,00,@
AAPL,2025-02-12T09:30:03.040000,99.98359888458786,10,00,@
AAPL,2025-02-12T09:30:03.120000,99.98139591271098,100,00,@
AAPL,2025-02-12T09:30:03.320000,99.98212355977275,10,00,@
AAPL,2025-02-12T09:30:03.400000,99.98196243830137,200,00,@
AAPL,2025-02-12T09:30:03.420000,99.98428021471548,10,00,@
AAPL,2025-02-12T09:30:03.500000,99.98679419044811,100,00,@
AAPL,2025-02-12T09:30:04.300000,99.98821274813548,200,00,@
AAPL,2025-02-12T09:30:04.380000,99.9900269733752,100,00,@
AAPL,2025-02-12T09:30:05.180000,99.99238521418697,200,00,@
AAPL,2025-02-12T09:30:05.380000,99.99226154741396,10,00,@
AAPL,2025-02-12T09:30:05.580000,99.99306525126995,50,00,@
AAPL,2025-02-12T09:30:05.600000,99.99352349737866,100,00,@
AAPL,2025-02-12T09:30:05.800000,99.99327759025478,100,00,@
AAPL,2025-02-12T09:30:05.820000,99.99479319216263,50,00,@
AAPL,2025-02-12T09:30:05.840000,99.99274081626143,10,00,@
AAPL,2025-02-12T09:30:05.860000,99.99050532038372,10,00,@
AAPL,2025-02-12T09:30:06.060000,99.99145596368477,50,00,@
AAPL,2025-02-12T09:30:06.080000,99.99488413060777,400,00,@
AAPL,2025-02-12T09:30:06.160000,99.9953305618674,10,00,@
AAPL,2025-02-12T09:30:06.180000,99.99586926966786,200,00,@
AAPL,2025-02-12T09:30:06.200000,99.99748246763546,50,00,@
AAPL,2025-02-12T09:30:06.280000,99.99546712488566,50,00,@
AAPL,2025-02-12T09:30:06.360000,99.9932660551249,100,00,@
AAPL,2025-02-12T09:30:06.440000,99.98908537675186,200,00,@
AAPL,2025-02-12T09:30:06.460000,99.98593588417846,200,00,@
AAPL,2025-02-12T09:30:06.480000,99.98255997924944,200,00,@
AAPL,2025-02-12T09:30:06.680000,99.98266720964969,100,00,@
AAPL,2025-02-12T09:30:06.700000,99.98648192574791,10,00,@
AAPL,2025-02-12T09:30:06.720000,99.99182174591827,400,00,@
AAPL,2025-02-12T09:30:06.920000,99.99641743456482,20,00,@
AAPL,2025-02-12T09:30:06.940000,100.0006763938539,100,00,@
AAPL,2025-02-12T09:30:07.020000,100.0024935183773,100,00,@
AAPL,2025-02-12T09:30:07.220000,100.0042820053577,100,00,@
AAPL,2025-02-12T09:30:07.240000,100.00866463964671,200,00,@
AAPL,2025-02-12T09:30:07.260000,100.01129665561874,50,00,@
AAPL,2025-02-12T09:30:07.340000,100.0135519913622,100,00,@
AAPL,2025-02-12T09:30:07.420000,100.0143132030107,50,00,@
AAPL,2025-02-12T09:30:08.220000,100.01521828056127,10,00,@
AAPL,2025-02-12T09:30:08.420000,100.01754601707286,50,00,@
AAPL,2025-02-12T09:30:09.220000,100.02246358270745,20,00,@
AAPL,2025-02-12T09:30:09.420000,100.02052325763289,10,00,@
AAPL,2025-02-12T09:30:09.500000,100.02014663866191,50,00,@
AAPL,2025-02-12T09:30:09.580000,100.01847966475124,100,00,@
AAPL,2025-02-12T09:30:09.600000,100.0163747170898,50,00,@
AAPL,2025-02-12T09:30:09.620000,100.01557913166604,50,00,@
AAPL,2025-02-12T09:30:09.820000,100.01349733186338,200,00,@
AAPL,2025-02-12T09:30:10.020000,100.01244623788078,100,00,@
AAPL,2025-02-12T09:30:10.820000,100.00869326642587,50,00,@
AAPL,2025-02-12T09:30:11.020000,100.00614326809205,50,00,@
AAPL,2025-02-12T09:30:11.100000,100.00402576193117,200,00,@
AAPL,2025-02-12T09:30:11.120000,99.99989204997651,50,00,@
AAPL,2025-02-12T09:30:11.140000,99.99997450965846,100,00,@
AAPL,2025-02-12T09:30:11.220000,99.99991169622302,200,00,@
AAPL,2025-02-12T09:30:11.240000,99.99992087090153,100,00,@
AAPL,2025-02-12T09:30:11.440000,99.99865191629034,50,00,@
AAPL,2025-02-12T09:30:11.520000,99.9976156623172,10,00,@
AAPL,2025-02-12T09:30:11.720000,99.99769454335241,200,00,@
AAPL,2025-02-12T09:30:11.740000,99.99922009648847,200,00,@
AAPL,2025-02-12T09:30:12.540000,99.9984590211261,100,00,@
AAPL,2025-02-12T09:30:12.560000,99.99855969261836,100,00,@
AAPL,2025-02-12T09:30:12.760000,99.99790700347428,10,00,@
AAPL,2025-02-12T09:30:12.960000,99.99890719601929,200,00,@
AAPL,2025-02-12T09:30:12.980000,100.00058401393049,200,00,@
AAPL,2025-02-12T09:30:13.060000,100.00260332908596,100,00,@
AAPL,2025-02-12T09:30:13.860000,100.00402193079842,200,00,@
AAPL,2025-02-12T09:30:14.060000,100.00546494269776,100,00,@
AAPL,2025-02-12T09:30:14.860000,100.00680153862697,100,00,@
AAPL,2025-02-12T09:30:14.880000,100.00925459533549,200,00,@
AAPL,2025-02-12T09:30:15.680000,100.01289214546354,200,00,@
AAPL,2025-02-12T09:30:15.700000,100.01437278316078,200,00,@
AAPL,2025-02-12T09:30:16.500000,100.01585177679682,50,00,@
AAPL,2025-02-12T09:30:17.300000,100.01656110945302,100,00,@
AAPL,2025-02-12T09:30:17.380000,100.01699986588096,50,00,@
AAPL,2025-02-12T09:30:17.400000,100.01628018605429,200,00,@
AAPL,2025-02-12T09:30:18.200000,100.01757625727778,50,00,@
AAPL,2025-02-12T09:30:18.400000,100.01775531474918,10,00,@
AAPL,2025-02-12T09:30:18.480000,100.01798211961234,100,00,@
AAPL,2025-02-12T09:30:19.280000,100.01838591263954,10,00,@
AAPL,2025-02-12T09:30:19.300000,100.01891219504907,50,00,@
AAPL,2025-02-12T09:30:19.380000,100.01846116011473,50,00,@
AAPL,2025-02-12T09:30:19.400000,100.02189672442738,100,00,@
AAPL,2025-02-12T09:30:19.600000,100.02393377994112,50,00,@
AAPL,2025-02-12T09:30:19.620000,100.02835208675815,200,00,@
AAPL,2025-02-12T09:30:19.820000,100.0315281144364,10,00,@
AAPL,2025-02-12T09:30:19.900000,100.03389938388415,200,00,@
AAPL,2025-02-12T09:30:19.980000,100.03431913779617,200,00,@
AAPL,2025-02-12T09:30:20.780000,100.03531886950663,200,00,@
AAPL,2025-02-12T09:30:21.580000,100.03645671597178,10,00,@
AAPL,2025-02-12T09:30:21.660000,100.0356084363301,50,00,@
AAPL,2025-02-12T09:30:21.740000,100.03406040989782,100,00,@
AAPL,2025-02-12T09:30:21.760000,100.03414459909827,50,00,@
AAPL,2025-02-12T09:30:21.840000,100.0338342777209,200,00,@
AAPL,2025-02-12T09:30:21.920000,100.03580454527567,100,00,@
AAPL,2025-02-12T09:30:22.120000,100.03872358439689,50,00,@
AAPL,2025-02-12T09:30:22.200000,100.04055902332439,10,00,@
AAPL,2025-02-12T09:30:22.400000,100.0459057670302,100,00,@
AAPL,2025-02-12T09:30:22.600000,100.05051160546405,20,00,@
AAPL,2025-02-12T09:30:22.620000,100.04995322978338,50,00,@
AAPL,2025-02-12T09:30:23.420000,100.05029739884965,10,00,@
AAPL,2025-02-12T09:30:23.620000,100.04997875424701,100,00,@
AAPL,2025-02-12T09:30:23.640000,100.04890879039672,100,00,@
AAPL,2025-02-12T09:30:23.720000,100.04844072213038,50,00,@
AAPL,2025-02-12T09:30:23.920000,100.04911244958421,100,00,@
AAPL,2025-02-12T09:30:24,100.04600044772432,100,00,@
AAPL,2025-02-12T09:30:24.200000,100.04296828312725,10,00,@
AAPL,2025-02-12T09:30:25,100.03906599775216,10,00,@
AAPL,2025-02-12T09:30:25.020000,100.03692954201424,200,00,@
AAPL,2025-02-12T09:30:25.040000,100.03534066384107,200,00,@
AAPL,2025-02-12T09:30:25.060000,100.03357650258538,100,00,@
AAPL,2025-02-12T09:30:25.260000,100.03308346327758,200,00,@
AAPL,2025-02-12T09:30:25.280000,100.0330722570571,50,00,@
AAPL,2025-02-12T09:30:25.480000,100.03345992902246,50,00,@
AAPL,2025-02-12T09:30:25.560000,100.03897309174995,200,00,@
AAPL,2025-02-12T09:30:25.760000,100.0461972609473,400,00,@
AAPL,2025-02-12T09:30:25.960000,100.05107650256862,20,00,@
AAPL,2025-02-12T09:30:26.760000,100.05611767202953,100,00,@
AAPL,2025-02-12T09:30:27.560000,100.05949098467471,400,00,@
AAPL,2025-02-12T09:30:27.760000,100.06248838607308,20,00,@
AAPL,2025-02-13T09:30:00.020000,100.00224704554248,100,00,@
AAPL,2025-02-13T09:30:00.040000,100.00530266094911,200,00,@
AAPL,2025-02-13T09:30:00.840000,100.0085838636464,100,00,@
AAPL,2025-02-13T09:30:01.640000,100.01037244814191,50,00,@
AAPL,2025-02-13T09:30:02.440000,100.0085609428501,50,00,@
AAPL,2025-02-13T09:30:02.460000,100.00430149864458,200,00,@
AAPL,2025-02-13T09:30:02.480000,100.0027189255475,200,00,@
AAPL,2025-02-13T09:30:03.280000,100.00045502099562,200,00,@
AAPL,2025-02-13T09:30:03.300000,100.00032520772123,10,00,@
AAPL,2025-02-13T09:30:03.500000,100.00126448149229,100,00,@
AAPL,2025-02-13T09:30:03.580000,99.99913201719752,100,00,@
AAPL,2025-02-13T09:30:03.660000,99.99651613903988,10,00,@
AAPL,2025-02-13T09:30:03.680000,99.99449513405466,10,00,@
AAPL,2025-02-13T09:30:03.760000,99.994162881101,10,00,@
AAPL,2025-02-13T09:30:03.840000,99.9980608568946,400,00,@
AAPL,2025-02-13T09:30:04.040000,99.99768500404119,50,00,@
AAPL,2025-02-13T09:30:04.240000,100.00109144741924,50,00,@
AAPL,2025-02-13T09:30:05.040000,100.00533764433683,100,00,@
AAPL,2025-02-13T09:30:05.060000,100.00541910095801,10,00,@
AAPL,2025-02-13T09:30:05.860000,100.00649048284309,50,00,@
AAPL,2025-02-13T09:30:05.880000,100.00931547771253,50,00,@
AAPL,2025-02-13T09:30:05.960000,100.01363882919028,400,00,@
AAPL,2025-02-13T09:30:06.760000,100.01342011275321,200,00,@
AAPL,2025-02-13T09:30:06.840000,100.01532357143535,10,00,@
AAPL,2025-02-13T09:30:06.920000,100.01693933048278,50,00,@
AAPL,2025-02-13T09:30:06.940000,100.01897892641699,10,00,@
AAPL,2025-02-13T09:30:07.740000,100.01728987374344,50,00,@
AAPL,2025-02-13T09:30:07.820000,100.01574607700715,50,00,@
AAPL,2025-02-13T09:30:07.840000,100.0158904537702,200,00,@
AAPL,2025-02-13T09:30:08.040000,100.0148176225778,50,00,@
AAPL,2025-02-13T09:30:08.060000,100.01719960316974,200,00,@
AAPL,2025-02-13T09:30:08.260000,100.0180402652493,200,00,@
AAPL,2025-02-13T09:30:08.340000,100.0153131894347,50,00,@
AAPL,2025-02-13T09:30:09.140000,100.01407997835838,200,00,@
AAPL,2025-02-13T09:30:09.340000,100.01484371665973,200,00,@
AAPL,2025-02-13T09:30:09.420000,100.01444490247708,200,00,@
AAPL,2025-02-13T09:30:09.500000,100.01570603965529,10,00,@
AAPL,2025-02-13T09:30:09.580000,100.01512083377976,10,00,@
AAPL,2025-02-13T09:30:09.780000,100.01708990765376,10,00,@
AAPL,2025-02-13T09:30:09.860000,100.01923574518975,100,00,@
AAPL,2025-02-13T09:30:09.880000,100.02147662348494,10,00,@
AAPL,2025-02-13T09:30:10.680000,100.02320114361468,10,00,@
AAPL,2025-02-13T09:30:10.760000,100.02648916458993,20,00,@
AAPL,2025-02-13T09:30:10.960000,100.02901251730414,200,00,@
AAPL,2025-02-13T09:30:11.760000,100.03056711890936,200,00,@
AAPL,2025-02-13T09:30:11.960000,100.03458320674584,20,00,@
AAPL,2025-02-13T09:30:11.980000,100.03611964902885,10,00,@
AAPL,2025-02-13T09:30:12.180000,100.03787352703455,200,00,@
AAPL,2025-02-13T09:30:12.200000,100.0418049467291,200,00,@
AAPL,2025-02-13T09:30:12.280000,100.04515969335428,20,00,@
AAPL,2025-02-13T09:30:12.480000,100.04868529196207,100,00,@
AAPL,2025-02-13T09:30:12.560000,100.05602755400716,20,00,@
AAPL,2025-02-13T09:30:13.360000,100.06013102575616,400,00,@
AAPL,2025-02-13T09:30:13.560000,100.06493612894675,400,00,@
AAPL,2025-02-13T09:30:13.760000,100.07187185560277,200,00,@
AAPL,2025-02-13T09:30:13.960000,100.07962871801705,400,00,@
AAPL,2025-02-13T09:30:14.040000,100.08719236092395,20,00,@
AAPL,2025-02-13T09:30:14.120000,100.09406032937558,100,00,@
AAPL,2025-02-13T09:30:14.200000,100.10000680676936,100,00,@
AAPL,2025-02-13T09:30:14.220000,100.10553682804556,100,00,@
AAPL,2025-02-13T09:30:14.300000,100.10894602156188,20,00,@
AAPL,2025-02-13T09:30:14.500000,100.11130664490557,20,00,@
AAPL,2025-02-13T09:30:14.580000,100.11297373481642,50,00,@
AAPL,2025-02-13T09:30:14.660000,100.11353572999481,50,00,@
AAPL,2025-02-13T09:30:14.860000,100.11044369627876,50,00,@
AAPL,2025-02-13T09:30:14.880000,100.10974341196614,10,00,@
AAPL,2025-02-13T09:30:14.960000,100.10784167134949,200,00,@
AAPL,2025-02-13T09:30:15.760000,100.10554977724186,200,00,@
AAPL,2025-02-13T09:30:15.840000,100.10440894904211,10,00,@
AAPL,2025-02-13T09:30:15.920000,100.10294122291724,200,00,@
AAPL,2025-02-13T09:30:15.940000,100.10230418128413,10,00,@
AAPL,2025-02-13T09:30:16.740000,100.10125446272062,50,00,@
AAPL,2025-02-13T09:30:16.820000,100.10220061754838,10,00,@
AAPL,2025-02-13T09:30:17.020000,100.10325107315867,200,00,@
AAPL,2025-02-13T09:30:17.100000,100.1026998878577,50,00,@
AAPL,2025-02-13T09:30:17.180000,100.10161136225,10,00,@
AAPL,2025-02-13T09:30:17.260000,100.09974974787528,100,00,@
AAPL,2025-02-13T09:30:17.280000,100.10106521983963,10,00,@
AAPL,2025-02-13T09:30:17.360000,100.10154306507658,10,00,@
AAPL,2025-02-13T09:30:17.380000,100.10277088310292,100,00,@
AAPL,2025-02-13T09:30:17.400000,100.10486301822013,200,00,@
AAPL,2025-02-13T09:30:18.200000,100.10676978159408,200,00,@
AAPL,2025-02-13T09:30:18.400000,100.10667810543654,100,00,@
AAPL,2025-02-13T09:30:19.200000,100.10988811162883,10,00,@
AAPL,2025-02-13T09:30:19.400000,100.11005740320758,100,00,@
AAPL,2025-02-13T09:30:19.420000,100.11271846239225,200,00,@
AAPL,2025-02-13T09:30:20.220000,100.11255423769764,10,00,@
AAPL,2025-02-13T09:30:20.240000,100.11240358876888,200,00,@
AAPL,2025-02-13T09:30:20.260000,100.11050846984446,100,00,@
AAPL,2025-02-13T09:30:21.060000,100.10698646231586,50,00,@
AAPL,2025-02-13T09:30:21.260000,100.10322456372832,400,00,@
AAPL,2025-02-13T09:30:21.280000,100.10149482782016,200,00,@
AAPL,2025-02-13T09:30:21.480000,100.10123085638617,100,00,@
AAPL,2025-02-13T09:30:22.280000,100.1013567076235,10,00,@
AAPL,2025-02-13T09:30:23.080000,100.10058888246844,200,00,@
AAPL,2025-02-13T09:30:23.100000,100.10047995838661,100,00,@
AAPL,2025-02-13T09:30:23.180000,100.09992735431086,10,00,@
AAPL,2025-02-13T09:30:23.380000,100.09740565702236,200,00,@
AAPL,2025-02-13T09:30:23.580000,100.09405577774278,50,00,@
AAPL,2025-02-13T09:30:24.380000,100.09130920434812,10,00,@
AAPL,2025-02-13T09:30:24.580000,100.090137354602,200,00,@
AAPL,2025-02-13T09:30:25.380000,100.08883416525157,100,00,@
AAPL,2025-02-13T09:30:26.180000,100.08644628745495,10,00,@
AAPL,2025-02-13T09:30:26.980000,100.08279557353804,20,00,@
AAPL,2025-02-13T09:30:27.180000,100.08265258445392,100,00,@
AAPL,2025-02-13T09:30:27.380000,100.0841924267593,10,00,@
AAPL,2025-02-13T09:30:27.400000,100.08614498586282,200,00,@
AAPL,2025-02-13T09:30:27.600000,100.08850567685107,10,00,@
AAPL,2025-02-13T09:30:28.400000,100.09205669170665,100,00,@
AAPL,2025-02-13T09:30:28.600000,100.09304080387173,100,00,@
AAPL,2025-02-13T09:30:28.800000,100.09344480029225,200,00,@
AAPL,2025-02-13T09:30:29.600000,100.09774876691188,200,00,@
AAPL,2025-02-13T09:30:29.680000,100.10035602106676,10,00,@
AAPL,2025-02-13T09:30:30.480000,100.10344673082987,400,00,@
AAPL,2025-02-13T09:30:30.680000,100.10540951515982,10,00,@
AAPL,2025-02-13T09:30:31.480000,100.10711511701612,50,00,@
AAPL,2025-02-13T09:30:32.280000,100.10983138365836,10,00,@
AAPL,2025-02-13T09:30:32.300000,100.11125486217739,10,00,@
AAPL,2025-02-13T09:30:33.100000,100.11239906504072,200,00,@
AAPL,2025-02-13T09:30:33.900000,100.11054874772725,10,00,@
AAPL,2025-02-13T09:30:33.920000,100.1089883534541,100,00,@
AAPL,2025-02-13T09:30:34.720000,100.10780422596845,100,00,@
AAPL,2025-02-13T09:30:34.740000,100.10542382939377,10,00,@
AAPL,2025-02-13T09:30:34.760000,100.10378953458681,200,00,@
AAPL,2025-02-13T09:30:35.560000,100.10307251497841,10,00,@
AAPL,2025-02-13T09:30:35.760000,100.10240676010253,10,00,@
AAPL,2025-02-13T09:30:36.560000,100.10230663432179,10,00,@
AAPL,2025-02-13T09:30:36.640000,100.10212724606464,10,00,@
AAPL,2025-02-14T09:30:00.200000,99.99855233678119,50,00,@
AAPL,2025-02-14T09:30:00.400000,99.99842938081888,10,00,@
AAPL,2025-02-14T09:30:00.420000,100.00010656292007,50,00,@
AAPL,2025-02-14T09:30:00.620000,100.00424672931975,200,00,@
AAPL,2025-02-14T09:30:00.640000,100.00506690572033,200,00,@
AAPL,2025-02-14T09:30:00.840000,100.00282907873024,10,00,@
AAPL,2025-02-14T09:30:00.920000,100.00303370492598,10,00,@
AAPL,2025-02-14T09:30:01.720000,100.00151834680723,10,00,@
AAPL,2025-02-14T09:30:02.520000,100.00097901283678,50,00,@
AAPL,2025-02-14T09:30:03.320000,100.00434619555789,20,00,@
AAPL,2025-02-14T09:30:03.340000,100.00737816711253,400,00,@
AAPL,2025-02-14T09:30:04.140000,100.00906161373197,100,00,@
AAPL,2025-02-14T09:30:04.340000,100.01055409254528,10,00,@
AAPL,2025-02-14T09:30:05.140000,100.01320403486811,50,00,@
AAPL,2025-02-14T09:30:05.340000,100.01366683833365,10,00,@
AAPL,2025-02-14T09:30:05.420000,100.01493560687149,50,00,@
AAPL,2025-02-14T09:30:06.220000,100.01793313640272,50,00,@
AAPL,2025-02-14T09:30:06.420000,100.0188678206964,50,00,@
AAPL,2025-02-14T09:30:06.440000,100.02064366187807,50,00,@
AAPL,2025-02-14T09:30:06.640000,100.01974700066218,200,00,@
AAPL,2025-02-14T09:30:06.720000,100.01892343330888,50,00,@
AAPL,2025-02-14T09:30:06.800000,100.01860825529367,200,00,@
AAPL,2025-02-14T09:30:06.820000,100.01639910130245,10,00,@
AAPL,2025-02-14T09:30:06.900000,100.01210599381109,10,00,@
AAPL,2025-02-14T09:30:06.920000,100.01050628724934,200,00,@
AAPL,2025-02-14T09:30:07,100.0078497154598,50,00,@
AAPL,2025-02-14T09:30:07.800000,100.00652221546376,200,00,@
AAPL,2025-02-14T09:30:07.880000,100.00522695769953,100,00,@
AAPL,2025-02-14T09:30:07.900000,100.00680132138498,10,00,@
AAPL,2025-02-14T09:30:07.920000,100.00464995398897,100,00,@
AAPL,2025-02-14T09:30:08,100.00196677322525,50,00,@
AAPL,2025-02-14T09:30:08.200000,100.00145497250907,100,00,@
AAPL,2025-02-14T09:30:08.280000,100.00067944162883,50,00,@
AAPL,2025-02-14T09:30:08.300000,100.00059268401724,100,00,@
AAPL,2025-02-14T09:30:09.100000,99.99977678441095,50,00,@
AAPL,2025-02-14T09:30:09.900000,99.9994591690566,200,00,@
AAPL,2025-02-14T09:30:09.980000,100.00042114119591,10,00,@
AAPL,2025-02-14T09:30:10.060000,99.99723797485058,100,00,@
AAPL,2025-02-14T09:30:10.140000,99.99729043676314,200,00,@
AAPL,2025-02-14T09:30:10.160000,99.99466925380423,100,00,@
AAPL,2025-02-14T09:30:10.960000,99.99270268849965,50,00,@
AAPL,2025-02-14T09:30:10.980000,99.99276115520868,100,00,@
AAPL,2025-02-14T09:30:11,99.98928002020814,400,00,@
AAPL,2025-02-14T09:30:11.800000,99.98576446100843,100,00,@
AAPL,2025-02-14T09:30:12.600000,99.98409894914815,100,00,@
AAPL,2025-02-14T09:30:13.400000,99.9807656284193,200,00,@
AAPL,2025-02-14T09:30:13.420000,99.9758391979149,200,00,@
AAPL,2025-02-14T09:30:13.440000,99.97446170647929,10,00,@
AAPL,2025-02-14T09:30:13.520000,99.97271582548333,200,00,@
AAPL,2025-02-14T09:30:13.540000,99.97172636414426,200,00,@
AAPL,2025-02-14T09:30:14.340000,99.97157296678763,200,00,@
AAPL,2025-02-14T09:30:14.540000,99.96908317268232,10,00,@
AAPL,2025-02-14T09:30:15.340000,99.96847892242887,50,00,@
AAPL,2025-02-14T09:30:15.360000,99.96726945809694,100,00,@
AAPL,2025-02-14T09:30:15.380000,99.96615655535906,10,00,@
AAPL,2025-02-14T09:30:16.180000,99.96611009478941,50,00,@
AAPL,2025-02-14T09:30:16.260000,99.96273194756017,100,00,@
AAPL,2025-02-14T09:30:16.340000,99.96012272001735,100,00,@
AAPL,2025-02-14T09:30:16.360000,99.95944813569666,100,00,@
AAPL,2025-02-14T09:30:16.440000,99.95553625288686,200,00,@
AAPL,2025-02-14T09:30:16.460000,99.95377516144218,200,00,@
AAPL,2025-02-14T09:30:16.660000,99.9500324979939,400,00,@
AAPL,2025-02-14T09:30:16.860000,99.94487522909611,100,00,@
AAPL,2025-02-14T09:30:16.880000,99.94038077661425,200,00,@
AAPL,2025-02-14T09:30:16.960000,99.9367607727247,20,00,@
AAPL,2025-02-14T09:30:17.040000,99.93197744360731,20,00,@
AAPL,2025-02-14T09:30:17.120000,99.92443044668354,20,00,@
AAPL,2025-02-14T09:30:17.140000,99.91827907806056,100,00,@
AAPL,2025-02-14T09:30:17.160000,99.9120076049787,400,00,@
AAPL,2025-02-14T09:30:17.360000,99.90952054132794,20,00,@
AAPL,2025-02-14T09:30:17.560000,99.90585373473989,100,00,@
AAPL,2025-02-14T09:30:17.580000,99.90188379774999,200,00,@
AAPL,2025-02-14T09:30:17.600000,99.89945550552143,10,00,@
AAPL,2025-02-14T09:30:17.620000,99.89678433159985,100,00,@
AAPL,2025-02-14T09:30:17.820000,99.89649810590669,50,00,@
AAPL,2025-02-14T09:30:18.020000,99.89676787230111,50,00,@
AAPL,2025-02-14T09:30:18.220000,99.89759865530773,200,00,@
AAPL,2025-02-14T09:30:18.300000,99.89695408875076,10,00,@
AAPL,2025-02-14T09:30:18.320000,99.89947075061063,200,00,@
AAPL,2025-02-14T09:30:18.400000,99.90045275073241,100,00,@
AAPL,2025-02-14T09:30:19.200000,99.90344912039639,50,00,@
AAPL,2025-02-14T09:30:19.400000,99.90879025972272,20,00,@
AAPL,2025-02-14T09:30:19.480000,99.9142914654149,100,00,@
AAPL,2025-02-14T09:30:20.280000,99.91732797604101,200,00,@
AAPL,2025-02-14T09:30:20.360000,99.92404498194102,20,00,@
AAPL,2025-02-14T09:30:20.560000,99.92918263832865,200,00,@
AAPL,2025-02-14T09:30:20.580000,99.93260507240859,400,00,@
AAPL,2025-02-14T09:30:20.780000,99.93240762369899,10,00,@
AAPL,2025-02-14T09:30:20.800000,99.93657112371135,100,00,@
AAPL,2025-02-14T09:30:21,99.93946117099178,100,00,@
AAPL,2025-02-14T09:30:21.200000,99.94109939236542,10,00,@
AAPL,2025-02-14T09:30:21.220000,99.93970512111395,50,00,@
AAPL,2025-02-14T09:30:21.420000,99.93960895793731,100,00,@
AAPL,2025-02-14T09:30:21.500000,99.93838822084372,200,00,@
AAPL,2025-02-14T09:30:21.580000,99.9351468878771,100,00,@
AAPL,2025-02-14T09:30:22.380000,99.93262049596392,20,00,@
AAPL,2025-02-14T09:30:22.580000,99.93245635808177,200,00,@
AAPL,2025-02-14T09:30:22.660000,99.93156095711669,10,00,@
AAPL,2025-02-14T09:30:22.740000,99.93361541891439,100,00,@
AAPL,2025-02-14T09:30:22.760000,99.9380404614013,20,00,@
AAPL,2025-02-14T09:30:22.960000,99.943114174052,400,00,@
AAPL,2025-02-14T09:30:23.040000,99.94663651871514,200,00,@
AAPL,2025-02-14T09:30:23.840000,99.94859016007975,20,00,@
AAPL,2025-02-14T09:30:24.040000,99.95034734974071,50,00,@
AAPL,2025-02-14T09:30:24.120000,99.95155050999968,10,00,@
AAPL,2025-02-14T09:30:24.320000,99.95149049405921,50,00,@
AAPL,2025-02-14T09:30:24.520000,99.95257216514985,50,00,@
AAPL,2025-02-14T09:30:25.320000,99.95342166492554,100,00,@
AAPL,2025-02-14T09:30:25.400000,99.95414996359959,50,00,@
AAPL,2025-02-14T09:30:25.420000,99.95349133970862,50,00,@
AAPL,2025-02-14T09:30:25.620000,99.94807688364116,20,00,@
AAPL,2025-02-14T09:30:26.420000,99.94423707023608,400,00,@
AAPL,2025-02-14T09:30:27.220000,99.9393041270412,100,00,@
AAPL,2025-02-14T09:30:28.020000,99.93539863432355,20,00,@
AAPL,2025-02-14T09:30:28.820000,99.93195049095578,50,00,@
AAPL,2025-02-14T09:30:28.840000,99.93226235462585,10,00,@
AAPL,2025-02-14T09:30:29.040000,99.93090303590608,200,00,@
AAPL,2025-02-14T09:30:29.240000,99.92878178128862,100,00,@
AAPL,2025-02-14T09:30:29.260000,99.92682660005515,100,00,@
AAPL,2025-02-14T09:30:29.460000,99.92360131115575,10,00,@
AAPL,2025-02-14T09:30:29.660000,99.9234063884901,100,00,@
AAPL,2025-02-14T09:30:29.680000,99.92168011257596,10,00,@
AAPL,2025-02-14T09:30:29.760000,99.91950993927293,10,00,@
AAPL,2025-02-14T09:30:29.960000,99.9184834968338,200,00,@
AAPL,2025-02-14T09:30:29.980000,99.91834576487885,200,00,@
AAPL,2025-02-14T09:30:30.780000,99.92022754895805,50,00,@
AAPL,2025-02-14T09:30:30.980000,99.92001442305784,10,00,@
AAPL,2025-02-14T09:30:31.180000,99.92281336218853,200,00,@
MSFT,2025-02-03T09:30:00.080000,119.99745865513094,100,00,@
MSFT,2025-02-03T09:30:00.880000,119.99726606459919,50,00,@
MSFT,2025-02-03T09:30:01.680000,119.99866587765207,10,00,@
MSFT,2025-02-03T09:30:01.880000,120.00086931051514,10,00,@
MSFT,2025-02-03T09:30:02.080000,120.00716717720833,200,00,@
MSFT,2025-02-03T09:30:02.100000,120.00858276764545,200,00,@
MSFT,2025-02-03T09:30:02.900000,120.0083128641338,50,00,@
MSFT,2025-02-03T09:30:03.100000,120.00704753187348,100,00,@
MSFT,2025-02-03T09:30:03.900000,120.00693907777925,10,00,@
MSFT,2025-02-03T09:30:04.700000,120.00795108036833,200,00,@
MSFT,2025-02-03T09:30:05.500000,120.01324867238671,20,00,@
MSFT,2025-02-03T09:30:06.300000,120.0168416833547,100,00,@
MSFT,2025-02-03T09:30:06.380000,120.02096139572699,200,00,@
MSFT,2025-02-03T09:30:06.580000,120.02630408847905,100,00,@
MSFT,2025-02-03T09:30:06.780000,120.02905083696923,10,00,@
MSFT,2025-02-03T09:30:06.980000,120.03099884639504,50,00,@
MSFT,2025-02-03T09:30:07,120.02771775357813,100,00,@
MSFT,2025-02-03T09:30:07.020000,120.02437129719355,400,00,@
MSFT,2025-02-03T09:30:07.220000,120.02210840097196,10,00,@
MSFT,2025-02-03T09:30:08.020000,120.01960700611644,20,00,@
MSFT,2025-02-03T09:30:08.100000,120.01682706208601,200,00,@
MSFT,2025-02-03T09:30:08.120000,120.01258439691169,100,00,@
MSFT,2025-02-03T09:30:08.320000,120.00827456119242,400,00,@
MSFT,2025-02-03T09:30:08.340000,120.00799290285882,50,00,@
MSFT,2025-02-03T09:30:09.140000,120.00610539267709,200,00,@
MSFT,2025-02-03T09:30:09.340000,120.00372228218556,200,00,@
MSFT,2025-02-03T09:30:09.360000,120.00082098483456,100,00,@
MSFT,2025-02-03T09:30:09.560000,120.0025252275857,50,00,@
MSFT,2025-02-03T09:30:09.760000,120.00264808875453,200,00,@
MSFT,2025-02-03T09:30:10.560000,120.00465824629711,10,00,@
MSFT,2025-02-03T09:30:10.760000,120.00684739419583,10,00,@
MSFT,2025-02-03T09:30:10.780000,120.01164082290995,400,00,@
MSFT,2025-02-03T09:30:10.800000,120.0125796072076,50,00,@
MSFT,2025-02-03T09:30:10.880000,120.01750167217493,100,00,@
MSFT,2025-02-03T09:30:11.080000,120.01933555478462,200,00,@
MSFT,2025-02-03T09:30:11.880000,120.02280075561406,200,00,@
MSFT,2025-02-03T09:30:11.900000,120.02424635832872,100,00,@
MSFT,2025-02-03T09:30:11.980000,120.02240502005631,50,00,@
MSFT,2025-02-03T09:30:12.180000,120.01983342499791,100,00,@
MSFT,2025-02-03T09:30:12.200000,120.01737601597574,200,00,@
MSFT,2025-02-03T09:30:13,120.01852621961753,100,00,@
MSFT,2025-02-03T09:30:13.800000,120.01723980196002,10,00,@
MSFT,2025-02-03T09:30:13.880000,120.01750502800434,50,00,@
MSFT,2025-02-03T09:30:14.080000,120.01570232390067,10,00,@
MSFT,2025-02-03T09:30:14.100000,120.01871745740735,10,00,@
MSFT,2025-02-03T09:30:14.120000,120.02103971742024,50,00,@
MSFT,2025-02-03T09:30:14.920000,120.02430973799989,100,00,@
MSFT,2025-02-03T09:30:15.720000,120.0259645988273,50,00,@
MSFT,2025-02-03T09:30:15.920000,120.02778647843232,10,00,@
MSFT,2025-02-03T09:30:16.720000,120.02888313582821,10,00,@
MSFT,2025-02-03T09:30:16.800000,120.03159813754813,10,00,@
MSFT,2025-02-03T09:30:17,120.02992997984003,50,00,@
MSFT,2025-02-03T09:30:17.800000,120.03098852336596,200,00,@
MSFT,2025-02-03T09:30:17.880000,120.03147026779546,100,00,@
MSFT,2025-02-03T09:30:17.960000,120.03050805860508,10,00,@
MSFT,2025-02-03T09:30:18.160000,120.02938121450468,200,00,@
MSFT,2025-02-03T09:30:18.180000,120.0324648338247,100,00,@
MSFT,2025-02-03T09:30:18.980000,120.03094249710713,10,00,@
MSFT,2025-02-03T09:30:19,120.02985137482467,50,00,@
MSFT,2025-02-03T09:30:19.800000,120.02935001687719,100,00,@
MSFT,2025-02-03T09:30:19.820000,120.02653798570228,200,00,@
MSFT,2025-02-03T09:30:20.620000,120.02178353092525,400,00,@
MSFT,2025-02-03T09:30:20.700000,120.01706321651132,100,00,@
MSFT,2025-02-03T09:30:20.780000,120.01565804566329,50,00,@
MSFT,2025-02-03T09:30:21.580000,120.01473147132829,10,00,@
MSFT,2025-02-03T09:30:22.380000,120.01274319216787,50,00,@
MSFT,2025-02-03T09:30:22.580000,120.01209328480674,100,00,@
MSFT,2025-02-03T09:30:22.660000,120.01036313299873,100,00,@
MSFT,2025-02-03T09:30:23.460000,120.00584796796593,100,00,@
MSFT,2025-02-03T09:30:23.540000,120.00108337962257,100,00,@
MSFT,2025-02-03T09:30:24.340000,119.99718394078673,20,00,@
MSFT,2025-02-03T09:30:24.360000,119.9920563675997,100,00,@
MSFT,2025-02-03T09:30:24.380000,119.98691011500955,100,00,@
MSFT,2025-02-03T09:30:24.580000,119.98166608368956,20,00,@
MSFT,2025-02-03T09:30:25.380000,119.97846413993733,100,00,@
MSFT,2025-02-03T09:30:25.400000,119.97821102050587,10,00,@
MSFT,2025-02-03T09:30:26.200000,119.97590864039788,50,00,@
MSFT,2025-02-03T09:30:26.220000,119.97420914627462,200,00,@
MSFT,2025-02-03T09:30:26.240000,119.97240743274831,100,00,@
MSFT,2025-02-03T09:30:26.320000,119.97166136243627,10,00,@
MSFT,2025-02-03T09:30:26.520000,119.96881178746747,10,00,@
MSFT,2025-02-03T09:30:26.600000,119.96776937102457,50,00,@
MSFT,2025-02-03T09:30:26.680000,119.97043426037934,100,00,@
MSFT,2025-02-03T09:30:26.880000,119.97268883539972,50,00,@
MSFT,2025-02-03T09:30:26.960000,119.97967860494262,100,00,@
MSFT,2025-02-03T09:30:27.040000,119.98603200006806,200,00,@
MSFT,2025-02-03T09:30:27.120000,119.99065490023432,100,00,@
MSFT,2025-02-03T09:30:27.200000,119.99687689645364,20,00,@
MSFT,2025-02-03T09:30:27.280000,119.99939812210484,10,00,@
MSFT,2025-02-03T09:30:27.480000,120.00266560258487,50,00,@
MSFT,2025-02-03T09:30:27.560000,120.00525413918511,100,00,@
MSFT,2025-02-03T09:30:27.640000,120.00823636092451,100,00,@
MSFT,2025-02-03T09:30:27.660000,120.0066101182129,100,00,@
MSFT,2025-02-03T09:30:27.860000,120.00185856980694,400,00,@
MSFT,2025-02-03T09:30:27.940000,119.9987237264427,50,00,@
MSFT,2025-02-03T09:30:28.740000,120.00150664371304,10,00,@
MSFT,2025-02-03T09:30:28.760000,120.0022324211825,100,00,@
MSFT,2025-02-03T09:30:28.840000,120.00520182589523,50,00,@
MSFT,2025-02-03T09:30:28.920000,120.00884766422335,10,00,@
MSFT,2025-02-03T09:30:28.940000,120.00808062716163,50,00,@
MSFT,2025-02-03T09:30:28.960000,120.00784842490462,100,00,@
MSFT,2025-02-03T09:30:28.980000,120.01167663831563,10,00,@
MSFT,2025-02-03T09:30:29.180000,120.01358735835889,100,00,@
MSFT,2025-02-03T09:30:29.200000,120.01312281567768,10,00,@
MSFT,2025-02-03T09:30:29.220000,120.0143414339118,200,00,@
MSFT,2025-02-03T09:30:30.020000,120.01272838787447,50,00,@
MSFT,2025-02-03T09:30:30.820000,120.0114664870105,100,00,@
MSFT,2025-02-03T09:30:31.020000,120.01273236236527,10,00,@
MSFT,2025-02-03T09:30:31.220000,120.01208985449112,50,00,@
MSFT,2025-02-03T09:30:31.420000,120.01299396940747,10,00,@
MSFT,2025-02-03T09:30:31.440000,120.01703203741548,20,00,@
MSFT,2025-02-03T09:30:31.640000,120.01835099842273,200,00,@
MSFT,2025-02-03T09:30:31.840000,120.01852820598022,50,00,@
MSFT,2025-02-03T09:30:31.860000,120.01987523648978,200,00,@
MSFT,2025-02-03T09:30:31.940000,120.02236260151867,10,00,@
MSFT,2025-02-03T09:30:32.740000,120.02396607747347,200,00,@
MSFT,2025-02-03T09:30:32.940000,120.02709894051257,10,00,@
MSFT,2025-02-03T09:30:33.020000,120.02782228695136,10,00,@
MSFT,2025-02-03T09:30:33.040000,120.02826370681858,10,00,@
MSFT,2025-02-03T09:30:33.060000,120.02305838069252,20,00,@
MSFT,2025-02-03T09:30:33.260000,120.01972481449496,50,00,@
MSFT,2025-02-03T09:30:34.060000,120.01780504335586,10,00,@
MSFT,2025-02-03T09:30:34.140000,120.01634787714175,10,00,@
MSFT,2025-02-03T09:30:34.220000,120.01446748521506,100,00,@
MSFT,2025-02-03T09:30:34.420000,120.01018816301094,100,00,@
MSFT,2025-02-03T09:30:34.500000,120.00786045422454,50,00,@
MSFT,2025-02-03T09:30:34.700000,120.0081306606354,100,00,@
MSFT,2025-02-03T09:30:35.500000,120.00544941592148,10,00,@
MSFT,2025-02-04T09:30:00.800000,120.00385613936784,50,00,@
MSFT,2025-02-04T09:30:01,120.00989817352793,400,00,@
MSFT,2025-02-04T09:30:01.080000,120.0149036477611,100,00,@
MSFT,2025-02-04T09:30:01.100000,120.02094603473928,400,00,@
MSFT,2025-02-04T09:30:01.180000,120.0244461432852,10,00,@
MSFT,2025-02-04T09:30:01.980000,120.02675281594496,50,00,@
MSFT,2025-02-04T09:30:02,120.031292677989,200,00,@
MSFT,2025-02-04T09:30:02.200000,120.03590610553685,100,00,@
MSFT,2025-02-04T09:30:02.280000,120.04205420581755,100,00,@
MSFT,2025-02-04T09:30:02.360000,120.04192778849801,200,00,@
MSFT,2025-02-04T09:30:02.560000,120.04259273077017,50,00,@
MSFT,2025-02-04T09:30:03.360000,120.04237193702676,100,00,@
MSFT,2025-02-04T09:30:04.160000,120.04191343123027,200,00,@
MSFT,2025-02-04T09:30:04.360000,120.0368928854345,400,00,@
MSFT,2025-02-04T09:30:05.160000,120.03208954753002,20,00,@
MSFT,2025-02-04T09:30:05.960000,120.0283304121124,400,00,@
MSFT,2025-02-04T09:30:05.980000,120.01939056289116,100,00,@
MSFT,2025-02-04T09:30:06.060000,120.00903977840453,100,00,@
MSFT,2025-02-04T09:30:06.140000,120.0011655903263,100,00,@
MSFT,2025-02-04T09:30:06.340000,119.99611193717986,200,00,@
MSFT,2025-02-04T09:30:06.540000,119.98837196643416,100,00,@
MSFT,2025-02-04T09:30:06.560000,119.98161905963985,400,00,@
MSFT,2025-02-04T09:30:06.640000,119.97217721209489,20,00,@
MSFT,2025-02-04T09:30:06.840000,119.96514491532291,100,00,@
MSFT,2025-02-04T09:30:07.040000,119.95566041599797,20,00,@
MSFT,2025-02-04T09:30:07.060000,119.94659264304487,20,00,@
MSFT,2025-02-04T09:30:07.860000,119.9376386726102,400,00,@
MSFT,2025-02-04T09:30:07.880000,119.92799213235068,20,00,@
MSFT,2025-02-04T09:30:08.080000,119.92166640987274,20,00,@
MSFT,2025-02-04T09:30:08.160000,119.91713522605794,400,00,@
MSFT,2025-02-04T09:30:08.960000,119.90967599186398,400,00,@
MSFT,2025-02-04T09:30:09.040000,119.90437895510745,20,00,@
MSFT,2025-02-04T09:30:09.060000,119.89747866665782,20,00,@
MSFT,2025-02-04T09:30:09.860000,119.89238253358242,400,00,@
MSFT,2025-02-04T09:30:10.060000,119.88588801716543,100,00,@
MSFT,2025-02-04T09:30:10.080000,119.88191284357433,200,00,@
MSFT,2025-02-04T09:30:10.880000,119.87692404113427,100,00,@
MSFT,2025-02-04T09:30:11.680000,119.87118864237104,20,00,@
MSFT,2025-02-04T09:30:11.880000,119.86680087949019,20,00,@
MSFT,2025-02-04T09:30:11.900000,119.86399186817272,200,00,@
MSFT,2025-02-04T09:30:11.980000,119.8606818014215,200,00,@
MSFT,2025-02-04T09:30:12.780000,119.85764426542502,10,00,@
MSFT,2025-02-04T09:30:12.860000,119.85582894972843,100,00,@
MSFT,2025-02-04T09:30:12.880000,119.8542876380807,100,00,@
MSFT,2025-02-04T09:30:12.900000,119.85338390220203,50,00,@
MSFT,2025-02-04T09:30:13.700000,119.85195454265398,50,00,@
MSFT,2025-02-04T09:30:13.900000,119.8514052218902,200,00,@
MSFT,2025-02-04T09:30:14.100000,119.8508395221415,10,00,@
MSFT,2025-02-04T09:30:14.180000,119.85110622813367,10,00,@
MSFT,2025-02-04T09:30:14.200000,119.85025226350247,100,00,@
MSFT,2025-02-04T09:30:15,119.85137698602719,200,00,@
MSFT,2025-02-04T09:30:15.080000,119.84717613855304,200,00,@
MSFT,2025-02-04T09:30:15.160000,119.84341383969488,100,00,@
MSFT,2025-02-04T09:30:15.240000,119.83884896362419,20,00,@
MSFT,2025-02-04T09:30:16.040000,119.83076566894762,100,00,@
MSFT,2025-02-04T09:30:16.840000,119.82621054821148,50,00,@
MSFT,2025-02-04T09:30:16.860000,119.82554189321777,100,00,@
MSFT,2025-02-04T09:30:16.940000,119.82390221387938,50,00,@
MSFT,2025-02-04T09:30:17.140000,119.8234011349109,10,00,@
MSFT,2025-02-04T09:30:17.940000,119.82299475972025,200,00,@
MSFT,2025-02-04T09:30:18.740000,119.82183890143176,10,00,@
MSFT,2025-02-04T09:30:18.940000,119.8212056690316,10,00,@
MSFT,2025-02-04T09:30:18.960000,119.81869338096531,200,00,@
MSFT,2025-02-04T09:30:18.980000,119.81293122780652,20,00,@
MSFT,2025-02-04T09:30:19,119.80671450418241,20,00,@
MSFT,2025-02-04T09:30:19.200000,119.80418607376718,50,00,@
MSFT,2025-02-04T09:30:20,119.80188499121411,100,00,@
MSFT,2025-02-04T09:30:20.080000,119.79874205775367,50,00,@
MSFT,2025-02-04T09:30:20.280000,119.7980883335765,10,00,@
MSFT,2025-02-04T09:30:20.360000,119.7975208985576,200,00,@
MSFT,2025-02-04T09:30:20.560000,119.79604145078623,200,00,@
MSFT,2025-02-04T09:30:21.360000,119.79751224630245,10,00,@
MSFT,2025-02-04T09:30:21.380000,119.79704028581962,200,00,@
MSFT,2025-02-04T09:30:22.180000,119.79875123104465,100,00,@
MSFT,2025-02-04T09:30:22.380000,119.79976800443434,100,00,@
MSFT,2025-02-04T09:30:23.180000,119.80095928375965,10,00,@
MSFT,2025-02-04T09:30:23.260000,119.80192629528028,10,00,@
MSFT,2025-02-04T09:30:23.280000,119.8031599576497,100,00,@
MSFT,2025-02-04T09:30:23.480000,119.80111795481969,100,00,@
MSFT,2025-02-04T09:30:23.500000,119.79877109324946,10,00,@
MSFT,2025-02-04T09:30:23.700000,119.79950636235779,50,00,@
MSFT,2025-02-04T09:30:23.780000,119.79847599212543,50,00,@
MSFT,2025-02-04T09:30:23.800000,119.8001754183927,200,00,@
MSFT,2025-02-04T09:30:23.880000,119.8024513953136,50,00,@
MSFT,2025-02-04T09:30:23.900000,119.80173417430956,200,00,@
MSFT,2025-02-04T09:30:23.920000,119.80196297452484,50,00,@
MSFT,2025-02-04T09:30:24.720000,119.79965305332237,100,00,@
MSFT,2025-02-04T09:30:24.800000,119.79857148592367,200,00,@
MSFT,2025-02-04T09:30:25,119.79832956777584,10,00,@
MSFT,2025-02-04T09:30:25.800000,119.79717888421241,200,00,@
MSFT,2025-02-04T09:30:26.600000,119.79444120843338,50,00,@
MSFT,2025-02-04T09:30:26.620000,119.78847897063908,100,00,@
MSFT,2025-02-04T09:30:26.640000,119.7830868246069,400,00,@
MSFT,2025-02-04T09:30:27.440000,119.77603805983733,400,00,@
MSFT,2025-02-04T09:30:28.240000,119.77582062833555,200,00,@
MSFT,2025-02-04T09:30:28.260000,119.77219422899958,100,00,@
MSFT,2025-02-04T09:30:28.280000,119.77018601012445,100,00,@
MSFT,2025-02-04T09:30:28.300000,119.76783235938149,50,00,@
MSFT,2025-02-04T09:30:28.320000,119.76590887930269,100,00,@
MSFT,2025-02-04T09:30:28.520000,119.76407463725762,200,00,@
MSFT,2025-02-04T09:30:28.600000,119.76502981587726,200,00,@
MSFT,2025-02-04T09:30:29.400000,119.7663885851676,10,00,@
MSFT,2025-02-04T09:30:29.420000,119.76649607636904,200,00,@
MSFT,2025-02-04T09:30:29.440000,119.76687027273017,10,00,@
MSFT,2025-02-04T09:30:29.460000,119.76713849630522,200,00,@
MSFT,2025-02-04T09:30:29.540000,119.77349568423533,200,00,@
MSFT,2025-02-04T09:30:29.620000,119.77688600830086,400,00,@
MSFT,2025-02-04T09:30:30.420000,119.78302007611141,200,00,@
MSFT,2025-02-04T09:30:30.500000,119.78710739296824,400,00,@
MSFT,2025-02-04T09:30:31.300000,119.79117618000281,10,00,@
MSFT,2025-02-04T09:30:31.320000,119.79476310300433,10,00,@
MSFT,2025-02-04T09:30:31.520000,119.79260489205821,100,00,@
MSFT,2025-02-04T09:30:31.540000,119.79404985636413,200,00,@
MSFT,2025-02-04T09:30:32.340000,119.79186655686826,200,00,@
MSFT,2025-02-04T09:30:33.140000,119.79056300538727,10,00,@
MSFT,2025-02-04T09:30:33.160000,119.7920860410599,200,00,@
MSFT,2025-02-04T09:30:33.180000,119.79300712779342,200,00,@
MSFT,2025-02-04T09:30:33.380000,119.79519866625748,50,00,@
MSFT,2025-02-04T09:30:33.580000,119.79401147575749,200,00,@
MSFT,2025-02-04T09:30:34.380000,119.79278866718589,10,00,@
MSFT,2025-02-04T09:30:34.580000,119.78968532439644,50,00,@
MSFT,2025-02-04T09:30:34.660000,119.78664731878452,10,00,@
MSFT,2025-02-04T09:30:34.740000,119.7830144886871,20,00,@
MSFT,2025-02-04T09:30:34.760000,119.77902107886078,20,00,@
MSFT,2025-02-04T09:30:34.840000,119.77198072160469,400,00,@
MSFT,2025-02-04T09:30:34.860000,119.76519511582958,20,00,@
MSFT,2025-02-04T09:30:35.660000,119.76290359681023,100,00,@
MSFT,2025-02-04T09:30:35.860000,119.75771091899637,200,00,@
MSFT,2025-02-05T09:30:00.080000,120.00125967193436,50,00,@
MSFT,2025-02-05T09:30:00.100000,120.00271177994135,100,00,@
MSFT,2025-02-05T09:30:00.900000,120.00172424982138,50,00,@
MSFT,2025-02-05T09:30:01.700000,120.00125307761422,50,00,@
MSFT,2025-02-05T09:30:01.720000,119.99901365053833,100,00,@
MSFT,2025-02-05T09:30:01.920000,119.99567368043773,20,00,@
MSFT,2025-02-05T09:30:01.940000,119.99357630229412,100,00,@
MSFT,2025-02-05T09:30:02.020000,119.98971945540194,200,00,@
MSFT,2025-02-05T09:30:02.220000,119.98568032412471,200,00,@
MSFT,2025-02-05T09:30:03.020000,119.98150249830893,50,00,@
MSFT,2025-02-05T09:30:03.820000,119.97779999464358,400,00,@
MSFT,2025-02-05T09:30:03.900000,119.97147320122453,20,00,@
MSFT,2025-02-05T09:30:04.700000,119.9663678678082,20,00,@
MSFT,2025-02-05T09:30:04.720000,119.96423724977578,100,00,@
MSFT,2025-02-05T09:30:04.740000,119.96404749852232,10,00,@
MSFT,2025-02-05T09:30:04.760000,119.96565017316374,100,00,@
MSFT,2025-02-05T09:30:04.960000,119.96616253299477,100,00,@
MSFT,2025-02-05T09:30:05.760000,119.96860181517722,10,00,@
MSFT,2025-02-05T09:30:05.780000,119.96757968069429,50,00,@
MSFT,2025-02-05T09:30:05.860000,119.96450893519192,200,00,@
MSFT,2025-02-05T09:30:06.060000,119.96294791527303,50,00,@
MSFT,2025-02-05T09:30:06.140000,119.95937061288701,10,00,@
MSFT,2025-02-05T09:30:06.340000,119.95540975491947,10,00,@
MSFT,2025-02-05T09:30:06.540000,119.95109404897853,20,00,@
MSFT,2025-02-05T09:30:06.620000,119.94819069560214,10,00,@
MSFT,2025-02-05T09:30:07.420000,119.94338643058646,20,00,@
MSFT,2025-02-05T09:30:07.620000,119.94032562899878,200,00,@
MSFT,2025-02-05T09:30:07.820000,119.93703936409666,100,00,@
MSFT,2025-02-05T09:30:07.900000,119.93531134092487,200,00,@
MSFT,2025-02-05T09:30:07.980000,119.93280677403173,10,00,@
MSFT,2025-02-05T09:30:08.060000,119.93735529926424,100,00,@
MSFT,2025-02-05T09:30:08.260000,119.93696465315887,10,00,@
MSFT,2025-02-05T09:30:08.280000,119.93360983142853,200,00,@
MSFT,2025-02-05T09:30:08.480000,119.93063208533965,400,00,@
MSFT,2025-02-05T09:30:08.500000,119.92519194420298,200,00,@
MSFT,2025-02-05T09:30:08.700000,119.91883139743751,20,00,@
MSFT,2025-02-05T09:30:09.500000,119.91386325871781,400,00,@
MSFT,2025-02-05T09:30:10.300000,119.90856707916996,400,00,@
MSFT,2025-02-05T09:30:10.500000,119.90911278927472,50,00,@
MSFT,2025-02-05T09:30:10.520000,119.90912814517607,50,00,@
MSFT,2025-02-05T09:30:10.540000,119.90481324158908,200,00,@
MSFT,2025-02-05T09:30:10.620000,119.90279824910941,200,00,@
MSFT,2025-02-05T09:30:11.420000,119.90342750182829,50,00,@
MSFT,2025-02-05T09:30:12.220000,119.90136406705737,10,00,@
MSFT,2025-02-05T09:30:12.300000,119.89997983418823,50,00,@
MSFT,2025-02-05T09:30:12.320000,119.89645637006943,100,00,@
MSFT,2025-02-05T09:30:12.400000,119.89093735560746,100,00,@
MSFT,2025-02-05T09:30:13.200000,119.88844155928892,50,00,@
MSFT,2025-02-05T09:30:14,119.88433441530914,400,00,@
MSFT,2025-02-05T09:30:14.020000,119.8773113239861,200,00,@
MSFT,2025-02-05T09:30:14.040000,119.87221129707306,100,00,@
MSFT,2025-02-05T09:30:14.120000,119.86759236455826,400,00,@
MSFT,2025-02-05T09:30:14.200000,119.86050469378176,20,00,@
MSFT,2025-02-05T09:30:14.220000,119.85749488595509,100,00,@
MSFT,2025-02-05T09:30:14.300000,119.85198616523436,20,00,@
MSFT,2025-02-05T09:30:14.500000,119.84540530624105,100,00,@
MSFT,2025-02-05T09:30:14.580000,119.8379986193273,20,00,@
MSFT,2025-02-05T09:30:15.380000,119.82844025254747,400,00,@
MSFT,2025-02-05T09:30:15.400000,119.81963724191294,100,00,@
MSFT,2025-02-05T09:30:16.200000,119.81393603710698,100,00,@
MSFT,2025-02-05T09:30:16.280000,119.8069413504853,200,00,@
MSFT,2025-02-05T09:30:17.080000,119.7976246387157,20,00,@
MSFT,2025-02-05T09:30:17.160000,119.78851149088531,200,00,@
MSFT,2025-02-05T09:30:17.960000,119.7801360379246,100,00,@
MSFT,2025-02-05T09:30:18.760000,119.77428963157102,200,00,@
MSFT,2025-02-05T09:30:18.840000,119.77093222920419,400,00,@
MSFT,2025-02-05T09:30:18.920000,119.76447139164202,100,00,@
MSFT,2025-02-05T09:30:19,119.75940244038907,400,00,@
MSFT,2025-02-05T09:30:19.020000,119.75253832175369,100,00,@
MSFT,2025-02-05T09:30:19.040000,119.74437665387453,20,00,@
MSFT,2025-02-05T09:30:19.840000,119.73854323124601,200,00,@
MSFT,2025-02-05T09:30:20.640000,119.73469449294358,50,00,@
MSFT,2025-02-05T09:30:20.840000,119.73358189632846,10,00,@
MSFT,2025-02-05T09:30:21.040000,119.73356660619866,50,00,@
MSFT,2025-02-05T09:30:21.060000,119.73533134289653,100,00,@
MSFT,2025-02-05T09:30:21.260000,119.73238391263695,10,00,@
MSFT,2025-02-05T09:30:22.060000,119.72749744316269,200,00,@
MSFT,2025-02-05T09:30:22.860000,119.72517032653074,10,00,@
MSFT,2025-02-05T09:30:22.880000,119.72672449486352,200,00,@
MSFT,2025-02-05T09:30:22.960000,119.72840201568621,10,00,@
MSFT,2025-02-05T09:30:23.760000,119.72739446446302,10,00,@
MSFT,2025-02-05T09:30:23.780000,119.72892824143035,200,00,@
MSFT,2025-02-05T09:30:24.580000,119.72402507671217,400,00,@
MSFT,2025-02-05T09:30:24.780000,119.7208264272025,100,00,@
MSFT,2025-02-05T09:30:24.800000,119.72004868134184,10,00,@
MSFT,2025-02-05T09:30:25,119.71821024047718,100,00,@
MSFT,2025-02-05T09:30:25.800000,119.71224275034051,400,00,@
MSFT,2025-02-05T09:30:25.820000,119.7078931357966,100,00,@
MSFT,2025-02-05T09:30:26.620000,119.70479413459906,200,00,@
MSFT,2025-02-05T09:30:26.820000,119.69903213661438,400,00,@
MSFT,2025-02-05T09:30:27.620000,119.69668009476065,10,00,@
MSFT,2025-02-05T09:30:27.700000,119.69357982218034,400,00,@
MSFT,2025-02-05T09:30:27.900000,119.68949151731802,400,00,@
MSFT,2025-02-05T09:30:28.700000,119.68582100233606,50,00,@
MSFT,2025-02-05T09:30:28.900000,119.68715920549892,200,00,@
MSFT,2025-02-05T09:30:29.700000,119.68868094229484,10,00,@
MSFT,2025-02-05T09:30:29.900000,119.69361142971944,200,00,@
MSFT,2025-02-05T09:30:29.980000,119.696269099879,50,00,@
MSFT,2025-02-05T09:30:30.180000,119.69606184209698,50,00,@
MSFT,2025-02-05T09:30:30.980000,119.69590875149737,200,00,@
MSFT,2025-02-05T09:30:31,119.69546414495636,10,00,@
MSFT,2025-02-05T09:30:31.080000,119.69381175632215,200,00,@
MSFT,2025-02-05T09:30:31.280000,119.69254419331496,100,00,@
MSFT,2025-02-05T09:30:32.080000,119.69183200897781,100,00,@
MSFT,2025-02-05T09:30:32.880000,119.69309776474356,100,00,@
MSFT,2025-02-05T09:30:32.900000,119.69425291804045,100,00,@
MSFT,2025-02-05T09:30:33.700000,119.6995329720069,20,00,@
MSFT,2025-02-05T09:30:33.780000,119.70699745084421,400,00,@
MSFT,2025-02-05T09:30:34.580000,119.71272894432065,100,00,@
MSFT,2025-02-05T09:30:34.600000,119.7183344642318,400,00,@
MSFT,2025-02-05T09:30:34.800000,119.7255932617453,200,00,@
MSFT,2025-02-05T09:30:34.820000,119.72879874380962,20,00,@
MSFT,2025-02-05T09:30:35.020000,119.73335940723312,200,00,@
MSFT,2025-02-05T09:30:35.820000,119.73628002106116,100,00,@
MSFT,2025-02-05T09:30:36.020000,119.73793485815368,100,00,@
MSFT,2025-02-05T09:30:36.220000,119.73775737181411,10,00,@
MSFT,2025-02-05T09:30:36.420000,119.7384663198545,200,00,@
MSFT,2025-02-05T09:30:37.220000,119.73975141602772,200,00,@
MSFT,2025-02-05T09:30:37.300000,119.74194128231032,200,00,@
MSFT,2025-02-05T09:30:38.100000,119.74384647480221,50,00,@
MSFT,2025-02-05T09:30:38.900000,119.74487344083236,100,00,@
MSFT,2025-02-05T09:30:39.100000,119.748630478068,20,00,@
MSFT,2025-02-05T09:30:39.120000,119.75179908356236,200,00,@
MSFT,2025-02-05T09:30:39.140000,119.75381922409996,10,00,@
MSFT,2025-02-05T09:30:39.940000,119.75594012100473,10,00,@
MSFT,2025-02-05T09:30:39.960000,119.75594377704361,200,00,@
MSFT,2025-02-05T09:30:39.980000,119.75429302245519,100,00,@
MSFT,2025-02-05T09:30:40.060000,119.75060032645158,100,00,@
MSFT,2025-02-06T09:30:00.080000,119.99934831206464,50,00,@
MSFT,2025-02-06T09:30:00.880000,119.99836042750985,10,00,@
MSFT,2025-02-06T09:30:00.960000,119.99022305022142,200,00,@
MSFT,2025-02-06T09:30:01.160000,119.98446939828499,400,00,@
MSFT,2025-02-06T09:30:01.960000,119.97943940966333,20,00,@
MSFT,2025-02-06T09:30:02.160000,119.97709161093803,10,00,@
MSFT,2025-02-06T09:30:02.360000,119.97642464932149,50,00,@
MSFT,2025-02-06T09:30:02.560000,119.97872587915795,100,00,@
MSFT,2025-02-06T09:30:03.360000,119.98016608093229,100,00,@
MSFT,2025-02-06T09:30:03.440000,119.9804054489327,100,00,@
MSFT,2025-02-06T09:30:03.640000,119.98332695672592,10,00,@
MSFT,2025-02-06T09:30:04.440000,119.98666676146345,10,00,@
MSFT,2025-02-06T09:30:05.240000,119.99043793892444,400,00,@
MSFT,2025-02-06T09:30:05.260000,119.99221641229303,200,00,@
MSFT,2025-02-06T09:30:05.340000,119.99182802437632,100,00,@
MSFT,2025-02-06T09:30:06.140000,119.99084319876313,200,00,@
MSFT,2025-02-06T09:30:06.160000,119.99167251149134,200,00,@
MSFT,2025-02-06T09:30:06.240000,119.9883636390105,100,00,@
MSFT,2025-02-06T09:30:06.320000,119.9860111979617,50,00,@
MSFT,2025-02-06T09:30:07.120000,119.98362832897455,50,00,@
MSFT,2025-02-06T09:30:07.920000,119.98143228481374,50,00,@
MSFT,2025-02-06T09:30:07.940000,119.98000114643206,50,00,@
MSFT,2025-02-06T09:30:08.740000,119.9781896578519,50,00,@
MSFT,2025-02-06T09:30:08.820000,119.97636530248005,10,00,@
MSFT,2025-02-06T09:30:08.840000,119.973704597861,10,00,@
MSFT,2025-02-06T09:30:09.640000,119.97110560022212,50,00,@
MSFT,2025-02-06T09:30:09.840000,119.96987238623305,200,00,@
MSFT,2025-02-06T09:30:10.640000,119.9668374524062,200,00,@
MSFT,2025-02-06T09:30:10.660000,119.96560074138064,200,00,@
MSFT,2025-02-06T09:30:10.860000,119.96590407277115,100,00,@
MSFT,2025-02-06T09:30:11.660000,119.96897595078921,10,00,@
MSFT,2025-02-06T09:30:11.680000,119.97029064242977,50,00,@
MSFT,2025-02-06T09:30:11.700000,119.9720007489743,10,00,@
MSFT,2025-02-06T09:30:11.900000,119.97138310473014,10,00,@
MSFT,2025-02-06T09:30:11.980000,119.97332862196681,10,00,@
MSFT,2025-02-06T09:30:12.180000,119.97600569707458,20,00,@
MSFT,2025-02-06T09:30:12.200000,119.97772908679794,200,00,@
MSFT,2025-02-06T09:30:12.400000,119.97932496917508,10,00,@
MSFT,2025-02-06T09:30:13.200000,119.98291449680657,100,00,@
MSFT,2025-02-06T09:30:13.220000,119.98523771631325,20,00,@
MSFT,2025-02-06T09:30:13.420000,119.98989940750285,400,00,@
MSFT,2025-02-06T09:30:13.620000,119.99148174805377,50,00,@
MSFT,2025-02-06T09:30:13.820000,119.99360193526387,10,00,@
MSFT,2025-02-06T09:30:13.840000,119.99699826158762,100,00,@
MSFT,2025-02-06T09:30:14.640000,120.00329487801366,200,00,@
MSFT,2025-02-06T09:30:14.840000,120.01130187554674,20,00,@
MSFT,2025-02-06T09:30:15.640000,120.01790953567787,100,00,@
MSFT,2025-02-06T09:30:15.720000,120.02436665247863,200,00,@
MSFT,2025-02-06T09:30:15.920000,120.02838018446121,20,00,@
MSFT,2025-02-06T09:30:16.120000,120.03263386519865,20,00,@
MSFT,2025-02-06T09:30:16.920000,120.03786595215243,400,00,@
MSFT,2025-02-06T09:30:17.720000,120.04492106973663,200,00,@
MSFT,2025-02-06T09:30:17.800000,120.05014562823958,200,00,@
MSFT,2025-02-06T09:30:17.880000,120.05591095442742,20,00,@
MSFT,2025-02-06T09:30:17.960000,120.0627671723097,20,00,@
MSFT,2025-02-06T09:30:18.160000,120.06905618817885,400,00,@
MSFT,2025-02-06T09:30:18.960000,120.07650727669325,400,00,@
MSFT,2025-02-06T09:30:19.040000,120.08127802743603,20,00,@
MSFT,2025-02-06T09:30:19.060000,120.08480138844087,100,00,@
MSFT,2025-02-06T09:30:19.860000,120.08915071342626,200,00,@
MSFT,2025-02-06T09:30:20.660000,120.09126238605299,200,00,@
MSFT,2025-02-06T09:30:20.860000,120.09240251405096,200,00,@
MSFT,2025-02-06T09:30:20.880000,120.0976751028152,20,00,@
MSFT,2025-02-06T09:30:21.680000,120.1005568485978,200,00,@
MSFT,2025-02-06T09:30:21.880000,120.1041922683736,50,00,@
MSFT,2025-02-06T09:30:21.960000,120.10359339277318,50,00,@
MSFT,2025-02-06T09:30:22.160000,120.10182860166572,200,00,@
MSFT,2025-02-06T09:30:22.960000,120.10184256607863,100,00,@
MSFT,2025-02-06T09:30:23.760000,120.10044066810968,10,00,@
MSFT,2025-02-06T09:30:23.960000,120.0987847420854,200,00,@
MSFT,2025-02-06T09:30:24.040000,120.09776415136133,10,00,@
MSFT,2025-02-06T09:30:24.240000,120.09983926878883,100,00,@
MSFT,2025-02-06T09:30:25.040000,120.10376795367988,200,00,@
MSFT,2025-02-06T09:30:25.840000,120.10616983706123,10,00,@
MSFT,2025-02-06T09:30:26.040000,120.10641694227012,100,00,@
MSFT,2025-02-06T09:30:26.240000,120.10393995769202,10,00,@
MSFT,2025-02-06T09:30:26.320000,120.10737555676742,100,00,@
MSFT,2025-02-06T09:30:26.400000,120.11233041031257,200,00,@
MSFT,2025-02-06T09:30:26.480000,120.11629583652939,400,00,@
MSFT,2025-02-06T09:30:26.500000,120.11832676329975,100,00,@
MSFT,2025-02-06T09:30:26.700000,120.1228110460565,10,00,@
MSFT,2025-02-06T09:30:26.780000,120.13032920503949,200,00,@
MSFT,2025-02-06T09:30:27.580000,120.1346227607634,200,00,@
MSFT,2025-02-06T09:30:27.660000,120.13658450343718,10,00,@
MSFT,2025-02-06T09:30:27.680000,120.13557336820293,50,00,@
MSFT,2025-02-06T09:30:27.880000,120.13590155736857,50,00,@
MSFT,2025-02-06T09:30:28.680000,120.13699514451113,200,00,@
MSFT,2025-02-06T09:30:28.760000,120.13733097971918,100,00,@
MSFT,2025-02-06T09:30:28.840000,120.14101100296124,200,00,@
MSFT,2025-02-06T09:30:29.640000,120.14230026835256,10,00,@
MSFT,2025-02-06T09:30:30.440000,120.14409911209718,50,00,@
MSFT,2025-02-06T09:30:30.460000,120.14754171577266,200,00,@
MSFT,2025-02-06T09:30:30.480000,120.15203907510023,100,00,@
MSFT,2025-02-06T09:30:31.280000,120.15872132833253,400,00,@
MSFT,2025-02-06T09:30:31.480000,120.16486060523142,200,00,@
MSFT,2025-02-06T09:30:32.280000,120.16882530277125,400,00,@
MSFT,2025-02-06T09:30:32.300000,120.17350922016817,20,00,@
MSFT,2025-02-06T09:30:33.100000,120.17170153126818,50,00,@
MSFT,2025-02-06T09:30:33.300000,120.16936734982217,200,00,@
MSFT,2025-02-06T09:30:33.500000,120.16891975895669,100,00,@
MSFT,2025-02-06T09:30:33.520000,120.16797438523643,200,00,@
MSFT,2025-02-06T09:30:33.540000,120.16828964504593,50,00,@
MSFT,2025-02-06T09:30:33.740000,120.17438554364928,100,00,@
MSFT,2025-02-06T09:30:33.820000,120.17785859009437,200,00,@
MSFT,2025-02-06T09:30:34.020000,120.17996160170652,100,00,@
MSFT,2025-02-06T09:30:34.220000,120.18042444037442,50,00,@
MSFT,2025-02-06T09:30:35.020000,120.18205234902068,10,00,@
MSFT,2025-02-06T09:30:35.220000,120.18215213836963,100,00,@
MSFT,2025-02-06T09:30:36.020000,120.18530236055636,100,00,@
MSFT,2025-02-06T09:30:36.040000,120.18887803321716,20,00,@
MSFT,2025-02-06T09:30:36.120000,120.19253929406824,20,00,@
MSFT,2025-02-06T09:30:36.920000,120.19897657683516,200,00,@
MSFT,2025-02-06T09:30:37,120.20612755247053,20,00,@
MSFT,2025-02-06T09:30:37.200000,120.21154064441173,20,00,@
MSFT,2025-02-06T09:30:37.220000,120.21676338861428,400,00,@
MSFT,2025-02-06T09:30:37.420000,120.22316166974647,100,00,@
MSFT,2025-02-06T09:30:37.440000,120.22829367901392,20,00,@
MSFT,2025-02-06T09:30:38.240000,120.23166127341663,200,00,@
MSFT,2025-02-06T09:30:38.320000,120.23821647560202,20,00,@
MSFT,2025-02-06T09:30:39.120000,120.24479842613205,400,00,@
MSFT,2025-02-06T09:30:39.200000,120.25327725653925,100,00,@
MSFT,2025-02-06T09:30:39.220000,120.26172237406375,20,00,@
MSFT,2025-02-06T09:30:40.020000,120.26934154956649,200,00,@
MSFT,2025-02-06T09:30:40.220000,120.2770791672298,400,00,@
MSFT,2025-02-06T09:30:41.020000,120.28307188523323,20,00,@
MSFT,2025-02-06T09:30:41.220000,120.28909230122727,100,00,@
MSFT,2025-02-06T09:30:41.240000,120.29390845124517,100,00,@
MSFT,2025-02-06T09:30:41.260000,120.29743919488675,10,00,@
MSFT,2025-02-07T09:30:00.080000,119.99578528226047,10,00,@
MSFT,2025-02-07T09:30:00.100000,119.99091799921811,200,00,@
MSFT,2025-02-07T09:30:00.180000,119.98556807495174,50,00,@
MSFT,2025-02-07T09:30:00.260000,119.98185032035448,400,00,@
MSFT,2025-02-07T09:30:00.340000,119.9752621264453,20,00,@
MSFT,2025-02-07T09:30:00.420000,119.96850058381621,400,00,@
MSFT,2025-02-07T09:30:00.620000,119.9653459053533,200,00,@
MSFT,2025-02-07T09:30:00.700000,119.96208743965481,100,00,@
MSFT,2025-02-07T09:30:00.900000,119.95980193810763,10,00,@
MSFT,2025-02-07T09:30:01.100000,119.96024541346489,50,00,@
MSFT,2025-02-07T09:30:01.120000,119.9579249526033,200,00,@
MSFT,2025-02-07T09:30:01.200000,119.95322508598743,400,00,@
MSFT,2025-02-07T09:30:01.220000,119.95072700581086,200,00,@
MSFT,2025-02-07T09:30:01.300000,119.94877212123846,10,00,@
MSFT,2025-02-07T09:30:01.320000,119.9431003747618,100,00,@
MSFT,2025-02-07T09:30:01.340000,119.93991857045255,10,00,@
MSFT,2025-02-07T09:30:02.140000,119.94050756333846,100,00,@
MSFT,2025-02-07T09:30:02.940000,119.9383559362434,100,00,@
MSFT,2025-02-07T09:30:03.140000,119.9369928219672,100,00,@
MSFT,2025-02-07T09:30:03.340000,119.93791625318303,200,00,@
MSFT,2025-02-07T09:30:03.540000,119.9358121764787,50,00,@
MSFT,2025-02-07T09:30:03.620000,119.93658915428317,100,00,@
MSFT,2025-02-07T09:30:03.640000,119.93621384613684,10,00,@
MSFT,2025-02-07T09:30:03.660000,119.93823765508952,100,00,@
MSFT,2025-02-07T09:30:03.680000,119.94141787990786,50,00,@
MSFT,2025-02-07T09:30:04.480000,119.94513012487045,10,00,@
MSFT,2025-02-07T09:30:04.680000,119.9491019307162,10,00,@
MSFT,2025-02-07T09:30:04.700000,119.95228281742138,100,00,@
MSFT,2025-02-07T09:30:05.500000,119.95103892403472,50,00,@
MSFT,2025-02-07T09:30:05.580000,119.94765005117993,10,00,@
MSFT,2025-02-07T09:30:05.780000,119.94971083974649,100,00,@
MSFT,2025-02-07T09:30:05.800000,119.95058989549642,200,00,@
MSFT,2025-02-07T09:30:06,119.95210209729836,50,00,@
MSFT,2025-02-07T09:30:06.020000,119.9522435573323,200,00,@
MSFT,2025-02-07T09:30:06.220000,119.9533496927915,10,00,@
MSFT,2025-02-07T09:30:06.420000,119.95031384884042,10,00,@
MSFT,2025-02-07T09:30:06.440000,119.94774614747443,100,00,@
MSFT,2025-02-07T09:30:06.640000,119.94779013196856,100,00,@
MSFT,2025-02-07T09:30:06.840000,119.9461497880011,50,00,@
MSFT,2025-02-07T09:30:07.640000,119.94243928458074,50,00,@
MSFT,2025-02-07T09:30:07.720000,119.94085406624879,10,00,@
MSFT,2025-02-07T09:30:07.800000,119.93963085644317,50,00,@
MSFT,2025-02-07T09:30:08,119.93872880513692,10,00,@
MSFT,2025-02-07T09:30:08.080000,119.93566122799287,200,00,@
MSFT,2025-02-07T09:30:08.880000,119.93083653734884,100,00,@
MSFT,2025-02-07T09:30:08.900000,119.9274403412417,200,00,@
MSFT,2025-02-07T09:30:08.920000,119.92498582029772,10,00,@
MSFT,2025-02-07T09:30:08.940000,119.91813216999671,20,00,@
MSFT,2025-02-07T09:30:09.020000,119.91112379100208,400,00,@
MSFT,2025-02-07T09:30:09.220000,119.90385710413021,20,00,@
MSFT,2025-02-07T09:30:09.420000,119.89864017052085,100,00,@
MSFT,2025-02-07T09:30:10.220000,119.89817171718187,10,00,@
MSFT,2025-02-07T09:30:10.240000,119.90022208290178,100,00,@
MSFT,2025-02-07T09:30:10.440000,119.90360923048726,20,00,@
MSFT,2025-02-07T09:30:10.460000,119.90930434522856,200,00,@
MSFT,2025-02-07T09:30:10.480000,119.90819351767904,100,00,@
MSFT,2025-02-07T09:30:10.560000,119.9039896444594,20,00,@
MSFT,2025-02-07T09:30:11.360000,119.90345340478059,50,00,@
MSFT,2025-02-07T09:30:12.160000,119.90256887657313,50,00,@
MSFT,2025-02-07T09:30:12.180000,119.90285266038336,50,00,@
MSFT,2025-02-07T09:30:12.200000,119.90001998691751,10,00,@
MSFT,2025-02-07T09:30:12.400000,119.90014264400894,50,00,@
MSFT,2025-02-07T09:30:12.420000,119.90583836944056,100,00,@
MSFT,2025-02-07T09:30:12.500000,119.91098884008156,20,00,@
MSFT,2025-02-07T09:30:12.700000,119.91621021365533,400,00,@
MSFT,2025-02-07T09:30:12.780000,119.91772891553535,10,00,@
MSFT,2025-02-07T09:30:12.980000,119.91938894595334,50,00,@
MSFT,2025-02-07T09:30:13.780000,119.91838768831735,200,00,@
MSFT,2025-02-07T09:30:13.860000,119.92002829438843,10,00,@
MSFT,2025-02-07T09:30:13.880000,119.91886733887755,10,00,@
MSFT,2025-02-07T09:30:13.960000,119.91999808707715,50,00,@
MSFT,2025-02-07T09:30:14.040000,119.92063425046096,50,00,@
MSFT,2025-02-07T09:30:14.120000,119.92303579327086,100,00,@
MSFT,2025-02-07T09:30:14.140000,119.92118482875219,50,00,@
MSFT,2025-02-07T09:30:14.160000,119.92366202717328,100,00,@
MSFT,2025-02-07T09:30:14.360000,119.92363123654863,10,00,@
MSFT,2025-02-07T09:30:14.440000,119.92117927851896,50,00,@
MSFT,2025-02-07T09:30:14.460000,119.91835072811095,100,00,@
MSFT,2025-02-07T09:30:14.480000,119.91559957641891,200,00,@
MSFT,2025-02-07T09:30:15.280000,119.91124473399282,400,00,@
MSFT,2025-02-07T09:30:15.300000,119.90739085132742,400,00,@
MSFT,2025-02-07T09:30:15.380000,119.90401597396166,100,00,@
MSFT,2025-02-07T09:30:15.400000,119.90192240127688,10,00,@
MSFT,2025-02-07T09:30:15.600000,119.8985769295186,200,00,@
MSFT,2025-02-07T09:30:15.680000,119.89329191995381,400,00,@
MSFT,2025-02-07T09:30:16.480000,119.89071878090834,200,00,@
MSFT,2025-02-07T09:30:16.500000,119.88904938593275,50,00,@
MSFT,2025-02-07T09:30:17.300000,119.88880860742418,200,00,@
MSFT,2025-02-07T09:30:17.380000,119.88970227116438,10,00,@
MSFT,2025-02-07T09:30:18.180000,119.88688813576164,100,00,@
MSFT,2025-02-07T09:30:18.200000,119.88813839425029,50,00,@
MSFT,2025-02-07T09:30:18.280000,119.88708834781596,50,00,@
MSFT,2025-02-07T09:30:18.360000,119.88601217471174,200,00,@
MSFT,2025-02-07T09:30:18.560000,119.88559802101877,200,00,@
MSFT,2025-02-07T09:30:19.360000,119.88282950504295,10,00,@
MSFT,2025-02-07T09:30:19.440000,119.88076917132959,10,00,@
MSFT,2025-02-07T09:30:19.640000,119.87998145846456,200,00,@
MSFT,2025-02-07T09:30:19.660000,119.87981398408671,200,00,@
MSFT,2025-02-07T09:30:19.860000,119.87637153025378,10,00,@
MSFT,2025-02-07T09:30:19.880000,119.87426591756983,100,00,@
MSFT,2025-02-07T09:30:20.680000,119.87550811001924,100,00,@
MSFT,2025-02-07T09:30:20.880000,119.87791495086755,100,00,@
MSFT,2025-02-07T09:30:21.680000,119.88155705179018,10,00,@
MSFT,2025-02-07T09:30:21.760000,119.88688586726268,10,00,@
MSFT,2025-02-07T09:30:21.840000,119.8886797519539,200,00,@
MSFT,2025-02-07T09:30:22.040000,119.8898558209307,10,00,@
MSFT,2025-02-07T09:30:22.240000,119.89076821022556,200,00,@
MSFT,2025-02-07T09:30:22.320000,119.8942118087493,10,00,@
MSFT,2025-02-07T09:30:22.520000,119.89632889410004,200,00,@
MSFT,2025-02-07T09:30:22.720000,119.89719446018007,10,00,@
MSFT,2025-02-07T09:30:22.740000,119.89802136403884,100,00,@
MSFT,2025-02-07T09:30:22.940000,119.89823014874815,10,00,@
MSFT,2025-02-07T09:30:23.020000,119.89578903349636,10,00,@
MSFT,2025-02-07T09:30:23.820000,119.89810113885409,200,00,@
MSFT,2025-02-07T09:30:24.020000,119.8995412996765,100,00,@
MSFT,2025-02-07T09:30:24.100000,119.90114343659987,10,00,@
MSFT,2025-02-07T09:30:24.180000,119.9042799451996,10,00,@
MSFT,2025-02-07T09:30:24.980000,119.90772609592703,100,00,@
MSFT,2025-02-07T09:30:25.060000,119.91112314820158,400,00,@
MSFT,2025-02-07T09:30:25.140000,119.91171034895228,50,00,@
MSFT,2025-02-07T09:30:25.940000,119.91254810180213,10,00,@
MSFT,2025-02-07T09:30:26.020000,119.91033267127669,100,00,@
MSFT,2025-02-07T09:30:26.820000,119.90597722957416,200,00,@
MSFT,2025-02-07T09:30:27.020000,119.89949527803978,20,00,@
MSFT,2025-02-07T09:30:27.220000,119.89288477984609,200,00,@
MSFT,2025-02-07T09:30:27.240000,119.88680454678058,200,00,@
MSFT,2025-02-07T09:30:27.260000,119.88308830328724,50,00,@
MSFT,2025-02-07T09:30:27.460000,119.88113049034007,50,00,@
MSFT,2025-02-10T09:30:00.800000,119.99908119435173,100,00,@
MSFT,2025-02-10T09:30:00.820000,119.99495849374917,10,00,@
MSFT,2025-02-10T09:30:01.620000,119.99145655533933,10,00,@
MSFT,2025-02-10T09:30:02.420000,119.98720768160058,100,00,@
MSFT,2025-02-10T09:30:03.220000,119.98736257366266,200,00,@
MSFT,2025-02-10T09:30:03.240000,119.98818863758365,100,00,@
MSFT,2025-02-10T09:30:03.440000,119.98940029921421,10,00,@
MSFT,2025-02-10T09:30:03.640000,119.99218887366193,10,00,@
MSFT,2025-02-10T09:30:03.840000,119.99256476332302,100,00,@
MSFT,2025-02-10T09:30:04.040000,119.99284884579814,50,00,@
MSFT,2025-02-10T09:30:04.120000,119.99329043679944,50,00,@
MSFT,2025-02-10T09:30:04.140000,119.99484962876711,100,00,@
MSFT,2025-02-10T09:30:04.940000,119.99549451069349,50,00,@
MSFT,2025-02-10T09:30:05.740000,120.00018679933314,200,00,@
MSFT,2025-02-10T09:30:05.760000,120.00556849708975,20,00,@
MSFT,2025-02-10T09:30:06.560000,120.00919798433614,10,00,@
MSFT,2025-02-10T09:30:06.760000,120.01104745606887,50,00,@
MSFT,2025-02-10T09:30:07.560000,120.01132287817298,100,00,@
MSFT,2025-02-10T09:30:08.360000,120.01262705857086,50,00,@
MSFT,2025-02-10T09:30:08.440000,120.01438595764927,200,00,@
MSFT,2025-02-10T09:30:08.640000,120.01133703080426,100,00,@
MSFT,2025-02-10T09:30:08.720000,120.01157010187339,200,00,@
MSFT,2025-02-10T09:30:08.920000,120.01547849578466,100,00,@
MSFT,2025-02-10T09:30:09,120.02340770200391,200,00,@
MSFT,2025-02-10T09:30:09.080000,120.02979803788682,200,00,@
MSFT,2025-02-10T09:30:09.160000,120.0337829090012,400,00,@
MSFT,2025-02-10T09:30:09.960000,120.04188674408327,200,00,@
MSFT,2025-02-10T09:30:10.040000,120.04816950221804,20,00,@
MSFT,2025-02-10T09:30:10.060000,120.05151501728616,100,00,@
MSFT,2025-02-10T09:30:10.140000,120.05431217557623,100,00,@
MSFT,2025-02-10T09:30:10.940000,120.06012547542207,100,00,@
MSFT,2025-02-10T09:30:11.020000,120.06217916429499,100,00,@
MSFT,2025-02-10T09:30:11.040000,120.06088900365813,100,00,@
MSFT,2025-02-10T09:30:11.120000,120.06174971114282,10,00,@
MSFT,2025-02-10T09:30:11.920000,120.05866070463905,50,00,@
MSFT,2025-02-10T09:30:12.120000,120.06053639147227,100,00,@
MSFT,2025-02-10T09:30:12.320000,120.05977581650556,100,00,@
MSFT,2025-02-10T09:30:12.400000,120.0571437451107,10,00,@
MSFT,2025-02-10T09:30:12.480000,120.05441528095527,50,00,@
MSFT,2025-02-10T09:30:12.500000,120.05087552682883,20,00,@
MSFT,2025-02-10T09:30:12.580000,120.04624795076737,200,00,@
MSFT,2025-02-10T09:30:12.600000,120.0391313608567,400,00,@
MSFT,2025-02-10T09:30:12.800000,120.03529717454032,200,00,@
MSFT,2025-02-10T09:30:12.820000,120.03222906180082,20,00,@
MSFT,2025-02-10T09:30:13.620000,120.03184910080076,10,00,@
MSFT,2025-02-10T09:30:14.420000,120.03098623248295,10,00,@
MSFT,2025-02-10T09:30:14.500000,120.0262231874117,200,00,@
MSFT,2025-02-10T09:30:14.700000,120.01990477268488,400,00,@
MSFT,2025-02-10T09:30:14.900000,120.01447008606384,100,00,@
MSFT,2025-02-10T09:30:14.920000,120.00666489190665,200,00,@
MSFT,2025-02-10T09:30:15.120000,119.99845944648263,200,00,@
MSFT,2025-02-10T09:30:15.920000,119.99177391861225,400,00,@
MSFT,2025-02-10T09:30:16.720000,119.9858790228326,200,00,@
MSFT,2025-02-10T09:30:16.740000,119.9805762917342,20,00,@
MSFT,2025-02-10T09:30:16.760000,119.97632182560946,200,00,@
MSFT,2025-02-10T09:30:17.560000,119.97057623050158,20,00,@
MSFT,2025-02-10T09:30:17.760000,119.96892917607138,50,00,@
MSFT,2025-02-10T09:30:17.960000,119.96190708535606,100,00,@
MSFT,2025-02-10T09:30:18.040000,119.95931888689123,10,00,@
MSFT,2025-02-10T09:30:18.060000,119.95764766439902,200,00,@
MSFT,2025-02-10T09:30:18.860000,119.95668436940504,200,00,@
MSFT,2025-02-10T09:30:18.940000,119.95536610435695,10,00,@
MSFT,2025-02-10T09:30:18.960000,119.9529924937919,10,00,@
MSFT,2025-02-10T09:30:19.160000,119.95390847120112,10,00,@
MSFT,2025-02-10T09:30:19.360000,119.95449420338713,10,00,@
MSFT,2025-02-10T09:30:20.160000,119.95267951913995,100,00,@
MSFT,2025-02-10T09:30:20.180000,119.94968535106624,200,00,@
MSFT,2025-02-10T09:30:20.380000,119.95046915782359,50,00,@
MSFT,2025-02-10T09:30:21.180000,119.94850552781863,200,00,@
MSFT,2025-02-10T09:30:21.380000,119.94803241996809,100,00,@
MSFT,2025-02-10T09:30:21.400000,119.9496802227109,100,00,@
MSFT,2025-02-10T09:30:21.420000,119.95217260201953,200,00,@
MSFT,2025-02-10T09:30:21.620000,119.95341514144941,200,00,@
MSFT,2025-02-10T09:30:21.700000,119.95445471328534,200,00,@
MSFT,2025-02-10T09:30:21.900000,119.95677594371016,200,00,@
MSFT,2025-02-10T09:30:21.980000,119.96092372730503,200,00,@
MSFT,2025-02-10T09:30:22.780000,119.96550243735108,200,00,@
MSFT,2025-02-10T09:30:22.860000,119.96760207996924,100,00,@
MSFT,2025-02-10T09:30:23.060000,119.97266547166848,100,00,@
MSFT,2025-02-10T09:30:23.260000,119.9765898540707,100,00,@
MSFT,2025-02-10T09:30:23.340000,119.97915416016235,50,00,@
MSFT,2025-02-10T09:30:24.140000,119.98344255847594,20,00,@
MSFT,2025-02-10T09:30:24.340000,119.98499576680632,200,00,@
MSFT,2025-02-10T09:30:24.540000,119.98407560511218,10,00,@
MSFT,2025-02-10T09:30:25.340000,119.9792623298949,200,00,@
MSFT,2025-02-10T09:30:25.540000,119.9755847594354,100,00,@
MSFT,2025-02-10T09:30:25.560000,119.97318121403212,100,00,@
MSFT,2025-02-10T09:30:25.760000,119.9712121792298,200,00,@
MSFT,2025-02-10T09:30:25.780000,119.97143198604378,200,00,@
MSFT,2025-02-10T09:30:25.800000,119.96905840010358,50,00,@
MSFT,2025-02-10T09:30:26.600000,119.9658662318298,20,00,@
MSFT,2025-02-10T09:30:26.680000,119.9611473783853,200,00,@
MSFT,2025-02-10T09:30:26.760000,119.95623789123516,400,00,@
MSFT,2025-02-10T09:30:27.560000,119.94861991349107,100,00,@
MSFT,2025-02-10T09:30:27.580000,119.9420485704586,20,00,@
MSFT,2025-02-10T09:30:27.600000,119.93957381587164,200,00,@
MSFT,2025-02-10T09:30:27.800000,119.93823027730247,200,00,@
MSFT,2025-02-10T09:30:27.880000,119.93420862405523,20,00,@
MSFT,2025-02-10T09:30:27.960000,119.92867568243223,200,00,@
MSFT,2025-02-10T09:30:27.980000,119.92306222586963,200,00,@
MSFT,2025-02-10T09:30:28,119.9211780109751,50,00,@
MSFT,2025-02-10T09:30:28.020000,119.92078118924061,50,00,@
MSFT,2025-02-10T09:30:28.820000,119.92311606784348,200,00,@
MSFT,2025-02-10T09:30:29.020000,119.92613560095981,50,00,@
MSFT,2025-02-10T09:30:29.820000,119.93154117125295,200,00,@
MSFT,2025-02-10T09:30:29.840000,119.93711651836249,200,00,@
MSFT,2025-02-10T09:30:30.040000,119.94102732564434,50,00,@
MSFT,2025-02-10T09:30:30.240000,119.94234908621084,50,00,@
MSFT,2025-02-10T09:30:31.040000,119.9453566574665,100,00,@
MSFT,2025-02-10T09:30:31.060000,119.94882001896711,100,00,@
MSFT,2025-02-10T09:30:31.080000,119.95078431420767,10,00,@
MSFT,2025-02-10T09:30:31.280000,119.9559647479623,200,00,@
MSFT,2025-02-10T09:30:32.080000,119.9575032811716,10,00,@
MSFT,2025-02-10T09:30:32.100000,119.9614544166758,200,00,@
MSFT,2025-02-10T09:30:32.900000,119.96770004199482,400,00,@
MSFT,2025-02-10T09:30:33.100000,119.97196914079977,100,00,@
MSFT,2025-02-10T09:30:33.300000,119.9769324032626,200,00,@
MSFT,2025-02-10T09:30:34.100000,119.97915500349791,200,00,@
MSFT,2025-02-10T09:30:34.300000,119.98303959063021,50,00,@
MSFT,2025-02-10T09:30:35.100000,119.98622345151337,200,00,@
MSFT,2025-02-10T09:30:35.180000,119.99057000503136,200,00,@
MSFT,2025-02-10T09:30:35.200000,119.99313649669115,100,00,@
MSFT,2025-02-10T09:30:35.220000,119.99357601509669,200,00,@
MSFT,2025-02-10T09:30:36.020000,119.99118246061447,10,00,@
MSFT,2025-02-10T09:30:36.040000,119.98931890335464,100,00,@
MSFT,2025-02-10T09:30:36.840000,119.99069422943651,50,00,@
MSFT,2025-02-10T09:30:36.920000,119.98994113480542,50,00,@
MSFT,2025-02-10T09:30:37.120000,119.99281915393817,100,00,@
MSFT,2025-02-11T09:30:00.080000,119.99881238023683,200,00,@
MSFT,2025-02-11T09:30:00.160000,119.99635438567542,100,00,@
MSFT,2025-02-11T09:30:00.180000,119.98864882233408,400,00,@
MSFT,2025-02-11T09:30:00.380000,119.98475124190487,100,00,@
MSFT,2025-02-11T09:30:00.400000,119.9833239183352,50,00,@
MSFT,2025-02-11T09:30:00.600000,119.98266403344228,10,00,@
MSFT,2025-02-11T09:30:00.800000,119.98402421907946,200,00,@
MSFT,2025-02-11T09:30:01,119.98719994974161,10,00,@
MSFT,2025-02-11T09:30:01.020000,119.98877976190454,50,00,@
MSFT,2025-02-11T09:30:01.040000,119.9919569662537,20,00,@
MSFT,2025-02-11T09:30:01.060000,119.9966762692736,200,00,@
MSFT,2025-02-11T09:30:01.860000,119.99607541704823,50,00,@
MSFT,2025-02-11T09:30:01.880000,119.9968295828042,10,00,@
MSFT,2025-02-11T09:30:01.900000,119.99803148284697,100,00,@
MSFT,2025-02-11T09:30:01.920000,119.99912685973982,50,00,@
MSFT,2025-02-11T09:30:02.120000,120.00083507158774,50,00,@
MSFT,2025-02-11T09:30:02.920000,120.0016742900713,100,00,@
MSFT,2025-02-11T09:30:03,120.00185674139806,10,00,@
MSFT,2025-02-11T09:30:03.200000,120.00143770834144,50,00,@
MSFT,2025-02-11T09:30:03.220000,120.00057394505511,10,00,@
MSFT,2025-02-11T09:30:04.020000,119.99941627982686,20,00,@
MSFT,2025-02-11T09:30:04.040000,119.9948337540249,100,00,@
MSFT,2025-02-11T09:30:04.840000,119.98957002561075,200,00,@
MSFT,2025-02-11T09:30:04.860000,119.98534030706043,400,00,@
MSFT,2025-02-11T09:30:05.060000,119.98138218612016,200,00,@
MSFT,2025-02-11T09:30:05.260000,119.97774920889623,20,00,@
MSFT,2025-02-11T09:30:05.340000,119.97388877038641,100,00,@
MSFT,2025-02-11T09:30:05.540000,119.97203210285056,200,00,@
MSFT,2025-02-11T09:30:05.560000,119.96869979970383,200,00,@
MSFT,2025-02-11T09:30:06.360000,119.96692785666028,10,00,@
MSFT,2025-02-11T09:30:06.560000,119.96414865360174,10,00,@
MSFT,2025-02-11T09:30:07.360000,119.96129521503043,10,00,@
MSFT,2025-02-11T09:30:07.560000,119.95872512071358,50,00,@
MSFT,2025-02-11T09:30:07.760000,119.95612045583067,10,00,@
MSFT,2025-02-11T09:30:07.840000,119.95197361719875,400,00,@
MSFT,2025-02-11T09:30:08.640000,119.95127384466072,50,00,@
MSFT,2025-02-11T09:30:08.840000,119.94961877172379,50,00,@
MSFT,2025-02-11T09:30:08.920000,119.9468646640723,10,00,@
MSFT,2025-02-11T09:30:09.720000,119.94218162880429,20,00,@
MSFT,2025-02-11T09:30:10.520000,119.93737120614982,400,00,@
MSFT,2025-02-11T09:30:10.720000,119.93222922539938,400,00,@
MSFT,2025-02-11T09:30:10.800000,119.92748829471286,400,00,@
MSFT,2025-02-11T09:30:11,119.9224355690371,200,00,@
MSFT,2025-02-11T09:30:11.080000,119.91862059934294,100,00,@
MSFT,2025-02-11T09:30:11.880000,119.91281677571567,400,00,@
MSFT,2025-02-11T09:30:11.900000,119.90953816776263,400,00,@
MSFT,2025-02-11T09:30:12.100000,119.90531601662333,20,00,@
MSFT,2025-02-11T09:30:12.180000,119.89683354416425,20,00,@
MSFT,2025-02-11T09:30:12.260000,119.88582155331947,400,00,@
MSFT,2025-02-11T09:30:13.060000,119.87483732334682,400,00,@
MSFT,2025-02-11T09:30:13.860000,119.86684604169984,100,00,@
MSFT,2025-02-11T09:30:13.880000,119.86043575842167,200,00,@
MSFT,2025-02-11T09:30:13.900000,119.85118385791631,400,00,@
MSFT,2025-02-11T09:30:14.700000,119.84438438885061,400,00,@
MSFT,2025-02-11T09:30:15.500000,119.8408228622915,200,00,@
MSFT,2025-02-11T09:30:15.700000,119.84000591593131,10,00,@
MSFT,2025-02-11T09:30:15.900000,119.83859493219566,100,00,@
MSFT,2025-02-11T09:30:15.920000,119.83566719738582,10,00,@
MSFT,2025-02-11T09:30:15.940000,119.8309344133561,100,00,@
MSFT,2025-02-11T09:30:15.960000,119.8264480229824,100,00,@
MSFT,2025-02-11T09:30:16.760000,119.8279502989321,200,00,@
MSFT,2025-02-11T09:30:17.560000,119.82836594050235,200,00,@
MSFT,2025-02-11T09:30:17.760000,119.82795456245633,100,00,@
MSFT,2025-02-11T09:30:17.780000,119.82677111359584,100,00,@
MSFT,2025-02-11T09:30:17.980000,119.82489262449172,10,00,@
MSFT,2025-02-11T09:30:18.180000,119.8227489000974,50,00,@
MSFT,2025-02-11T09:30:18.200000,119.82010624806334,200,00,@
MSFT,2025-02-11T09:30:19,119.81915695740258,200,00,@
MSFT,2025-02-11T09:30:19.020000,119.82005711106737,50,00,@
MSFT,2025-02-11T09:30:19.820000,119.82234165300936,100,00,@
MSFT,2025-02-11T09:30:19.840000,119.82318124013246,50,00,@
MSFT,2025-02-11T09:30:19.860000,119.82203864638876,10,00,@
MSFT,2025-02-11T09:30:19.880000,119.82198462991482,200,00,@
MSFT,2025-02-11T09:30:19.900000,119.82123869078468,200,00,@
MSFT,2025-02-11T09:30:20.700000,119.82175479372361,200,00,@
MSFT,2025-02-11T09:30:20.720000,119.82261199745778,50,00,@
MSFT,2025-02-11T09:30:21.520000,119.82400915411546,100,00,@
MSFT,2025-02-11T09:30:21.720000,119.82687877882778,100,00,@
MSFT,2025-02-11T09:30:22.520000,119.82843702092701,100,00,@
MSFT,2025-02-11T09:30:22.540000,119.8262855997336,50,00,@
MSFT,2025-02-11T09:30:23.340000,119.82280873798197,200,00,@
MSFT,2025-02-11T09:30:23.420000,119.8165943528434,200,00,@
MSFT,2025-02-11T09:30:23.500000,119.81584686272399,100,00,@
MSFT,2025-02-11T09:30:24.300000,119.81609244078723,100,00,@
MSFT,2025-02-11T09:30:24.500000,119.81533120566979,100,00,@
MSFT,2025-02-11T09:30:25.300000,119.81294599100373,200,00,@
MSFT,2025-02-11T09:30:25.500000,119.81067972093132,50,00,@
MSFT,2025-02-11T09:30:25.520000,119.80605374084129,200,00,@
MSFT,2025-02-11T09:30:25.600000,119.79986181774817,200,00,@
MSFT,2025-02-11T09:30:25.620000,119.79951806761716,100,00,@
MSFT,2025-02-11T09:30:25.820000,119.79806459167148,100,00,@
MSFT,2025-02-11T09:30:25.900000,119.8019763444423,50,00,@
MSFT,2025-02-11T09:30:25.980000,119.80242969406599,50,00,@
MSFT,2025-02-11T09:30:26.180000,119.80134482331796,50,00,@
MSFT,2025-02-11T09:30:26.980000,119.79731434508885,200,00,@
MSFT,2025-02-11T09:30:27.180000,119.790059092013,400,00,@
MSFT,2025-02-11T09:30:27.260000,119.78402077039159,200,00,@
MSFT,2025-02-11T09:30:28.060000,119.77983752324037,100,00,@
MSFT,2025-02-11T09:30:28.080000,119.77191822076001,200,00,@
MSFT,2025-02-11T09:30:28.100000,119.77023751879167,100,00,@
MSFT,2025-02-11T09:30:28.180000,119.77077431387573,100,00,@
MSFT,2025-02-11T09:30:28.980000,119.76934424675028,100,00,@
MSFT,2025-02-11T09:30:29.060000,119.77249213843677,10,00,@
MSFT,2025-02-11T09:30:29.260000,119.7737046963145,200,00,@
MSFT,2025-02-11T09:30:29.280000,119.7744173716962,200,00,@
MSFT,2025-02-11T09:30:29.360000,119.77657595607684,100,00,@
MSFT,2025-02-11T09:30:29.380000,119.78014232487448,200,00,@
MSFT,2025-02-11T09:30:30.180000,119.78231683329206,200,00,@
MSFT,2025-02-11T09:30:30.980000,119.78184264985155,10,00,@
MSFT,2025-02-11T09:30:31.060000,119.78230296867707,100,00,@
MSFT,2025-02-11T09:30:31.080000,119.78104413470253,10,00,@
MSFT,2025-02-11T09:30:31.880000,119.78046573512583,10,00,@
MSFT,2025-02-11T09:30:31.900000,119.77984559087393,10,00,@
MSFT,2025-02-11T09:30:32.700000,119.78252761098011,200,00,@
MSFT,2025-02-11T09:30:33.500000,119.78482467358727,10,00,@
MSFT,2025-02-11T09:30:33.520000,119.78791577853602,200,00,@
MSFT,2025-02-11T09:30:33.600000,119.7897239503567,100,00,@
MSFT,2025-02-11T09:30:33.620000,119.79421296740843,10,00,@
MSFT,2025-02-11T09:30:34.420000,119.7990267025694,50,00,@
MSFT,2025-02-11T09:30:34.620000,119.80023975228364,100,00,@
MSFT,2025-02-11T09:30:34.820000,119.80212310285047,200,00,@
MSFT,2025-02-11T09:30:35.620000,119.80464553798473,200,00,@
MSFT,2025-02-11T09:30:35.640000,119.80575502856523,100,00,@
MSFT,2025-02-11T09:30:36.440000,119.80676391085593,100,00,@
MSFT,2025-02-11T09:30:36.640000,119.80581624355983,100,00,@
MSFT,2025-02-11T09:30:37.440000,119.8045106738128,100,00,@
MSFT,2025-02-11T09:30:38.240000,119.8008726780623,100,00,@
MSFT,2025-02-11T09:30:38.440000,119.8015356965007,50,00,@
MSFT,2025-02-12T09:30:00.800000,120.00257545058626,100,00,@
MSFT,2025-02-12T09:30:00.820000,120.00574323342923,200,00,@
MSFT,2025-02-12T09:30:01.620000,120.00638429599023,200,00,@
MSFT,2025-02-12T09:30:01.700000,120.0070992651262,200,00,@
MSFT,2025-02-12T09:30:01.720000,120.00463211643601,100,00,@
MSFT,2025-02-12T09:30:01.800000,120.00100162830236,20,00,@
MSFT,2025-02-12T09:30:01.820000,119.99776371152177,200,00,@
MSFT,2025-02-12T09:30:02.020000,119.9944041111478,50,00,@
MSFT,2025-02-12T09:30:02.040000,119.99038354888944,100,00,@
MSFT,2025-02-12T09:30:02.120000,119.98951559166134,100,00,@
MSFT,2025-02-12T09:30:02.920000,119.98866671106353,200,00,@
MSFT,2025-02-12T09:30:03.120000,119.98701629970712,50,00,@
MSFT,2025-02-12T09:30:03.320000,119.98739195012905,50,00,@
MSFT,2025-02-12T09:30:03.400000,119.98776056137224,200,00,@
MSFT,2025-02-12T09:30:03.480000,119.98964585458138,50,00,@
MSFT,2025-02-12T09:30:03.680000,119.98930400480786,10,00,@
MSFT,2025-02-12T09:30:03.880000,119.98788797762884,50,00,@
MSFT,2025-02-12T09:30:04.680000,119.98602105178043,50,00,@
MSFT,2025-02-12T09:30:04.700000,119.98220231227154,100,00,@
MSFT,2025-02-12T09:30:04.720000,119.98099986491778,50,00,@
MSFT,2025-02-12T09:30:05.520000,119.97844608460234,200,00,@
MSFT,2025-02-12T09:30:06.320000,119.97722941772493,50,00,@
MSFT,2025-02-12T09:30:07.120000,119.97655839380921,100,00,@
MSFT,2025-02-12T09:30:07.140000,119.97563449078937,100,00,@
MSFT,2025-02-12T09:30:07.160000,119.97625020757421,50,00,@
MSFT,2025-02-12T09:30:07.960000,119.97608333299199,10,00,@
MSFT,2025-02-12T09:30:07.980000,119.9760826780851,200,00,@
MSFT,2025-02-12T09:30:08.060000,119.97537674885672,50,00,@
MSFT,2025-02-12T09:30:08.860000,119.97546450443788,10,00,@
MSFT,2025-02-12T09:30:08.940000,119.97796850193978,100,00,@
MSFT,2025-02-12T09:30:09.740000,119.97950199248773,100,00,@
MSFT,2025-02-12T09:30:09.760000,119.97850511717981,200,00,@
MSFT,2025-02-12T09:30:09.780000,119.97876168574129,200,00,@
MSFT,2025-02-12T09:30:09.800000,119.97769004939104,200,00,@
MSFT,2025-02-12T09:30:10.600000,119.97298988289248,20,00,@
MSFT,2025-02-12T09:30:11.400000,119.97309476329461,200,00,@
MSFT,2025-02-12T09:30:11.420000,119.97287039036902,100,00,@
MSFT,2025-02-12T09:30:12.220000,119.97325713799542,100,00,@
MSFT,2025-02-12T09:30:12.420000,119.97245277068538,10,00,@
MSFT,2025-02-12T09:30:13.220000,119.9734527207237,200,00,@
MSFT,2025-02-12T09:30:13.420000,119.96916607228017,100,00,@
MSFT,2025-02-12T09:30:13.620000,119.96469733683237,100,00,@
MSFT,2025-02-12T09:30:13.820000,119.96177434343134,100,00,@
MSFT,2025-02-12T09:30:13.900000,119.95894531812131,100,00,@
MSFT,2025-02-12T09:30:13.920000,119.95727785147726,200,00,@
MSFT,2025-02-12T09:30:14.720000,119.95501993973416,100,00,@
MSFT,2025-02-12T09:30:15.520000,119.95740995390302,10,00,@
MSFT,2025-02-12T09:30:16.320000,119.96135606372127,20,00,@
MSFT,2025-02-12T09:30:16.520000,119.96513472995976,200,00,@
MSFT,2025-02-12T09:30:17.320000,119.9706285441785,200,00,@
MSFT,2025-02-12T09:30:17.340000,119.97019700679348,100,00,@
MSFT,2025-02-12T09:30:17.420000,119.97093373104487,100,00,@
MSFT,2025-02-12T09:30:17.440000,119.97138696488113,10,00,@
MSFT,2025-02-12T09:30:18.240000,119.97311838985688,50,00,@
MSFT,2025-02-12T09:30:18.260000,119.97029948281231,100,00,@
MSFT,2025-02-12T09:30:19.060000,119.96892876392873,200,00,@
MSFT,2025-02-12T09:30:19.860000,119.9684630136645,100,00,@
MSFT,2025-02-12T09:30:19.880000,119.97105946546321,10,00,@
MSFT,2025-02-12T09:30:20.680000,119.97267661882263,200,00,@
MSFT,2025-02-12T09:30:20.760000,119.97145637140444,50,00,@
MSFT,2025-02-12T09:30:20.780000,119.96955808150446,50,00,@
MSFT,2025-02-12T09:30:20.800000,119.9674048386066,100,00,@
MSFT,2025-02-12T09:30:21,119.96673798562058,200,00,@
MSFT,2025-02-12T09:30:21.200000,119.96556260403204,100,00,@
MSFT,2025-02-12T09:30:21.400000,119.96352811740884,100,00,@
MSFT,2025-02-12T09:30:22.200000,119.96366495981975,100,00,@
MSFT,2025-02-12T09:30:22.280000,119.96236284530231,100,00,@
MSFT,2025-02-12T09:30:22.300000,119.9602090226027,200,00,@
MSFT,2025-02-12T09:30:23.100000,119.95848894058534,100,00,@
MSFT,2025-02-12T09:30:23.180000,119.95949655098363,10,00,@
MSFT,2025-02-12T09:30:23.260000,119.96093057508035,10,00,@
MSFT,2025-02-12T09:30:23.340000,119.95763591171453,200,00,@
MSFT,2025-02-12T09:30:23.420000,119.95458660523838,100,00,@
MSFT,2025-02-12T09:30:24.220000,119.94929148683765,200,00,@
MSFT,2025-02-12T09:30:24.420000,119.95002547181922,100,00,@
MSFT,2025-02-12T09:30:24.500000,119.95201837973306,50,00,@
MSFT,2025-02-12T09:30:24.520000,119.9531914193553,10,00,@
MSFT,2025-02-12T09:30:25.320000,119.95263155830912,200,00,@
MSFT,2025-02-12T09:30:25.340000,119.94991529812569,100,00,@
MSFT,2025-02-12T09:30:25.420000,119.94823307258541,200,00,@
MSFT,2025-02-12T09:30:25.500000,119.94516828626611,200,00,@
MSFT,2025-02-12T09:30:26.300000,119.9427379962454,100,00,@
MSFT,2025-02-12T09:30:26.500000,119.93998228994558,100,00,@
MSFT,2025-02-12T09:30:27.300000,119.93624393193528,50,00,@
MSFT,2025-02-12T09:30:27.380000,119.9364467099781,50,00,@
MSFT,2025-02-12T09:30:27.580000,119.93409809299675,200,00,@
MSFT,2025-02-12T09:30:27.600000,119.929247649453,200,00,@
MSFT,2025-02-12T09:30:27.680000,119.92508185218688,20,00,@
MSFT,2025-02-12T09:30:27.700000,119.92049706864103,50,00,@
MSFT,2025-02-12T09:30:27.780000,119.91977862793219,10,00,@
MSFT,2025-02-12T09:30:27.860000,119.91898261241197,100,00,@
MSFT,2025-02-12T09:30:27.940000,119.91942799363916,10,00,@
MSFT,2025-02-12T09:30:28.020000,119.91922698322843,50,00,@
MSFT,2025-02-12T09:30:28.820000,119.91904533196431,200,00,@
MSFT,2025-02-12T09:30:29.620000,119.91899150496039,10,00,@
MSFT,2025-02-12T09:30:29.700000,119.91677882387975,400,00,@
MSFT,2025-02-12T09:30:29.720000,119.91110378759058,400,00,@
MSFT,2025-02-12T09:30:29.920000,119.90584998566858,100,00,@
MSFT,2025-02-12T09:30:30.720000,119.90337374432988,100,00,@
MSFT,2025-02-12T09:30:30.800000,119.90388797442745,50,00,@
MSFT,2025-02-12T09:30:30.880000,119.9042130903941,50,00,@
MSFT,2025-02-12T09:30:30.900000,119.90736766898985,50,00,@
MSFT,2025-02-12T09:30:30.920000,119.91124151382847,10,00,@
MSFT,2025-02-12T09:30:31,119.91460363778411,50,00,@
MSFT,2025-02-12T09:30:31.080000,119.91549813864356,10,00,@
MSFT,2025-02-12T09:30:31.280000,119.91432482557595,50,00,@
MSFT,2025-02-12T09:30:31.480000,119.91335236553141,50,00,@
MSFT,2025-02-12T09:30:31.500000,119.91589858468961,10,00,@
MSFT,2025-02-12T09:30:31.700000,119.91520362734218,50,00,@
MSFT,2025-02-12T09:30:31.720000,119.91285586012299,100,00,@
MSFT,2025-02-12T09:30:32.520000,119.91427527024769,100,00,@
MSFT,2025-02-12T09:30:33.320000,119.9128905112671,10,00,@
MSFT,2025-02-12T09:30:33.520000,119.91179839445587,200,00,@
MSFT,2025-02-12T09:30:33.720000,119.90843944558107,50,00,@
MSFT,2025-02-12T09:30:33.800000,119.90455474861433,400,00,@
MSFT,2025-02-12T09:30:33.880000,119.89734993648791,20,00,@
MSFT,2025-02-12T09:30:33.900000,119.89305955654595,200,00,@
MSFT,2025-02-12T09:30:34.700000,119.88868256439395,100,00,@
MSFT,2025-02-12T09:30:34.900000,119.88254675794528,200,00,@
MSFT,2025-02-12T09:30:34.980000,119.87643289039228,200,00,@
MSFT,2025-02-12T09:30:35.060000,119.86878525782132,200,00,@
MSFT,2025-02-12T09:30:35.260000,119.86397462730454,400,00,@
MSFT,2025-02-12T09:30:36.060000,119.85785839017827,100,00,@
MSFT,2025-02-12T09:30:36.860000,119.85282259236932,20,00,@
MSFT,2025-02-12T09:30:37.060000,119.84709263932992,100,00,@
MSFT,2025-02-12T09:30:37.140000,119.84384473363768,100,00,@
MSFT,2025-02-12T09:30:37.340000,119.84039004086416,50,00,@
MSFT,2025-02-12T09:30:37.420000,119.8366893458569,50,00,@
MSFT,2025-02-13T09:30:00.200000,120.00187966579472,100,00,@
MSFT,2025-02-13T09:30:00.400000,120.00233678497345,100,00,@
MSFT,2025-02-13T09:30:01.200000,120.00045243904655,10,00,@
MSFT,2025-02-13T09:30:01.220000,119.99913601223093,200,00,@
MSFT,2025-02-13T09:30:01.300000,119.99934102230607,10,00,@
MSFT,2025-02-13T09:30:01.500000,119.99677158154714,100,00,@
MSFT,2025-02-13T09:30:01.580000,119.99441121956595,100,00,@
MSFT,2025-02-13T09:30:01.780000,119.99437636582753,200,00,@
MSFT,2025-02-13T09:30:02.580000,119.99127737483049,100,00,@
MSFT,2025-02-13T09:30:03.380000,119.98765071814574,400,00,@
MSFT,2025-02-13T09:30:03.580000,119.98542398653288,100,00,@
MSFT,2025-02-13T09:30:04.380000,119.98374470110943,10,00,@
MSFT,2025-02-13T09:30:04.400000,119.98394549373977,100,00,@
MSFT,2025-02-13T09:30:04.420000,119.98359174630362,100,00,@
MSFT,2025-02-13T09:30:04.500000,119.98062515989207,50,00,@
MSFT,2025-02-13T09:30:05.300000,119.97714236856653,50,00,@
MSFT,2025-02-13T09:30:05.380000,119.97343673460645,200,00,@
MSFT,2025-02-13T09:30:05.400000,119.97055711036876,20,00,@
MSFT,2025-02-13T09:30:05.600000,119.96799568745637,100,00,@
MSFT,2025-02-13T09:30:05.620000,119.96339514471565,100,00,@
MSFT,2025-02-13T09:30:05.700000,119.95870731902194,20,00,@
MSFT,2025-02-13T09:30:06.500000,119.9577581332247,100,00,@
MSFT,2025-02-13T09:30:06.700000,119.95869544294217,200,00,@
MSFT,2025-02-13T09:30:07.500000,119.95904603968248,10,00,@
MSFT,2025-02-13T09:30:07.580000,119.95864620697307,200,00,@
MSFT,2025-02-13T09:30:08.380000,119.95582881806881,100,00,@
MSFT,2025-02-13T09:30:08.400000,119.95256420801591,200,00,@
MSFT,2025-02-13T09:30:08.420000,119.95305293768702,100,00,@
MSFT,2025-02-13T09:30:08.500000,119.95214040226095,100,00,@
MSFT,2025-02-13T09:30:08.520000,119.94813086655536,400,00,@
MSFT,2025-02-13T09:30:08.540000,119.942650608245,400,00,@
MSFT,2025-02-13T09:30:08.740000,119.94090733420828,200,00,@
MSFT,2025-02-13T09:30:08.820000,119.934931112775,100,00,@
MSFT,2025-02-13T09:30:09.620000,119.93169529820221,20,00,@
MSFT,2025-02-13T09:30:09.640000,119.92643942607054,20,00,@
MSFT,2025-02-13T09:30:09.660000,119.92246156977045,50,00,@
MSFT,2025-02-13T09:30:09.680000,119.92180866384017,100,00,@
MSFT,2025-02-13T09:30:09.760000,119.92164994552282,100,00,@
MSFT,2025-02-13T09:30:10.560000,119.91856356652131,50,00,@
MSFT,2025-02-13T09:30:11.360000,119.91436804117035,400,00,@
MSFT,2025-02-13T09:30:11.440000,119.91100581178765,20,00,@
MSFT,2025-02-13T09:30:12.240000,119.9089454794681,50,00,@
MSFT,2025-02-13T09:30:12.320000,119.90621396272472,10,00,@
MSFT,2025-02-13T09:30:13.120000,119.90410698709674,100,00,@
MSFT,2025-02-13T09:30:13.320000,119.90675335888169,200,00,@
MSFT,2025-02-13T09:30:13.520000,119.90480677160117,50,00,@
MSFT,2025-02-13T09:30:13.600000,119.90473201191432,200,00,@
MSFT,2025-02-13T09:30:13.680000,119.90680781761802,50,00,@
MSFT,2025-02-13T09:30:13.760000,119.90939561839085,400,00,@
MSFT,2025-02-13T09:30:13.780000,119.91072780874528,100,00,@
MSFT,2025-02-13T09:30:14.580000,119.91018986128607,10,00,@
MSFT,2025-02-13T09:30:14.780000,119.9088272472614,50,00,@
MSFT,2025-02-13T09:30:14.860000,119.90653115566252,100,00,@
MSFT,2025-02-13T09:30:14.940000,119.90667121613903,10,00,@
MSFT,2025-02-13T09:30:14.960000,119.90705992919989,200,00,@
MSFT,2025-02-13T09:30:14.980000,119.90581999619565,100,00,@
MSFT,2025-02-13T09:30:15.780000,119.905712253604,200,00,@
MSFT,2025-02-13T09:30:15.800000,119.90693555484712,10,00,@
MSFT,2025-02-13T09:30:15.820000,119.91028747841933,10,00,@
MSFT,2025-02-13T09:30:16.620000,119.91432770568386,20,00,@
MSFT,2025-02-13T09:30:17.420000,119.91688366563889,10,00,@
MSFT,2025-02-13T09:30:17.440000,119.91822453424827,10,00,@
MSFT,2025-02-13T09:30:18.240000,119.92200019243491,50,00,@
MSFT,2025-02-13T09:30:18.260000,119.92075955970616,10,00,@
MSFT,2025-02-13T09:30:19.060000,119.91856143540825,10,00,@
MSFT,2025-02-13T09:30:19.260000,119.91409757541112,20,00,@
MSFT,2025-02-13T09:30:19.340000,119.90949922451951,20,00,@
MSFT,2025-02-13T09:30:19.540000,119.90708260305401,100,00,@
MSFT,2025-02-13T09:30:19.620000,119.9030221318642,400,00,@
MSFT,2025-02-13T09:30:19.700000,119.90192358117007,200,00,@
MSFT,2025-02-13T09:30:19.900000,119.90154229926812,200,00,@
MSFT,2025-02-13T09:30:19.920000,119.90163808382499,200,00,@
MSFT,2025-02-13T09:30:20,119.90180008469815,100,00,@
MSFT,2025-02-13T09:30:20.020000,119.90157461586972,10,00,@
MSFT,2025-02-13T09:30:20.220000,119.900684324938,200,00,@
MSFT,2025-02-13T09:30:20.300000,119.89677916934906,200,00,@
MSFT,2025-02-13T09:30:21.100000,119.8958541498968,10,00,@
MSFT,2025-02-13T09:30:21.300000,119.89825074998016,100,00,@
MSFT,2025-02-13T09:30:22.100000,119.90174965411855,100,00,@
MSFT,2025-02-13T09:30:22.120000,119.90644685686878,200,00,@
MSFT,2025-02-13T09:30:22.920000,119.90768797799696,100,00,@
MSFT,2025-02-13T09:30:23,119.90933699225171,100,00,@
MSFT,2025-02-13T09:30:23.080000,119.91290373845139,20,00,@
MSFT,2025-02-13T09:30:23.160000,119.91590584349849,400,00,@
MSFT,2025-02-13T09:30:23.960000,119.9213130428335,400,00,@
MSFT,2025-02-13T09:30:24.760000,119.92164748213021,100,00,@
MSFT,2025-02-13T09:30:24.780000,119.925696282733,200,00,@
MSFT,2025-02-13T09:30:24.800000,119.92606169175875,100,00,@
MSFT,2025-02-13T09:30:24.820000,119.9259318532577,10,00,@
MSFT,2025-02-13T09:30:25.620000,119.92361827021986,200,00,@
MSFT,2025-02-13T09:30:25.640000,119.92332882504964,50,00,@
MSFT,2025-02-13T09:30:25.660000,119.92482239167519,10,00,@
MSFT,2025-02-13T09:30:25.740000,119.92538612586038,100,00,@
MSFT,2025-02-13T09:30:26.540000,119.92661151463678,200,00,@
MSFT,2025-02-13T09:30:26.560000,119.92723369673611,200,00,@
MSFT,2025-02-13T09:30:26.580000,119.92983690794087,100,00,@
MSFT,2025-02-13T09:30:26.780000,119.93401484643466,50,00,@
MSFT,2025-02-13T09:30:26.860000,119.9362820907617,50,00,@
MSFT,2025-02-13T09:30:27.660000,119.93524358130145,10,00,@
MSFT,2025-02-13T09:30:27.740000,119.93285464033738,200,00,@
MSFT,2025-02-13T09:30:27.760000,119.9338271147118,100,00,@
MSFT,2025-02-13T09:30:27.840000,119.93157068918475,10,00,@
MSFT,2025-02-13T09:30:27.920000,119.92777867872465,20,00,@
MSFT,2025-02-13T09:30:28.720000,119.92395502327288,100,00,@
MSFT,2025-02-13T09:30:28.740000,119.92434267402196,200,00,@
MSFT,2025-02-13T09:30:28.940000,119.92456882645776,10,00,@
MSFT,2025-02-13T09:30:29.140000,119.92277093412832,100,00,@
MSFT,2025-02-13T09:30:29.160000,119.92024051257208,100,00,@
MSFT,2025-02-13T09:30:29.360000,119.91934968043061,200,00,@
MSFT,2025-02-13T09:30:29.560000,119.91571104263623,20,00,@
MSFT,2025-02-13T09:30:29.760000,119.91250006318343,200,00,@
MSFT,2025-02-13T09:30:29.960000,119.9072576737335,400,00,@
MSFT,2025-02-13T09:30:30.040000,119.90237431104367,200,00,@
MSFT,2025-02-13T09:30:30.060000,119.89921261081112,200,00,@
MSFT,2025-02-13T09:30:30.080000,119.89641049248092,100,00,@
MSFT,2025-02-13T09:30:30.100000,119.89377214642002,100,00,@
MSFT,2025-02-13T09:30:30.900000,119.89138108055674,10,00,@
MSFT,2025-02-13T09:30:31.100000,119.88950738960185,50,00,@
MSFT,2025-02-13T09:30:31.120000,119.8893821781483,10,00,@
MSFT,2025-02-13T09:30:31.320000,119.8881329312954,10,00,@
MSFT,2025-02-13T09:30:31.520000,119.88972863291903,10,00,@
MSFT,2025-02-13T09:30:31.720000,119.89189533493294,100,00,@
MSFT,2025-02-13T09:30:31.920000,119.893383259469,200,00,@
MSFT,2025-02-13T09:30:31.940000,119.89319949638532,10,00,@
MSFT,2025-02-13T09:30:32.020000,119.89441823634849,50,00,@
MSFT,2025-02-13T09:30:32.040000,119.89311283110885,10,00,@
MSFT,2025-02-13T09:30:32.840000,119.88876068335061,10,00,@
MSFT,2025-02-13T09:30:33.040000,119.88508919511793,10,00,@
MSFT,2025-02-14T09:30:00.080000,120.00078869413498,200,00,@
MSFT,2025-02-14T09:30:00.880000,120.00189956166375,50,00,@
MSFT,2025-02-14T09:30:00.900000,120.0045678171299,100,00,@
MSFT,2025-02-14T09:30:00.920000,120.00907818807059,100,00,@
MSFT,2025-02-14T09:30:01.720000,120.01069081653499,50,00,@
MSFT,2025-02-14T09:30:01.740000,120.0133330741761,200,00,@
MSFT,2025-02-14T09:30:02.540000,120.01509309039466,100,00,@
MSFT,2025-02-14T09:30:02.740000,120.01629848745573,100,00,@
MSFT,2025-02-14T09:30:02.940000,120.01284329769207,200,00,@
MSFT,2025-02-14T09:30:02.960000,120.00609817967404,100,00,@
MSFT,2025-02-14T09:30:03.040000,120.0030091135589,200,00,@
MSFT,2025-02-14T09:30:03.840000,119.99997282918224,100,00,@
MSFT,2025-02-14T09:30:03.860000,119.99724249753213,200,00,@
MSFT,2025-02-14T09:30:03.880000,119.99513161306099,200,00,@
MSFT,2025-02-14T09:30:04.080000,119.99197110283133,10,00,@
MSFT,2025-02-14T09:30:04.100000,119.98769185924174,400,00,@
MSFT,2025-02-14T09:30:04.900000,119.98205483582177,100,00,@
MSFT,2025-02-14T09:30:04.920000,119.9793935349291,10,00,@
MSFT,2025-02-14T09:30:05.720000,119.97886697046864,50,00,@
MSFT,2025-02-14T09:30:05.920000,119.97426246687212,20,00,@
MSFT,2025-02-14T09:30:06,119.97096687515216,10,00,@
MSFT,2025-02-14T09:30:06.800000,119.96908527136928,100,00,@
MSFT,2025-02-14T09:30:06.820000,119.96585052397323,400,00,@
MSFT,2025-02-14T09:30:07.020000,119.96483328212146,100,00,@
MSFT,2025-02-14T09:30:07.820000,119.96211416621988,100,00,@
MSFT,2025-02-14T09:30:08.020000,119.95855894443957,200,00,@
MSFT,2025-02-14T09:30:08.100000,119.95880669535141,10,00,@
MSFT,2025-02-14T09:30:08.180000,119.95926107487324,50,00,@
MSFT,2025-02-14T09:30:08.260000,119.95946949661807,100,00,@
MSFT,2025-02-14T09:30:08.280000,119.95889662218053,10,00,@
MSFT,2025-02-14T09:30:08.480000,119.95975922306376,50,00,@
MSFT,2025-02-14T09:30:08.500000,119.96009902966668,200,00,@
MSFT,2025-02-14T09:30:08.520000,119.95779128485668,50,00,@
MSFT,2025-02-14T09:30:08.540000,119.95283149040512,400,00,@
MSFT,2025-02-14T09:30:08.560000,119.94718276881437,400,00,@
MSFT,2025-02-14T09:30:08.760000,119.9428156165579,400,00,@
MSFT,2025-02-14T09:30:09.560000,119.94060622637882,100,00,@
MSFT,2025-02-14T09:30:10.360000,119.93373374112541,20,00,@
MSFT,2025-02-14T09:30:10.560000,119.92638053069275,200,00,@
MSFT,2025-02-14T09:30:10.760000,119.92112263231813,100,00,@
MSFT,2025-02-14T09:30:10.840000,119.9172664406576,100,00,@
MSFT,2025-02-14T09:30:10.860000,119.91196639831817,400,00,@
MSFT,2025-02-14T09:30:10.940000,119.90704061908052,400,00,@
MSFT,2025-02-14T09:30:10.960000,119.90189582301315,100,00,@
MSFT,2025-02-14T09:30:11.160000,119.89820341444013,50,00,@
MSFT,2025-02-14T09:30:11.360000,119.89342678704335,20,00,@
MSFT,2025-02-14T09:30:11.380000,119.88923712953785,200,00,@
MSFT,2025-02-14T09:30:11.580000,119.88688824350928,10,00,@
MSFT,2025-02-14T09:30:11.660000,119.88507155528015,200,00,@
MSFT,2025-02-14T09:30:11.740000,119.8814019726057,200,00,@
MSFT,2025-02-14T09:30:11.760000,119.87883523878935,100,00,@
MSFT,2025-02-14T09:30:11.960000,119.87633442115228,100,00,@
MSFT,2025-02-14T09:30:12.160000,119.87349336486311,100,00,@
MSFT,2025-02-14T09:30:12.360000,119.87230980104692,100,00,@
MSFT,2025-02-14T09:30:13.160000,119.86948140620129,100,00,@
MSFT,2025-02-14T09:30:13.960000,119.87056103378656,10,00,@
MSFT,2025-02-14T09:30:14.160000,119.86861295727512,100,00,@
MSFT,2025-02-14T09:30:14.960000,119.86575151253673,100,00,@
MSFT,2025-02-14T09:30:14.980000,119.86309195567439,200,00,@
MSFT,2025-02-14T09:30:15.180000,119.86086412457504,100,00,@
MSFT,2025-02-14T09:30:15.980000,119.86365572205442,100,00,@
MSFT,2025-02-14T09:30:16,119.86799554530792,50,00,@
MSFT,2025-02-14T09:30:16.200000,119.87147913424035,10,00,@
MSFT,2025-02-14T09:30:16.280000,119.87205438733834,100,00,@
MSFT,2025-02-14T09:30:16.480000,119.87262554866959,50,00,@
MSFT,2025-02-14T09:30:16.680000,119.87595619209075,10,00,@
MSFT,2025-02-14T09:30:16.700000,119.87917244962924,20,00,@
MSFT,2025-02-14T09:30:16.900000,119.88290522203566,20,00,@
MSFT,2025-02-14T09:30:16.980000,119.88530617836832,50,00,@
MSFT,2025-02-14T09:30:17,119.88704474056496,100,00,@
MSFT,2025-02-14T09:30:17.200000,119.88792587361104,10,00,@
MSFT,2025-02-14T09:30:17.400000,119.89093440171688,200,00,@
MSFT,2025-02-14T09:30:17.600000,119.89780146470059,20,00,@
MSFT,2025-02-14T09:30:18.400000,119.90370067085243,20,00,@
MSFT,2025-02-14T09:30:19.200000,119.90831982904463,400,00,@
MSFT,2025-02-14T09:30:19.400000,119.91307605417323,100,00,@
MSFT,2025-02-14T09:30:19.420000,119.91521957172715,100,00,@
MSFT,2025-02-14T09:30:19.440000,119.91564638361882,10,00,@
MSFT,2025-02-14T09:30:19.520000,119.91624191415171,100,00,@
MSFT,2025-02-14T09:30:20.320000,119.91795030162618,50,00,@
MSFT,2025-02-14T09:30:20.340000,119.91924607004943,50,00,@
MSFT,2025-02-14T09:30:20.540000,119.91885154823987,100,00,@
MSFT,2025-02-14T09:30:20.560000,119.91862760289027,50,00,@
MSFT,2025-02-14T09:30:20.640000,119.91961318817933,100,00,@
MSFT,2025-02-14T09:30:20.720000,119.91830582618252,200,00,@
MSFT,2025-02-14T09:30:20.920000,119.91711126595611,200,00,@
MSFT,2025-02-14T09:30:21,119.91545169189475,100,00,@
MSFT,2025-02-14T09:30:21.200000,119.91866228071487,200,00,@
MSFT,2025-02-14T09:30:21.280000,119.91935539483677,10,00,@
MSFT,2025-02-14T09:30:21.360000,119.91976354787252,10,00,@
MSFT,2025-02-14T09:30:21.440000,119.92245414964276,50,00,@
MSFT,2025-02-14T09:30:21.460000,119.92206245074358,100,00,@
MSFT,2025-02-14T09:30:21.660000,119.92482640085429,200,00,@
MSFT,2025-02-14T09:30:22.460000,119.92767284340508,50,00,@
MSFT,2025-02-14T09:30:22.660000,119.92802196734004,100,00,@
MSFT,2025-02-14T09:30:23.460000,119.92653350928904,200,00,@
MSFT,2025-02-14T09:30:24.260000,119.92385103084565,10,00,@
MSFT,2025-02-14T09:30:24.340000,119.92195867685881,10,00,@
MSFT,2025-02-14T09:30:24.540000,119.9177430997055,10,00,@
MSFT,2025-02-14T09:30:24.740000,119.9156270183116,200,00,@
MSFT,2025-02-14T09:30:24.940000,119.9109611668116,20,00,@
MSFT,2025-02-14T09:30:25.740000,119.90614143415219,400,00,@
MSFT,2025-02-14T09:30:25.820000,119.9004700642665,20,00,@
MSFT,2025-02-14T09:30:25.900000,119.89435331761213,400,00,@
MSFT,2025-02-14T09:30:25.980000,119.88710042357317,200,00,@
MSFT,2025-02-14T09:30:26.180000,119.88334291837158,20,00,@
MSFT,2025-02-14T09:30:26.980000,119.88130325173127,200,00,@
MSFT,2025-02-14T09:30:27.060000,119.88058152181192,200,00,@
MSFT,2025-02-14T09:30:27.080000,119.87886039272972,200,00,@
MSFT,2025-02-14T09:30:27.160000,119.87805374917265,200,00,@
MSFT,2025-02-14T09:30:27.180000,119.87880572368894,200,00,@
MSFT,2025-02-14T09:30:27.200000,119.8783999875372,50,00,@
MSFT,2025-02-14T09:30:27.220000,119.87779658593091,50,00,@
MSFT,2025-02-14T09:30:28.020000,119.8772956206408,50,00,@
MSFT,2025-02-14T09:30:28.040000,119.87709011830408,200,00,@
MSFT,2025-02-14T09:30:28.060000,119.87478768290737,100,00,@
MSFT,2025-02-14T09:30:28.080000,119.87360362651349,100,00,@
MSFT,2025-02-14T09:30:28.280000,119.87216751601122,100,00,@
MSFT,2025-02-14T09:30:28.300000,119.87067716316518,50,00,@
MSFT,2025-02-14T09:30:29.100000,119.87162242155038,10,00,@
MSFT,2025-02-14T09:30:29.120000,119.87173328632363,10,00,@
MSFT,2025-02-14T09:30:29.200000,119.87472300165481,50,00,@
MSFT,2025-02-14T09:30:29.400000,119.87532152362078,10,00,@
MSFT,2025-02-14T09:30:29.600000,119.87501063638742,100,00,@
MSFT,2025-02-14T09:30:30.400000,119.87535338787981,200,00,@
MSFT,2025-02-14T09:30:30.420000,119.87113907795288,20,00,@
MSFT,2025-02-14T09:30:30.500000,119.87106480055046,10,00,@
MSFT,2025-02-14T09:30:31.300000,119.8714957911286,50,00,@
AMZN,2025-02-03T09:30:00.800000,139.99880835158856,200,00,@
AMZN,2025-02-03T09:30:01,139.99761989340928,10,00,@
AMZN,2025-02-03T09:30:01.200000,139.99150428340255,100,00,@
AMZN,2025-02-03T09:30:01.220000,139.98944910030875,200,00,@
AMZN,2025-02-03T09:30:01.300000,139.9889160248678,100,00,@
AMZN,2025-02-03T09:30:01.500000,139.98962969936977,100,00,@
AMZN,2025-02-03T09:30:01.520000,139.98754023364367,400,00,@
AMZN,2025-02-03T09:30:02.320000,139.9813958022835,100,00,@
AMZN,2025-02-03T09:30:02.400000,139.97699372486474,20,00,@
AMZN,2025-02-03T09:30:02.600000,139.97089163407753,20,00,@
AMZN,2025-02-03T09:30:03.400000,139.96857267690555,400,00,@
AMZN,2025-02-03T09:30:03.420000,139.96619822980304,100,00,@
AMZN,2025-02-03T09:30:04.220000,139.96693680995307,10,00,@
AMZN,2025-02-03T09:30:04.300000,139.96789327058505,200,00,@
AMZN,2025-02-03T09:30:04.320000,139.97122205166775,10,00,@
AMZN,2025-02-03T09:30:05.120000,139.9779335171358,200,00,@
AMZN,2025-02-03T09:30:05.920000,139.98435117885515,400,00,@
AMZN,2025-02-03T09:30:06,139.98612630375123,50,00,@
AMZN,2025-02-03T09:30:06.200000,139.98544322525566,50,00,@
AMZN,2025-02-03T09:30:06.220000,139.98646445175712,200,00,@
AMZN,2025-02-03T09:30:06.420000,139.98607319202998,10,00,@
AMZN,2025-02-03T09:30:06.500000,139.9848238161063,100,00,@
AMZN,2025-02-03T09:30:06.700000,139.98524196115812,200,00,@
AMZN,2025-02-03T09:30:06.780000,139.9833070051688,100,00,@
AMZN,2025-02-03T09:30:06.800000,139.9829846297781,200,00,@
AMZN,2025-02-03T09:30:06.880000,139.98443830423565,200,00,@
AMZN,2025-02-03T09:30:06.900000,139.98471517192988,200,00,@
AMZN,2025-02-03T09:30:07.700000,139.98513467905016,200,00,@
AMZN,2025-02-03T09:30:08.500000,139.9834925866849,10,00,@
AMZN,2025-02-03T09:30:08.700000,139.98061567242456,50,00,@
AMZN,2025-02-03T09:30:08.900000,139.97652463846285,400,00,@
AMZN,2025-02-03T09:30:08.920000,139.97046478566295,200,00,@
AMZN,2025-02-03T09:30:09.120000,139.9640834303639,20,00,@
AMZN,2025-02-03T09:30:09.920000,139.95499556182511,20,00,@
AMZN,2025-02-03T09:30:10.720000,139.94971912305527,100,00,@
AMZN,2025-02-03T09:30:10.740000,139.94360651846944,100,00,@
AMZN,2025-02-03T09:30:10.940000,139.94215559705992,200,00,@
AMZN,2025-02-03T09:30:11.020000,139.9405280750464,50,00,@
AMZN,2025-02-03T09:30:11.220000,139.9401286982417,200,00,@
AMZN,2025-02-03T09:30:11.240000,139.9388914442829,200,00,@
AMZN,2025-02-03T09:30:11.320000,139.93656485542607,50,00,@
AMZN,2025-02-03T09:30:11.340000,139.93260984252638,50,00,@
AMZN,2025-02-03T09:30:11.540000,139.92909471931824,50,00,@
AMZN,2025-02-03T09:30:11.560000,139.92302772258134,400,00,@
AMZN,2025-02-03T09:30:12.360000,139.91803523948968,100,00,@
AMZN,2025-02-03T09:30:12.560000,139.9122130141722,20,00,@
AMZN,2025-02-03T09:30:12.580000,139.90450084297703,200,00,@
AMZN,2025-02-03T09:30:13.380000,139.89835096038877,20,00,@
AMZN,2025-02-03T09:30:13.460000,139.89500688284423,400,00,@
AMZN,2025-02-03T09:30:13.540000,139.89338001450187,10,00,@
AMZN,2025-02-03T09:30:14.340000,139.8946816235182,100,00,@
AMZN,2025-02-03T09:30:14.360000,139.89770451321786,400,00,@
AMZN,2025-02-03T09:30:14.380000,139.90149042882777,200,00,@
AMZN,2025-02-03T09:30:14.400000,139.90527974577728,200,00,@
AMZN,2025-02-03T09:30:14.420000,139.91307203270023,20,00,@
AMZN,2025-02-03T09:30:14.440000,139.9114792455488,100,00,@
AMZN,2025-02-03T09:30:14.520000,139.9108273182857,50,00,@
AMZN,2025-02-03T09:30:14.720000,139.90757953776165,10,00,@
AMZN,2025-02-03T09:30:15.520000,139.9008572024057,400,00,@
AMZN,2025-02-03T09:30:15.600000,139.89455341097306,100,00,@
AMZN,2025-02-03T09:30:15.620000,139.88994059031478,400,00,@
AMZN,2025-02-03T09:30:15.820000,139.88570160845757,10,00,@
AMZN,2025-02-03T09:30:16.620000,139.88559875776437,200,00,@
AMZN,2025-02-03T09:30:16.640000,139.87967579305067,200,00,@
AMZN,2025-02-03T09:30:17.440000,139.87818382739403,200,00,@
AMZN,2025-02-03T09:30:17.520000,139.87900376999048,100,00,@
AMZN,2025-02-03T09:30:17.540000,139.87440970950502,200,00,@
AMZN,2025-02-03T09:30:18.340000,139.8672883557344,100,00,@
AMZN,2025-02-03T09:30:18.360000,139.86432154664644,200,00,@
AMZN,2025-02-03T09:30:19.160000,139.86330562019057,200,00,@
AMZN,2025-02-03T09:30:19.240000,139.85969960642703,200,00,@
AMZN,2025-02-03T09:30:19.320000,139.85844851129295,200,00,@
AMZN,2025-02-03T09:30:19.340000,139.8564502918777,50,00,@
AMZN,2025-02-03T09:30:19.360000,139.8558875551958,50,00,@
AMZN,2025-02-03T09:30:19.380000,139.85289271593794,50,00,@
AMZN,2025-02-03T09:30:19.400000,139.85551924284226,10,00,@
AMZN,2025-02-03T09:30:20.200000,139.85950661035042,10,00,@
AMZN,2025-02-03T09:30:20.400000,139.85822321561724,50,00,@
AMZN,2025-02-03T09:30:20.420000,139.8552915411694,50,00,@
AMZN,2025-02-03T09:30:20.620000,139.85742435396347,50,00,@
AMZN,2025-02-03T09:30:20.640000,139.85840420302233,200,00,@
AMZN,2025-02-03T09:30:21.440000,139.85725168988242,100,00,@
AMZN,2025-02-03T09:30:22.240000,139.85727746632364,200,00,@
AMZN,2025-02-03T09:30:22.440000,139.85674927138186,10,00,@
AMZN,2025-02-03T09:30:22.640000,139.85670893308978,200,00,@
AMZN,2025-02-03T09:30:23.440000,139.85215606800617,200,00,@
AMZN,2025-02-03T09:30:23.640000,139.8478646644734,100,00,@
AMZN,2025-02-03T09:30:23.660000,139.84562119427952,50,00,@
AMZN,2025-02-03T09:30:23.680000,139.84408801092383,200,00,@
AMZN,2025-02-03T09:30:23.760000,139.8374671441421,200,00,@
AMZN,2025-02-03T09:30:23.840000,139.83409350934636,20,00,@
AMZN,2025-02-03T09:30:24.040000,139.83042812598777,100,00,@
AMZN,2025-02-03T09:30:24.120000,139.8286143906085,200,00,@
AMZN,2025-02-03T09:30:24.140000,139.82499184672818,50,00,@
AMZN,2025-02-03T09:30:24.940000,139.82048225813244,50,00,@
AMZN,2025-02-03T09:30:25.140000,139.8214176985537,50,00,@
AMZN,2025-02-03T09:30:25.160000,139.8260148778358,100,00,@
AMZN,2025-02-03T09:30:25.180000,139.83184755819482,100,00,@
AMZN,2025-02-03T09:30:25.260000,139.837492959393,400,00,@
AMZN,2025-02-03T09:30:26.060000,139.84257317002752,20,00,@
AMZN,2025-02-03T09:30:26.260000,139.84577150559014,400,00,@
AMZN,2025-02-03T09:30:26.280000,139.84864373412174,100,00,@
AMZN,2025-02-03T09:30:26.300000,139.85056255116282,50,00,@
AMZN,2025-02-03T09:30:26.320000,139.85402361094523,100,00,@
AMZN,2025-02-03T09:30:26.400000,139.856940655106,10,00,@
AMZN,2025-02-03T09:30:26.600000,139.86084630225284,50,00,@
AMZN,2025-02-03T09:30:26.680000,139.86623160047037,200,00,@
AMZN,2025-02-03T09:30:26.700000,139.8742582844164,400,00,@
AMZN,2025-02-03T09:30:26.900000,139.88172711953683,200,00,@
AMZN,2025-02-03T09:30:26.980000,139.89170209626266,400,00,@
AMZN,2025-02-03T09:30:27.180000,139.9011761923205,100,00,@
AMZN,2025-02-03T09:30:27.200000,139.9108315425193,200,00,@
AMZN,2025-02-03T09:30:27.400000,139.91832724309774,20,00,@
AMZN,2025-02-03T09:30:27.420000,139.92488404545057,100,00,@
AMZN,2025-02-03T09:30:27.620000,139.92969646342019,50,00,@
AMZN,2025-02-03T09:30:27.820000,139.93295067220987,200,00,@
AMZN,2025-02-03T09:30:27.840000,139.93474068331153,200,00,@
AMZN,2025-02-03T09:30:27.860000,139.9386885295925,10,00,@
AMZN,2025-02-03T09:30:27.940000,139.94398424720367,200,00,@
AMZN,2025-02-03T09:30:28.140000,139.95133518610587,400,00,@
AMZN,2025-02-03T09:30:28.160000,139.9585232381965,400,00,@
AMZN,2025-02-03T09:30:28.180000,139.9671752284337,400,00,@
AMZN,2025-02-03T09:30:28.260000,139.97556384888125,200,00,@
AMZN,2025-02-03T09:30:28.340000,139.98455170226637,20,00,@
AMZN,2025-02-03T09:30:29.140000,139.98755458407499,100,00,@
AMZN,2025-02-03T09:30:29.940000,139.99387425478804,20,00,@
AMZN,2025-02-03T09:30:30.020000,139.9983343622017,10,00,@
AMZN,2025-02-03T09:30:30.100000,140.00003332048536,200,00,@
AMZN,2025-02-04T09:30:00.080000,140.00154962384644,50,00,@
AMZN,2025-02-04T09:30:00.280000,140.00109671448922,100,00,@
AMZN,2025-02-04T09:30:00.300000,139.99934541079216,200,00,@
AMZN,2025-02-04T09:30:00.320000,139.99925115456753,50,00,@
AMZN,2025-02-04T09:30:00.400000,139.9957490930961,400,00,@
AMZN,2025-02-04T09:30:00.480000,139.99046629733238,20,00,@
AMZN,2025-02-04T09:30:00.500000,139.98797907254593,200,00,@
AMZN,2025-02-04T09:30:00.700000,139.98615794812042,100,00,@
AMZN,2025-02-04T09:30:00.720000,139.9826868498034,10,00,@
AMZN,2025-02-04T09:30:00.920000,139.97777042613413,200,00,@
AMZN,2025-02-04T09:30:01.720000,139.96829956197078,200,00,@
AMZN,2025-02-04T09:30:02.520000,139.96379083524053,400,00,@
AMZN,2025-02-04T09:30:03.320000,139.95928671811157,200,00,@
AMZN,2025-02-04T09:30:03.400000,139.9546281745553,400,00,@
AMZN,2025-02-04T09:30:03.420000,139.94957317571365,20,00,@
AMZN,2025-02-04T09:30:03.440000,139.94641483607907,200,00,@
AMZN,2025-02-04T09:30:03.640000,139.94652841659357,100,00,@
AMZN,2025-02-04T09:30:03.840000,139.9507417421307,50,00,@
AMZN,2025-02-04T09:30:04.040000,139.95609948992694,100,00,@
AMZN,2025-02-04T09:30:04.060000,139.9596509104216,100,00,@
AMZN,2025-02-04T09:30:04.140000,139.95888259445636,100,00,@
AMZN,2025-02-04T09:30:04.160000,139.95581123112575,100,00,@
AMZN,2025-02-04T09:30:04.180000,139.95369577008293,100,00,@
AMZN,2025-02-04T09:30:04.380000,139.95053608939895,10,00,@
AMZN,2025-02-04T09:30:05.180000,139.94838671300948,10,00,@
AMZN,2025-02-04T09:30:05.980000,139.94431713596177,50,00,@
AMZN,2025-02-04T09:30:06.060000,139.9401775574112,100,00,@
AMZN,2025-02-04T09:30:06.080000,139.93531107202477,400,00,@
AMZN,2025-02-04T09:30:06.100000,139.93185231712266,200,00,@
AMZN,2025-02-04T09:30:06.120000,139.92738930576033,200,00,@
AMZN,2025-02-04T09:30:06.320000,139.92411624479428,100,00,@
AMZN,2025-02-04T09:30:06.400000,139.92551022753432,50,00,@
AMZN,2025-02-04T09:30:07.200000,139.92822614479113,100,00,@
AMZN,2025-02-04T09:30:07.220000,139.93337579723763,10,00,@
AMZN,2025-02-04T09:30:07.420000,139.9370528232707,10,00,@
AMZN,2025-02-04T09:30:07.500000,139.94568050645873,400,00,@
AMZN,2025-02-04T09:30:07.580000,139.95595095219812,20,00,@
AMZN,2025-02-04T09:30:07.660000,139.96516300872102,20,00,@
AMZN,2025-02-04T09:30:07.740000,139.97830837866218,200,00,@
AMZN,2025-02-04T09:30:07.760000,139.9915678850484,200,00,@
AMZN,2025-02-04T09:30:08.560000,140.001785976187,400,00,@
AMZN,2025-02-04T09:30:08.640000,140.01148236744888,100,00,@
AMZN,2025-02-04T09:30:09.440000,140.01917743650762,400,00,@
AMZN,2025-02-04T09:30:10.240000,140.02852712831316,100,00,@
AMZN,2025-02-04T09:30:10.440000,140.034059605117,100,00,@
AMZN,2025-02-04T09:30:11.240000,140.03877590742732,100,00,@
AMZN,2025-02-04T09:30:11.440000,140.04158639004194,50,00,@
AMZN,2025-02-04T09:30:11.640000,140.04539215923594,200,00,@
AMZN,2025-02-04T09:30:11.720000,140.04741630719332,50,00,@
AMZN,2025-02-04T09:30:12.520000,140.04913382225303,100,00,@
AMZN,2025-02-04T09:30:12.600000,140.05849516124673,100,00,@
AMZN,2025-02-04T09:30:12.620000,140.06795145254935,400,00,@
AMZN,2025-02-04T09:30:12.820000,140.07568245204158,200,00,@
AMZN,2025-02-04T09:30:13.020000,140.08211795146906,100,00,@
AMZN,2025-02-04T09:30:13.100000,140.08425807934628,200,00,@
AMZN,2025-02-04T09:30:13.300000,140.08621651593833,200,00,@
AMZN,2025-02-04T09:30:13.500000,140.08742514787158,100,00,@
AMZN,2025-02-04T09:30:13.520000,140.08821564767675,100,00,@
AMZN,2025-02-04T09:30:13.600000,140.087431683162,50,00,@
AMZN,2025-02-04T09:30:13.620000,140.08794137813558,50,00,@
AMZN,2025-02-04T09:30:13.700000,140.09329050523516,50,00,@
AMZN,2025-02-04T09:30:13.720000,140.09548887911612,10,00,@
AMZN,2025-02-04T09:30:13.920000,140.0995969125895,200,00,@
AMZN,2025-02-04T09:30:14.720000,140.10193019582962,50,00,@
AMZN,2025-02-04T09:30:15.520000,140.10575236634438,100,00,@
AMZN,2025-02-04T09:30:15.540000,140.11183676329094,200,00,@
AMZN,2025-02-04T09:30:15.740000,140.1147518073561,50,00,@
AMZN,2025-02-04T09:30:15.820000,140.12035310666005,20,00,@
AMZN,2025-02-04T09:30:16.020000,140.1260915334123,400,00,@
AMZN,2025-02-04T09:30:16.820000,140.1302125601698,10,00,@
AMZN,2025-02-04T09:30:17.620000,140.13620487372256,100,00,@
AMZN,2025-02-04T09:30:17.820000,140.13891045261425,200,00,@
AMZN,2025-02-04T09:30:17.900000,140.13721897640255,200,00,@
AMZN,2025-02-04T09:30:18.100000,140.1353836625866,50,00,@
AMZN,2025-02-04T09:30:18.300000,140.1350514673308,10,00,@
AMZN,2025-02-04T09:30:19.100000,140.13639776995322,200,00,@
AMZN,2025-02-04T09:30:19.180000,140.13754694524346,200,00,@
AMZN,2025-02-04T09:30:19.980000,140.1387817158111,50,00,@
AMZN,2025-02-04T09:30:20.060000,140.14177965060503,10,00,@
AMZN,2025-02-04T09:30:20.860000,140.14423372361185,100,00,@
AMZN,2025-02-04T09:30:21.660000,140.14943952630534,100,00,@
AMZN,2025-02-04T09:30:21.860000,140.15458341316273,100,00,@
AMZN,2025-02-04T09:30:21.880000,140.15458377549362,200,00,@
AMZN,2025-02-04T09:30:21.960000,140.15622016686228,200,00,@
AMZN,2025-02-04T09:30:22.160000,140.15945745622003,10,00,@
AMZN,2025-02-04T09:30:22.360000,140.16391031386615,200,00,@
AMZN,2025-02-04T09:30:22.560000,140.16541955547572,100,00,@
AMZN,2025-02-04T09:30:22.640000,140.1660576656654,50,00,@
AMZN,2025-02-04T09:30:23.440000,140.16533763151344,200,00,@
AMZN,2025-02-04T09:30:23.460000,140.16813293775044,100,00,@
AMZN,2025-02-04T09:30:23.480000,140.16798873035268,100,00,@
AMZN,2025-02-04T09:30:23.500000,140.17058380924888,200,00,@
AMZN,2025-02-04T09:30:23.700000,140.1747175443827,400,00,@
AMZN,2025-02-04T09:30:24.500000,140.17851503887726,100,00,@
AMZN,2025-02-04T09:30:24.520000,140.18260338595238,200,00,@
AMZN,2025-02-04T09:30:24.540000,140.18810241893314,100,00,@
AMZN,2025-02-04T09:30:24.620000,140.18956324540804,50,00,@
AMZN,2025-02-04T09:30:25.420000,140.19505552774638,400,00,@
AMZN,2025-02-04T09:30:26.220000,140.19696648136156,50,00,@
AMZN,2025-02-04T09:30:26.300000,140.20109615036841,400,00,@
AMZN,2025-02-04T09:30:26.500000,140.20678641585076,200,00,@
AMZN,2025-02-04T09:30:26.580000,140.20950994786912,10,00,@
AMZN,2025-02-04T09:30:26.660000,140.21008342817368,50,00,@
AMZN,2025-02-04T09:30:27.460000,140.20634662187598,200,00,@
AMZN,2025-02-04T09:30:27.540000,140.2035440687651,10,00,@
AMZN,2025-02-04T09:30:27.620000,140.20047015540098,50,00,@
AMZN,2025-02-04T09:30:27.700000,140.19987259449329,50,00,@
AMZN,2025-02-04T09:30:27.900000,140.1970088230127,10,00,@
AMZN,2025-02-04T09:30:28.700000,140.19217417536774,20,00,@
AMZN,2025-02-04T09:30:29.500000,140.1891547242209,200,00,@
AMZN,2025-02-04T09:30:29.520000,140.1868478378988,100,00,@
AMZN,2025-02-04T09:30:29.600000,140.18245090310123,100,00,@
AMZN,2025-02-04T09:30:30.400000,140.17842966949618,50,00,@
AMZN,2025-02-04T09:30:31.200000,140.1765362852663,50,00,@
AMZN,2025-02-04T09:30:32,140.17019435519842,400,00,@
AMZN,2025-02-04T09:30:32.080000,140.16283545522046,400,00,@
AMZN,2025-02-04T09:30:32.100000,140.16118993233042,100,00,@
AMZN,2025-02-04T09:30:32.120000,140.16113942175593,10,00,@
AMZN,2025-02-04T09:30:32.920000,140.16288531350705,50,00,@
AMZN,2025-02-04T09:30:33.720000,140.16483114470955,200,00,@
AMZN,2025-02-04T09:30:34.520000,140.16709849842707,200,00,@
AMZN,2025-02-04T09:30:34.540000,140.169764061684,10,00,@
AMZN,2025-02-04T09:30:34.560000,140.16924525086498,10,00,@
AMZN,2025-02-04T09:30:35.360000,140.16832996810967,10,00,@
AMZN,2025-02-04T09:30:35.440000,140.16788081907092,100,00,@
AMZN,2025-02-04T09:30:35.640000,140.16959584199208,100,00,@
AMZN,2025-02-04T09:30:36.440000,140.1687083647138,10,00,@
AMZN,2025-02-04T09:30:36.460000,140.16685605944738,10,00,@
AMZN,2025-02-05T09:30:00.200000,140.00089841157353,100,00,@
AMZN,2025-02-05T09:30:00.280000,140.00576838762828,10,00,@
AMZN,2025-02-05T09:30:00.300000,140.00604631515884,10,00,@
AMZN,2025-02-05T09:30:00.500000,140.00684910973507,10,00,@
AMZN,2025-02-05T09:30:01.300000,140.00609295818322,50,00,@
AMZN,2025-02-05T09:30:01.500000,140.01085821171472,50,00,@
AMZN,2025-02-05T09:30:01.580000,140.01340885090463,10,00,@
AMZN,2025-02-05T09:30:02.380000,140.01332418085772,200,00,@
AMZN,2025-02-05T09:30:03.180000,140.01003250208296,10,00,@
AMZN,2025-02-05T09:30:03.260000,140.00982480299118,100,00,@
AMZN,2025-02-05T09:30:03.460000,140.0118435103949,10,00,@
AMZN,2025-02-05T09:30:03.480000,140.01683663351804,100,00,@
AMZN,2025-02-05T09:30:03.560000,140.01944714115717,200,00,@
AMZN,2025-02-05T09:30:03.760000,140.02144019728473,100,00,@
AMZN,2025-02-05T09:30:03.780000,140.01890540713381,10,00,@
AMZN,2025-02-05T09:30:03.980000,140.013339447503,400,00,@
AMZN,2025-02-05T09:30:04.780000,140.0124509082265,50,00,@
AMZN,2025-02-05T09:30:05.580000,140.01167890062544,50,00,@
AMZN,2025-02-05T09:30:05.660000,140.00827328666722,200,00,@
AMZN,2025-02-05T09:30:05.860000,140.0054271714391,200,00,@
AMZN,2025-02-05T09:30:05.940000,140.00039256891506,10,00,@
AMZN,2025-02-05T09:30:06.740000,139.99738317877245,200,00,@
AMZN,2025-02-05T09:30:06.940000,139.99496467941665,200,00,@
AMZN,2025-02-05T09:30:07.740000,139.9908033505253,200,00,@
AMZN,2025-02-05T09:30:07.940000,139.98789486471748,50,00,@
AMZN,2025-02-05T09:30:08.740000,139.98930512525823,200,00,@
AMZN,2025-02-05T09:30:08.940000,139.98897345061312,50,00,@
AMZN,2025-02-05T09:30:09.020000,139.9904901331005,200,00,@
AMZN,2025-02-05T09:30:09.220000,139.98725965088818,10,00,@
AMZN,2025-02-05T09:30:09.420000,139.98291543545722,10,00,@
AMZN,2025-02-05T09:30:09.440000,139.9780270999761,10,00,@
AMZN,2025-02-05T09:30:09.640000,139.97567928131636,50,00,@
AMZN,2025-02-05T09:30:09.660000,139.97607375342002,200,00,@
AMZN,2025-02-05T09:30:09.860000,139.97819491705425,10,00,@
AMZN,2025-02-05T09:30:10.060000,139.97921941007667,50,00,@
AMZN,2025-02-05T09:30:10.860000,139.97962531419037,50,00,@
AMZN,2025-02-05T09:30:11.660000,139.97898962729107,200,00,@
AMZN,2025-02-05T09:30:11.680000,139.97919966601663,100,00,@
AMZN,2025-02-05T09:30:11.760000,139.98146284900014,100,00,@
AMZN,2025-02-05T09:30:12.560000,139.9812132428786,50,00,@
AMZN,2025-02-05T09:30:13.360000,139.98012406652418,200,00,@
AMZN,2025-02-05T09:30:13.380000,139.97398243075887,10,00,@
AMZN,2025-02-05T09:30:13.580000,139.97239801098954,10,00,@
AMZN,2025-02-05T09:30:13.660000,139.9713648006018,200,00,@
AMZN,2025-02-05T09:30:13.680000,139.96960343906755,100,00,@
AMZN,2025-02-05T09:30:13.880000,139.96845449320756,200,00,@
AMZN,2025-02-05T09:30:14.680000,139.9688394469791,50,00,@
AMZN,2025-02-05T09:30:14.700000,139.9694330190713,10,00,@
AMZN,2025-02-05T09:30:15.500000,139.96890764265748,100,00,@
AMZN,2025-02-05T09:30:16.300000,139.97201462866607,50,00,@
AMZN,2025-02-05T09:30:16.380000,139.97631698501468,50,00,@
AMZN,2025-02-05T09:30:16.460000,139.97946110442246,50,00,@
AMZN,2025-02-05T09:30:16.660000,139.9752267082088,50,00,@
AMZN,2025-02-05T09:30:16.740000,139.9742353271623,200,00,@
AMZN,2025-02-05T09:30:17.540000,139.96977878841824,200,00,@
AMZN,2025-02-05T09:30:17.740000,139.96518497133178,50,00,@
AMZN,2025-02-05T09:30:17.820000,139.9603395387446,100,00,@
AMZN,2025-02-05T09:30:17.900000,139.95559899868292,100,00,@
AMZN,2025-02-05T09:30:18.700000,139.94881215496116,400,00,@
AMZN,2025-02-05T09:30:18.780000,139.93825361281841,20,00,@
AMZN,2025-02-05T09:30:18.860000,139.9259901862708,200,00,@
AMZN,2025-02-05T09:30:18.940000,139.91289832552326,20,00,@
AMZN,2025-02-05T09:30:19.740000,139.9029788280018,20,00,@
AMZN,2025-02-05T09:30:19.940000,139.8964752316385,20,00,@
AMZN,2025-02-05T09:30:20.020000,139.89025487449624,400,00,@
AMZN,2025-02-05T09:30:20.100000,139.89481448019944,100,00,@
AMZN,2025-02-05T09:30:20.900000,139.89911440529286,100,00,@
AMZN,2025-02-05T09:30:20.920000,139.9053940391275,400,00,@
AMZN,2025-02-05T09:30:21.720000,139.913206317255,400,00,@
AMZN,2025-02-05T09:30:21.800000,139.9174573155298,20,00,@
AMZN,2025-02-05T09:30:22.600000,139.92107785880233,50,00,@
AMZN,2025-02-05T09:30:22.620000,139.92240692250707,100,00,@
AMZN,2025-02-05T09:30:22.700000,139.9224377396328,100,00,@
AMZN,2025-02-05T09:30:23.500000,139.92275833987307,100,00,@
AMZN,2025-02-05T09:30:23.700000,139.92590941255997,200,00,@
AMZN,2025-02-05T09:30:23.900000,139.92625064263365,100,00,@
AMZN,2025-02-05T09:30:23.920000,139.92681893506517,50,00,@
AMZN,2025-02-05T09:30:24.720000,139.93012648642838,100,00,@
AMZN,2025-02-05T09:30:24.740000,139.93654337622968,20,00,@
AMZN,2025-02-05T09:30:25.540000,139.94039756569595,200,00,@
AMZN,2025-02-05T09:30:25.620000,139.9424128355113,200,00,@
AMZN,2025-02-05T09:30:26.420000,139.9424590267226,100,00,@
AMZN,2025-02-05T09:30:26.500000,139.94470519901293,100,00,@
AMZN,2025-02-05T09:30:26.580000,139.94488510779604,50,00,@
AMZN,2025-02-05T09:30:26.600000,139.94802900914215,200,00,@
AMZN,2025-02-05T09:30:26.620000,139.95077749633168,10,00,@
AMZN,2025-02-05T09:30:26.700000,139.94838759295294,50,00,@
AMZN,2025-02-05T09:30:26.720000,139.94822341624482,200,00,@
AMZN,2025-02-05T09:30:26.920000,139.9465500319741,100,00,@
AMZN,2025-02-05T09:30:27.120000,139.94492752983308,200,00,@
AMZN,2025-02-05T09:30:27.140000,139.94152356167433,100,00,@
AMZN,2025-02-05T09:30:27.940000,139.93764242493432,50,00,@
AMZN,2025-02-05T09:30:28.140000,139.93730531118567,200,00,@
AMZN,2025-02-05T09:30:28.340000,139.94162540077468,100,00,@
AMZN,2025-02-05T09:30:28.420000,139.94778723307795,200,00,@
AMZN,2025-02-05T09:30:28.620000,139.95385811308242,200,00,@
AMZN,2025-02-05T09:30:28.700000,139.95683735659546,200,00,@
AMZN,2025-02-05T09:30:29.500000,139.9597952316861,50,00,@
AMZN,2025-02-05T09:30:29.580000,139.95924868674123,50,00,@
AMZN,2025-02-05T09:30:29.780000,139.96051607410348,200,00,@
AMZN,2025-02-05T09:30:30.580000,139.96327725568182,100,00,@
AMZN,2025-02-05T09:30:31.380000,139.962299793882,50,00,@
AMZN,2025-02-05T09:30:32.180000,139.95979533161275,50,00,@
AMZN,2025-02-05T09:30:32.200000,139.95728889120738,50,00,@
AMZN,2025-02-05T09:30:32.280000,139.94957071404346,20,00,@
AMZN,2025-02-05T09:30:32.360000,139.94374297778106,400,00,@
AMZN,2025-02-05T09:30:32.560000,139.93899687075682,200,00,@
AMZN,2025-02-05T09:30:33.360000,139.93847029749352,50,00,@
AMZN,2025-02-05T09:30:34.160000,139.94029858376223,10,00,@
AMZN,2025-02-05T09:30:34.960000,139.93912678401648,200,00,@
AMZN,2025-02-05T09:30:34.980000,139.93683678049862,10,00,@
AMZN,2025-02-05T09:30:35,139.93233291781297,50,00,@
AMZN,2025-02-05T09:30:35.800000,139.93323846838825,100,00,@
AMZN,2025-02-05T09:30:35.880000,139.93281494858022,100,00,@
AMZN,2025-02-05T09:30:35.960000,139.93313836017796,200,00,@
AMZN,2025-02-05T09:30:35.980000,139.9356961429456,50,00,@
AMZN,2025-02-05T09:30:36,139.9373279533628,10,00,@
AMZN,2025-02-05T09:30:36.020000,139.9363084398973,50,00,@
AMZN,2025-02-05T09:30:36.820000,139.93600830751456,200,00,@
AMZN,2025-02-05T09:30:37.020000,139.93804336990013,50,00,@
AMZN,2025-02-05T09:30:37.220000,139.93293323300227,20,00,@
AMZN,2025-02-05T09:30:37.240000,139.92455113920823,100,00,@
AMZN,2025-02-05T09:30:37.320000,139.91590652463654,400,00,@
AMZN,2025-02-05T09:30:37.400000,139.90797192066006,100,00,@
AMZN,2025-02-05T09:30:37.420000,139.9071786903961,400,00,@
AMZN,2025-02-05T09:30:37.440000,139.904209537981,200,00,@
AMZN,2025-02-05T09:30:37.640000,139.90391259052888,200,00,@
AMZN,2025-02-05T09:30:38.440000,139.9037664946066,50,00,@
AMZN,2025-02-06T09:30:00.200000,139.99710025072443,200,00,@
AMZN,2025-02-06T09:30:00.400000,139.9933190817616,200,00,@
AMZN,2025-02-06T09:30:00.600000,139.99071443894042,100,00,@
AMZN,2025-02-06T09:30:00.620000,139.98672188633475,200,00,@
AMZN,2025-02-06T09:30:00.700000,139.98075901294484,200,00,@
AMZN,2025-02-06T09:30:00.780000,139.98203062508534,10,00,@
AMZN,2025-02-06T09:30:00.860000,139.98725063785773,100,00,@
AMZN,2025-02-06T09:30:01.660000,139.98632664488585,200,00,@
AMZN,2025-02-06T09:30:01.860000,139.9834552475493,10,00,@
AMZN,2025-02-06T09:30:02.660000,139.98019032594405,50,00,@
AMZN,2025-02-06T09:30:02.740000,139.97727368468585,100,00,@
AMZN,2025-02-06T09:30:02.760000,139.97053692895702,400,00,@
AMZN,2025-02-06T09:30:02.780000,139.96614570087578,100,00,@
AMZN,2025-02-06T09:30:03.580000,139.96051621472827,400,00,@
AMZN,2025-02-06T09:30:03.600000,139.95329483260164,100,00,@
AMZN,2025-02-06T09:30:03.620000,139.953982001297,100,00,@
AMZN,2025-02-06T09:30:03.700000,139.9535694024274,200,00,@
AMZN,2025-02-06T09:30:04.500000,139.95236874993853,50,00,@
AMZN,2025-02-06T09:30:04.700000,139.95337112695793,200,00,@
AMZN,2025-02-06T09:30:04.900000,139.95320744996013,50,00,@
AMZN,2025-02-06T09:30:04.920000,139.95237897177483,50,00,@
AMZN,2025-02-06T09:30:05.120000,139.953267061432,100,00,@
AMZN,2025-02-06T09:30:05.140000,139.95742471551145,100,00,@
AMZN,2025-02-06T09:30:05.940000,139.96199933935426,200,00,@
AMZN,2025-02-06T09:30:05.960000,139.9620343348886,200,00,@
AMZN,2025-02-06T09:30:05.980000,139.96545449726761,200,00,@
AMZN,2025-02-06T09:30:06.180000,139.9654145410126,200,00,@
AMZN,2025-02-06T09:30:06.380000,139.9663347470885,50,00,@
AMZN,2025-02-06T09:30:06.460000,139.969589031653,10,00,@
AMZN,2025-02-06T09:30:06.660000,139.974767325742,200,00,@
AMZN,2025-02-06T09:30:06.860000,139.97733821489282,400,00,@
AMZN,2025-02-06T09:30:07.660000,139.980391840697,400,00,@
AMZN,2025-02-06T09:30:07.860000,139.9836599716441,200,00,@
AMZN,2025-02-06T09:30:07.880000,139.98271874688152,10,00,@
AMZN,2025-02-06T09:30:07.960000,139.98575201741957,200,00,@
AMZN,2025-02-06T09:30:08.040000,139.98851705646143,200,00,@
AMZN,2025-02-06T09:30:08.240000,139.9925568181804,50,00,@
AMZN,2025-02-06T09:30:08.440000,139.98870372206764,100,00,@
AMZN,2025-02-06T09:30:08.520000,139.98829797322622,200,00,@
AMZN,2025-02-06T09:30:08.720000,139.98634219381813,10,00,@
AMZN,2025-02-06T09:30:08.920000,139.9871423283059,200,00,@
AMZN,2025-02-06T09:30:09.720000,139.98762797808016,200,00,@
AMZN,2025-02-06T09:30:10.520000,139.98541491309624,200,00,@
AMZN,2025-02-06T09:30:11.320000,139.9841203725914,100,00,@
AMZN,2025-02-06T09:30:11.520000,139.9838177439504,10,00,@
AMZN,2025-02-06T09:30:12.320000,139.98636286774607,200,00,@
AMZN,2025-02-06T09:30:12.520000,139.98860726968474,100,00,@
AMZN,2025-02-06T09:30:12.720000,139.99257745758635,10,00,@
AMZN,2025-02-06T09:30:12.740000,139.99584761121685,50,00,@
AMZN,2025-02-06T09:30:13.540000,139.99507618814854,10,00,@
AMZN,2025-02-06T09:30:13.560000,139.99147569701404,100,00,@
AMZN,2025-02-06T09:30:14.360000,139.99039297127442,50,00,@
AMZN,2025-02-06T09:30:14.380000,139.98665616053495,200,00,@
AMZN,2025-02-06T09:30:14.580000,139.9807021561258,400,00,@
AMZN,2025-02-06T09:30:15.380000,139.97317610690337,100,00,@
AMZN,2025-02-06T09:30:15.400000,139.9661861386022,100,00,@
AMZN,2025-02-06T09:30:15.480000,139.96020793771808,100,00,@
AMZN,2025-02-06T09:30:15.680000,139.95743408016116,10,00,@
AMZN,2025-02-06T09:30:15.760000,139.95760003149385,50,00,@
AMZN,2025-02-06T09:30:15.840000,139.95581919056252,10,00,@
AMZN,2025-02-06T09:30:15.920000,139.95327763161342,200,00,@
AMZN,2025-02-06T09:30:16.720000,139.95111502843451,200,00,@
AMZN,2025-02-06T09:30:16.800000,139.95329346064247,100,00,@
AMZN,2025-02-06T09:30:17.600000,139.9565999838099,200,00,@
AMZN,2025-02-06T09:30:17.800000,139.96242441518646,400,00,@
AMZN,2025-02-06T09:30:17.820000,139.96373330817102,100,00,@
AMZN,2025-02-06T09:30:18.020000,139.97045037287924,10,00,@
AMZN,2025-02-06T09:30:18.100000,139.97102162970984,10,00,@
AMZN,2025-02-06T09:30:18.900000,139.97319306439402,10,00,@
AMZN,2025-02-06T09:30:19.700000,139.96991295539974,400,00,@
AMZN,2025-02-06T09:30:19.900000,139.96618132721596,200,00,@
AMZN,2025-02-06T09:30:19.920000,139.9572449656224,400,00,@
AMZN,2025-02-06T09:30:20.120000,139.9544425266344,400,00,@
AMZN,2025-02-06T09:30:20.920000,139.9514125317225,20,00,@
AMZN,2025-02-06T09:30:21,139.95056300871926,200,00,@
AMZN,2025-02-06T09:30:21.800000,139.94940377560235,100,00,@
AMZN,2025-02-06T09:30:21.820000,139.94650711878364,100,00,@
AMZN,2025-02-06T09:30:22.620000,139.94485586753706,10,00,@
AMZN,2025-02-06T09:30:22.640000,139.94264453672844,200,00,@
AMZN,2025-02-06T09:30:22.840000,139.94024645487826,100,00,@
AMZN,2025-02-06T09:30:22.920000,139.93988702767658,50,00,@
AMZN,2025-02-06T09:30:23.720000,139.93936634896733,200,00,@
AMZN,2025-02-06T09:30:24.520000,139.93781459022998,200,00,@
AMZN,2025-02-06T09:30:24.720000,139.9333799925227,400,00,@
AMZN,2025-02-06T09:30:24.740000,139.93168318102846,10,00,@
AMZN,2025-02-06T09:30:24.760000,139.92983686803225,100,00,@
AMZN,2025-02-06T09:30:25.560000,139.92602450759324,200,00,@
AMZN,2025-02-06T09:30:25.760000,139.92624722745828,200,00,@
AMZN,2025-02-06T09:30:25.840000,139.9265409330421,50,00,@
AMZN,2025-02-06T09:30:25.860000,139.92428405037575,50,00,@
AMZN,2025-02-06T09:30:25.880000,139.9231760065274,100,00,@
AMZN,2025-02-06T09:30:25.900000,139.9223201974229,50,00,@
AMZN,2025-02-06T09:30:25.980000,139.91898471820548,10,00,@
AMZN,2025-02-06T09:30:26.180000,139.91258869648348,400,00,@
AMZN,2025-02-06T09:30:26.380000,139.90806845367135,100,00,@
AMZN,2025-02-06T09:30:26.400000,139.9034082207015,200,00,@
AMZN,2025-02-06T09:30:27.200000,139.89913278677358,10,00,@
AMZN,2025-02-06T09:30:27.280000,139.89770865121162,10,00,@
AMZN,2025-02-06T09:30:27.360000,139.89580320489702,100,00,@
AMZN,2025-02-06T09:30:28.160000,139.89249653381273,100,00,@
AMZN,2025-02-06T09:30:28.360000,139.88734763989962,10,00,@
AMZN,2025-02-06T09:30:28.560000,139.88590969667445,200,00,@
AMZN,2025-02-06T09:30:28.760000,139.88084686260524,200,00,@
AMZN,2025-02-06T09:30:28.960000,139.8714723044035,200,00,@
AMZN,2025-02-06T09:30:29.040000,139.86140633267942,20,00,@
AMZN,2025-02-06T09:30:29.120000,139.84966671702884,200,00,@
AMZN,2025-02-06T09:30:29.140000,139.8395458408081,100,00,@
AMZN,2025-02-06T09:30:29.340000,139.82815646640543,400,00,@
AMZN,2025-02-06T09:30:29.540000,139.82008717615088,200,00,@
AMZN,2025-02-06T09:30:30.340000,139.81379517397068,20,00,@
AMZN,2025-02-06T09:30:30.540000,139.80986928843396,200,00,@
AMZN,2025-02-06T09:30:30.560000,139.80371154594428,400,00,@
AMZN,2025-02-06T09:30:31.360000,139.8005612876417,200,00,@
AMZN,2025-02-06T09:30:31.380000,139.79493759146013,100,00,@
AMZN,2025-02-06T09:30:31.400000,139.7894331724866,200,00,@
AMZN,2025-02-06T09:30:31.480000,139.78526287801057,100,00,@
AMZN,2025-02-06T09:30:31.680000,139.78303709643447,50,00,@
AMZN,2025-02-06T09:30:31.760000,139.7806019157695,100,00,@
AMZN,2025-02-06T09:30:31.780000,139.77632502878322,10,00,@
AMZN,2025-02-06T09:30:31.800000,139.7739128531557,200,00,@
AMZN,2025-02-06T09:30:31.820000,139.77143136645188,10,00,@
AMZN,2025-02-06T09:30:31.900000,139.76627538823752,200,00,@
AMZN,2025-02-06T09:30:31.980000,139.76011303550598,400,00,@
AMZN,2025-02-06T09:30:32.180000,139.75402189798996,400,00,@
AMZN,2025-02-06T09:30:32.260000,139.74431218284943,100,00,@
AMZN,2025-02-06T09:30:33.060000,139.7341630207054,20,00,@
AMZN,2025-02-06T09:30:33.260000,139.72433469796317,20,00,@
AMZN,2025-02-06T09:30:34.060000,139.7171774312086,200,00,@
AMZN,2025-02-07T09:30:00.200000,140.00227313410036,10,00,@
AMZN,2025-02-07T09:30:00.220000,140.00286351713675,200,00,@
AMZN,2025-02-07T09:30:00.240000,140.00222831836584,200,00,@
AMZN,2025-02-07T09:30:00.320000,140.0017505575847,200,00,@
AMZN,2025-02-07T09:30:01.120000,140.00126539388685,100,00,@
AMZN,2025-02-07T09:30:01.920000,140.00322894592344,10,00,@
AMZN,2025-02-07T09:30:01.940000,140.00090667735253,200,00,@
AMZN,2025-02-07T09:30:01.960000,139.9991278142957,50,00,@
AMZN,2025-02-07T09:30:02.040000,139.99816711051935,50,00,@
AMZN,2025-02-07T09:30:02.060000,139.9987474472805,10,00,@
AMZN,2025-02-07T09:30:02.860000,139.99812288248202,200,00,@
AMZN,2025-02-07T09:30:03.060000,139.99711168054895,10,00,@
AMZN,2025-02-07T09:30:03.860000,139.99816672921955,100,00,@
AMZN,2025-02-07T09:30:04.060000,140.001852174198,200,00,@
AMZN,2025-02-07T09:30:04.140000,140.00339946535803,10,00,@
AMZN,2025-02-07T09:30:04.340000,140.00864377348373,400,00,@
AMZN,2025-02-07T09:30:04.360000,140.00998485748332,10,00,@
AMZN,2025-02-07T09:30:04.440000,140.01473763749152,100,00,@
AMZN,2025-02-07T09:30:04.640000,140.0196127537915,100,00,@
AMZN,2025-02-07T09:30:04.660000,140.02629175520426,400,00,@
AMZN,2025-02-07T09:30:05.460000,140.03304353207352,400,00,@
AMZN,2025-02-07T09:30:05.660000,140.03770419292587,10,00,@
AMZN,2025-02-07T09:30:05.740000,140.03819678467897,200,00,@
AMZN,2025-02-07T09:30:05.940000,140.04061964330907,200,00,@
AMZN,2025-02-07T09:30:06.740000,140.04092507769678,200,00,@
AMZN,2025-02-07T09:30:07.540000,140.03985037564195,50,00,@
AMZN,2025-02-07T09:30:08.340000,140.04303095750984,50,00,@
AMZN,2025-02-07T09:30:09.140000,140.0464946721649,100,00,@
AMZN,2025-02-07T09:30:09.220000,140.04672385970903,10,00,@
AMZN,2025-02-07T09:30:10.020000,140.04897219047155,100,00,@
AMZN,2025-02-07T09:30:10.100000,140.0522865058866,50,00,@
AMZN,2025-02-07T09:30:10.120000,140.05921650859483,20,00,@
AMZN,2025-02-07T09:30:10.200000,140.0681894705325,200,00,@
AMZN,2025-02-07T09:30:10.220000,140.0766227213553,200,00,@
AMZN,2025-02-07T09:30:10.420000,140.0873442321119,200,00,@
AMZN,2025-02-07T09:30:11.220000,140.1003569465409,20,00,@
AMZN,2025-02-07T09:30:12.020000,140.11058967246296,200,00,@
AMZN,2025-02-07T09:30:12.220000,140.1147276711852,10,00,@
AMZN,2025-02-07T09:30:12.300000,140.1143103248776,100,00,@
AMZN,2025-02-07T09:30:13.100000,140.11483974027607,100,00,@
AMZN,2025-02-07T09:30:13.900000,140.11610754711853,10,00,@
AMZN,2025-02-07T09:30:13.980000,140.11741509938392,200,00,@
AMZN,2025-02-07T09:30:14.180000,140.12063349092182,50,00,@
AMZN,2025-02-07T09:30:14.200000,140.12827311767614,20,00,@
AMZN,2025-02-07T09:30:14.400000,140.13238584241904,200,00,@
AMZN,2025-02-07T09:30:14.420000,140.13469328035228,10,00,@
AMZN,2025-02-07T09:30:15.220000,140.13956637063913,200,00,@
AMZN,2025-02-07T09:30:15.240000,140.14385484407464,100,00,@
AMZN,2025-02-07T09:30:15.320000,140.148103163302,200,00,@
AMZN,2025-02-07T09:30:15.400000,140.15200351886674,20,00,@
AMZN,2025-02-07T09:30:15.600000,140.15639419957614,400,00,@
AMZN,2025-02-07T09:30:15.680000,140.16022553006894,100,00,@
AMZN,2025-02-07T09:30:15.760000,140.16538334852297,400,00,@
AMZN,2025-02-07T09:30:15.780000,140.17116289872072,200,00,@
AMZN,2025-02-07T09:30:15.860000,140.17844205801254,100,00,@
AMZN,2025-02-07T09:30:16.660000,140.18022000801432,200,00,@
AMZN,2025-02-07T09:30:17.460000,140.18331676625078,50,00,@
AMZN,2025-02-07T09:30:17.540000,140.18647678668947,100,00,@
AMZN,2025-02-07T09:30:17.560000,140.19299200021837,400,00,@
AMZN,2025-02-07T09:30:17.760000,140.20118743488922,20,00,@
AMZN,2025-02-07T09:30:17.960000,140.2083097107309,400,00,@
AMZN,2025-02-07T09:30:18.040000,140.2139520595887,100,00,@
AMZN,2025-02-07T09:30:18.240000,140.21958145884227,100,00,@
AMZN,2025-02-07T09:30:18.320000,140.22249936850918,20,00,@
AMZN,2025-02-07T09:30:18.340000,140.2251879340754,200,00,@
AMZN,2025-02-07T09:30:18.540000,140.2301799797384,200,00,@
AMZN,2025-02-07T09:30:18.740000,140.23402519313862,200,00,@
AMZN,2025-02-07T09:30:18.760000,140.2373102526273,200,00,@
AMZN,2025-02-07T09:30:19.560000,140.23912435322566,50,00,@
AMZN,2025-02-07T09:30:19.640000,140.23785986395777,50,00,@
AMZN,2025-02-07T09:30:19.720000,140.2343068075689,200,00,@
AMZN,2025-02-07T09:30:20.520000,140.2278943832693,10,00,@
AMZN,2025-02-07T09:30:20.540000,140.2281469037812,100,00,@
AMZN,2025-02-07T09:30:20.740000,140.228536672451,10,00,@
AMZN,2025-02-07T09:30:20.760000,140.23043664594846,10,00,@
AMZN,2025-02-07T09:30:20.840000,140.22887874820273,50,00,@
AMZN,2025-02-07T09:30:20.860000,140.22770455975186,200,00,@
AMZN,2025-02-07T09:30:20.940000,140.22572625879985,50,00,@
AMZN,2025-02-07T09:30:20.960000,140.22281553744403,100,00,@
AMZN,2025-02-07T09:30:21.760000,140.21980010956486,200,00,@
AMZN,2025-02-07T09:30:21.960000,140.22117645544228,10,00,@
AMZN,2025-02-07T09:30:22.040000,140.21973497505698,100,00,@
AMZN,2025-02-07T09:30:22.060000,140.22025291244478,200,00,@
AMZN,2025-02-07T09:30:22.080000,140.22093489878378,50,00,@
AMZN,2025-02-07T09:30:22.880000,140.2202885344052,200,00,@
AMZN,2025-02-07T09:30:22.900000,140.22607307372573,20,00,@
AMZN,2025-02-07T09:30:23.700000,140.2291058438272,200,00,@
AMZN,2025-02-07T09:30:23.780000,140.23437969049905,200,00,@
AMZN,2025-02-07T09:30:23.980000,140.24062546554234,400,00,@
AMZN,2025-02-07T09:30:24.780000,140.24098355660706,100,00,@
AMZN,2025-02-07T09:30:24.860000,140.24277496161008,200,00,@
AMZN,2025-02-07T09:30:24.880000,140.24448983105847,100,00,@
AMZN,2025-02-07T09:30:25.080000,140.24695462545483,50,00,@
AMZN,2025-02-07T09:30:25.280000,140.24916534875933,10,00,@
AMZN,2025-02-07T09:30:25.300000,140.25380670293285,20,00,@
AMZN,2025-02-07T09:30:25.500000,140.25592486431313,10,00,@
AMZN,2025-02-07T09:30:25.700000,140.2575199083597,100,00,@
AMZN,2025-02-07T09:30:25.720000,140.25983957804658,200,00,@
AMZN,2025-02-07T09:30:25.800000,140.26404226857426,100,00,@
AMZN,2025-02-07T09:30:26.600000,140.2656771899496,10,00,@
AMZN,2025-02-07T09:30:26.680000,140.27172073003945,100,00,@
AMZN,2025-02-07T09:30:26.760000,140.27501726035405,100,00,@
AMZN,2025-02-07T09:30:26.780000,140.27864247781622,10,00,@
AMZN,2025-02-07T09:30:26.860000,140.28108242770443,200,00,@
AMZN,2025-02-07T09:30:26.880000,140.28337248832116,100,00,@
AMZN,2025-02-07T09:30:27.080000,140.28453176752612,50,00,@
AMZN,2025-02-07T09:30:27.160000,140.28787495159708,200,00,@
AMZN,2025-02-07T09:30:27.360000,140.2892359110105,200,00,@
AMZN,2025-02-07T09:30:28.160000,140.288420419556,10,00,@
AMZN,2025-02-07T09:30:28.360000,140.28409908086655,200,00,@
AMZN,2025-02-07T09:30:28.560000,140.2828407509955,10,00,@
AMZN,2025-02-07T09:30:29.360000,140.28346729776337,200,00,@
AMZN,2025-02-07T09:30:29.380000,140.28135432780584,50,00,@
AMZN,2025-02-07T09:30:29.580000,140.2843318192995,10,00,@
AMZN,2025-02-07T09:30:29.780000,140.28334540656158,50,00,@
AMZN,2025-02-07T09:30:29.860000,140.2851435732422,10,00,@
AMZN,2025-02-07T09:30:30.060000,140.28251713336195,20,00,@
AMZN,2025-02-07T09:30:30.080000,140.27837270066797,100,00,@
AMZN,2025-02-07T09:30:30.280000,140.278018506646,100,00,@
AMZN,2025-02-07T09:30:30.300000,140.2784350534306,10,00,@
AMZN,2025-02-07T09:30:31.100000,140.27996527151163,50,00,@
AMZN,2025-02-07T09:30:31.180000,140.28128085018474,50,00,@
AMZN,2025-02-07T09:30:31.260000,140.28222733719934,10,00,@
AMZN,2025-02-07T09:30:31.340000,140.28332913293806,200,00,@
AMZN,2025-02-07T09:30:31.360000,140.28366989842516,10,00,@
AMZN,2025-02-07T09:30:31.380000,140.284240824941,100,00,@
AMZN,2025-02-07T09:30:31.580000,140.2861176567479,10,00,@
AMZN,2025-02-07T09:30:32.380000,140.28443304762865,10,00,@
AMZN,2025-02-10T09:30:00.200000,140.00226664726992,100,00,@
AMZN,2025-02-10T09:30:00.220000,140.00354797614486,50,00,@
AMZN,2025-02-10T09:30:01.020000,140.00483705303705,50,00,@
AMZN,2025-02-10T09:30:01.820000,140.00828026128076,50,00,@
AMZN,2025-02-10T09:30:01.840000,140.01236421452015,50,00,@
AMZN,2025-02-10T09:30:02.640000,140.0153920887261,100,00,@
AMZN,2025-02-10T09:30:03.440000,140.01741668160767,200,00,@
AMZN,2025-02-10T09:30:03.640000,140.01513856288443,50,00,@
AMZN,2025-02-10T09:30:03.660000,140.01420739678315,50,00,@
AMZN,2025-02-10T09:30:03.740000,140.01460702095684,10,00,@
AMZN,2025-02-10T09:30:04.540000,140.01587297877504,10,00,@
AMZN,2025-02-10T09:30:05.340000,140.0169498643566,200,00,@
AMZN,2025-02-10T09:30:05.360000,140.01981320936488,100,00,@
AMZN,2025-02-10T09:30:05.380000,140.02864594071787,200,00,@
AMZN,2025-02-10T09:30:06.180000,140.034721542553,200,00,@
AMZN,2025-02-10T09:30:06.980000,140.04123876311908,400,00,@
AMZN,2025-02-10T09:30:07.780000,140.0477166087153,100,00,@
AMZN,2025-02-10T09:30:07.800000,140.0525935861013,50,00,@
AMZN,2025-02-10T09:30:07.880000,140.05475374435974,200,00,@
AMZN,2025-02-10T09:30:07.960000,140.05851489676576,200,00,@
AMZN,2025-02-10T09:30:07.980000,140.06061634064028,100,00,@
AMZN,2025-02-10T09:30:08.060000,140.066286735676,10,00,@
AMZN,2025-02-10T09:30:08.080000,140.06957841684647,50,00,@
AMZN,2025-02-10T09:30:08.160000,140.06934357385234,10,00,@
AMZN,2025-02-10T09:30:08.240000,140.07487853344293,200,00,@
AMZN,2025-02-10T09:30:08.260000,140.07453323772745,10,00,@
AMZN,2025-02-10T09:30:08.460000,140.07386124275126,100,00,@
AMZN,2025-02-10T09:30:08.660000,140.06899094641614,50,00,@
AMZN,2025-02-10T09:30:08.860000,140.07033599382575,100,00,@
AMZN,2025-02-10T09:30:09.660000,140.06714538445723,10,00,@
AMZN,2025-02-10T09:30:09.860000,140.06687040823587,100,00,@
AMZN,2025-02-10T09:30:09.880000,140.06673144488204,10,00,@
AMZN,2025-02-10T09:30:09.900000,140.0661058750355,200,00,@
AMZN,2025-02-10T09:30:09.980000,140.0636260194498,50,00,@
AMZN,2025-02-10T09:30:10.180000,140.06032123604513,200,00,@
AMZN,2025-02-10T09:30:10.980000,140.056150669015,50,00,@
AMZN,2025-02-10T09:30:11.780000,140.05178360982902,50,00,@
AMZN,2025-02-10T09:30:11.860000,140.04875984043616,200,00,@
AMZN,2025-02-10T09:30:11.940000,140.0461538095229,200,00,@
AMZN,2025-02-10T09:30:12.140000,140.0435123043985,50,00,@
AMZN,2025-02-10T09:30:12.940000,140.04341704347593,50,00,@
AMZN,2025-02-10T09:30:12.960000,140.03942777168982,50,00,@
AMZN,2025-02-10T09:30:13.160000,140.0386163777749,200,00,@
AMZN,2025-02-10T09:30:13.180000,140.0378417505425,100,00,@
AMZN,2025-02-10T09:30:13.380000,140.03626806315015,10,00,@
AMZN,2025-02-10T09:30:14.180000,140.0343567803614,50,00,@
AMZN,2025-02-10T09:30:14.260000,140.034857153497,10,00,@
AMZN,2025-02-10T09:30:14.280000,140.03676570076286,10,00,@
AMZN,2025-02-10T09:30:14.480000,140.03811664238123,10,00,@
AMZN,2025-02-10T09:30:15.280000,140.04307486995577,10,00,@
AMZN,2025-02-10T09:30:15.480000,140.0465436793091,200,00,@
AMZN,2025-02-10T09:30:15.500000,140.04994583956451,50,00,@
AMZN,2025-02-10T09:30:15.520000,140.0542098539292,200,00,@
AMZN,2025-02-10T09:30:15.600000,140.05407557614726,100,00,@
AMZN,2025-02-10T09:30:15.800000,140.05721393781505,50,00,@
AMZN,2025-02-10T09:30:15.880000,140.0563523819154,50,00,@
AMZN,2025-02-10T09:30:15.900000,140.05654804817527,200,00,@
AMZN,2025-02-10T09:30:15.920000,140.0596786434839,50,00,@
AMZN,2025-02-10T09:30:16,140.05783911884504,10,00,@
AMZN,2025-02-10T09:30:16.200000,140.054937977756,100,00,@
AMZN,2025-02-10T09:30:16.280000,140.05223855287275,10,00,@
AMZN,2025-02-10T09:30:16.300000,140.04638656752448,20,00,@
AMZN,2025-02-10T09:30:16.380000,140.0470579740102,200,00,@
AMZN,2025-02-10T09:30:16.400000,140.04622019409135,10,00,@
AMZN,2025-02-10T09:30:17.200000,140.0444547845924,50,00,@
AMZN,2025-02-10T09:30:17.220000,140.04646236609028,200,00,@
AMZN,2025-02-10T09:30:17.300000,140.05308959771537,200,00,@
AMZN,2025-02-10T09:30:17.320000,140.05748184039854,20,00,@
AMZN,2025-02-10T09:30:18.120000,140.06286078527586,100,00,@
AMZN,2025-02-10T09:30:18.320000,140.0692036338441,20,00,@
AMZN,2025-02-10T09:30:19.120000,140.07615972815017,400,00,@
AMZN,2025-02-10T09:30:19.200000,140.08087176613634,200,00,@
AMZN,2025-02-10T09:30:19.220000,140.08775354521924,20,00,@
AMZN,2025-02-10T09:30:19.300000,140.09232161426382,100,00,@
AMZN,2025-02-10T09:30:19.380000,140.09479498685317,10,00,@
AMZN,2025-02-10T09:30:20.180000,140.0962072545902,100,00,@
AMZN,2025-02-10T09:30:20.980000,140.10407640114212,20,00,@
AMZN,2025-02-10T09:30:21.180000,140.11038996191388,400,00,@
AMZN,2025-02-10T09:30:21.200000,140.11608187747854,200,00,@
AMZN,2025-02-10T09:30:21.220000,140.12035491103956,400,00,@
AMZN,2025-02-10T09:30:21.240000,140.12640492308387,400,00,@
AMZN,2025-02-10T09:30:22.040000,140.12991820851906,50,00,@
AMZN,2025-02-10T09:30:22.060000,140.13523789445733,200,00,@
AMZN,2025-02-10T09:30:22.080000,140.1374080435499,200,00,@
AMZN,2025-02-10T09:30:22.100000,140.13993402835752,10,00,@
AMZN,2025-02-10T09:30:22.900000,140.1436819936182,100,00,@
AMZN,2025-02-10T09:30:23.700000,140.14715768296298,50,00,@
AMZN,2025-02-10T09:30:23.900000,140.1545590551381,400,00,@
AMZN,2025-02-10T09:30:23.920000,140.16097405187404,20,00,@
AMZN,2025-02-10T09:30:24.120000,140.16745937597534,400,00,@
AMZN,2025-02-10T09:30:24.920000,140.17423505930878,200,00,@
AMZN,2025-02-10T09:30:25.120000,140.17824444990114,50,00,@
AMZN,2025-02-10T09:30:25.140000,140.17553107897822,50,00,@
AMZN,2025-02-10T09:30:25.340000,140.17753725970098,200,00,@
AMZN,2025-02-10T09:30:25.540000,140.17653257642007,10,00,@
AMZN,2025-02-10T09:30:25.620000,140.1782185024508,200,00,@
AMZN,2025-02-10T09:30:25.640000,140.18427025103904,20,00,@
AMZN,2025-02-10T09:30:26.440000,140.18680708564793,10,00,@
AMZN,2025-02-10T09:30:27.240000,140.18962049367985,100,00,@
AMZN,2025-02-10T09:30:27.260000,140.19106288700002,200,00,@
AMZN,2025-02-10T09:30:28.060000,140.19196722649372,100,00,@
AMZN,2025-02-10T09:30:28.140000,140.19494200525884,100,00,@
AMZN,2025-02-10T09:30:28.160000,140.200053147475,20,00,@
AMZN,2025-02-10T09:30:28.960000,140.2078168578903,400,00,@
AMZN,2025-02-10T09:30:29.760000,140.21343463406075,100,00,@
AMZN,2025-02-10T09:30:29.960000,140.217448087902,200,00,@
AMZN,2025-02-10T09:30:29.980000,140.21825344148635,50,00,@
AMZN,2025-02-10T09:30:30.060000,140.21794153051852,100,00,@
AMZN,2025-02-10T09:30:30.080000,140.2176392278557,10,00,@
AMZN,2025-02-10T09:30:30.100000,140.21714941408777,100,00,@
AMZN,2025-02-10T09:30:30.180000,140.21957863240587,100,00,@
AMZN,2025-02-10T09:30:30.200000,140.218490314742,50,00,@
AMZN,2025-02-10T09:30:31,140.21924694725044,10,00,@
AMZN,2025-02-10T09:30:31.200000,140.22224338189557,50,00,@
AMZN,2025-02-10T09:30:31.220000,140.2240354058271,10,00,@
AMZN,2025-02-10T09:30:31.300000,140.22793880544614,400,00,@
AMZN,2025-02-10T09:30:32.100000,140.22931433336865,10,00,@
AMZN,2025-02-10T09:30:32.180000,140.2261161465443,200,00,@
AMZN,2025-02-10T09:30:32.200000,140.22840927726338,100,00,@
AMZN,2025-02-10T09:30:32.280000,140.23126243625865,10,00,@
AMZN,2025-02-10T09:30:32.360000,140.23222593596014,50,00,@
AMZN,2025-02-10T09:30:32.560000,140.23143990256253,200,00,@
AMZN,2025-02-10T09:30:32.640000,140.2373186084175,100,00,@
AMZN,2025-02-10T09:30:32.660000,140.2410132333551,200,00,@
AMZN,2025-02-10T09:30:32.680000,140.24283622034594,100,00,@
AMZN,2025-02-10T09:30:32.880000,140.24004610592974,50,00,@
AMZN,2025-02-10T09:30:32.900000,140.23786457450362,200,00,@
AMZN,2025-02-10T09:30:32.920000,140.23444385568263,200,00,@
AMZN,2025-02-11T09:30:00.020000,139.9991910667433,50,00,@
AMZN,2025-02-11T09:30:00.040000,139.99489856547717,200,00,@
AMZN,2025-02-11T09:30:00.240000,139.99451569127353,10,00,@
AMZN,2025-02-11T09:30:01.040000,139.99474499282522,10,00,@
AMZN,2025-02-11T09:30:01.840000,139.99668662696106,10,00,@
AMZN,2025-02-11T09:30:02.040000,139.99772465347502,10,00,@
AMZN,2025-02-11T09:30:02.060000,139.99615406936738,200,00,@
AMZN,2025-02-11T09:30:02.140000,139.99912835835536,100,00,@
AMZN,2025-02-11T09:30:02.220000,139.99470448712142,100,00,@
AMZN,2025-02-11T09:30:02.420000,139.98653554406448,100,00,@
AMZN,2025-02-11T09:30:03.220000,139.9757209378707,200,00,@
AMZN,2025-02-11T09:30:03.420000,139.9652825883429,20,00,@
AMZN,2025-02-11T09:30:03.440000,139.9567585457864,20,00,@
AMZN,2025-02-11T09:30:04.240000,139.9527846901222,400,00,@
AMZN,2025-02-11T09:30:04.320000,139.95300110588119,100,00,@
AMZN,2025-02-11T09:30:04.400000,139.95125035261066,200,00,@
AMZN,2025-02-11T09:30:04.480000,139.94513889854989,100,00,@
AMZN,2025-02-11T09:30:05.280000,139.94342058228918,200,00,@
AMZN,2025-02-11T09:30:05.300000,139.94438338440446,10,00,@
AMZN,2025-02-11T09:30:06.100000,139.94547551668936,50,00,@
AMZN,2025-02-11T09:30:06.180000,139.94466331824776,100,00,@
AMZN,2025-02-11T09:30:06.200000,139.9397494311607,200,00,@
AMZN,2025-02-11T09:30:07,139.93875532603386,200,00,@
AMZN,2025-02-11T09:30:07.200000,139.9390026077173,100,00,@
AMZN,2025-02-11T09:30:07.220000,139.93198330420643,20,00,@
AMZN,2025-02-11T09:30:07.300000,139.92802486299468,100,00,@
AMZN,2025-02-11T09:30:07.500000,139.9251942943955,10,00,@
AMZN,2025-02-11T09:30:08.300000,139.9176097769678,100,00,@
AMZN,2025-02-11T09:30:08.500000,139.91353697638414,50,00,@
AMZN,2025-02-11T09:30:08.700000,139.91432870627725,50,00,@
AMZN,2025-02-11T09:30:08.720000,139.9152349062335,200,00,@
AMZN,2025-02-11T09:30:08.800000,139.9132830779589,10,00,@
AMZN,2025-02-11T09:30:09.600000,139.91738441171634,10,00,@
AMZN,2025-02-11T09:30:10.400000,139.91899206387208,10,00,@
AMZN,2025-02-11T09:30:10.480000,139.91793343449854,10,00,@
AMZN,2025-02-11T09:30:11.280000,139.91837938672847,100,00,@
AMZN,2025-02-11T09:30:11.360000,139.9202033440365,10,00,@
AMZN,2025-02-11T09:30:11.380000,139.92137957998506,50,00,@
AMZN,2025-02-11T09:30:11.400000,139.92009289879618,10,00,@
AMZN,2025-02-11T09:30:11.420000,139.92024219850322,50,00,@
AMZN,2025-02-11T09:30:11.440000,139.92318057220055,10,00,@
AMZN,2025-02-11T09:30:11.460000,139.92299018462214,200,00,@
AMZN,2025-02-11T09:30:11.660000,139.92270457715378,10,00,@
AMZN,2025-02-11T09:30:12.460000,139.92426952957553,50,00,@
AMZN,2025-02-11T09:30:12.540000,139.92316530020224,100,00,@
AMZN,2025-02-11T09:30:12.560000,139.92308494939581,100,00,@
AMZN,2025-02-11T09:30:12.580000,139.9242279889031,200,00,@
AMZN,2025-02-11T09:30:13.380000,139.92505702602907,200,00,@
AMZN,2025-02-11T09:30:13.400000,139.92328743797685,50,00,@
AMZN,2025-02-11T09:30:13.420000,139.9214204913411,200,00,@
AMZN,2025-02-11T09:30:13.440000,139.92140144699357,50,00,@
AMZN,2025-02-11T09:30:13.460000,139.92312902968473,10,00,@
AMZN,2025-02-11T09:30:14.260000,139.93047885899924,20,00,@
AMZN,2025-02-11T09:30:14.460000,139.93456909730287,400,00,@
AMZN,2025-02-11T09:30:14.480000,139.93508736940458,100,00,@
AMZN,2025-02-11T09:30:14.680000,139.934846536323,200,00,@
AMZN,2025-02-11T09:30:14.880000,139.93526476643797,200,00,@
AMZN,2025-02-11T09:30:15.080000,139.9362864106194,50,00,@
AMZN,2025-02-11T09:30:15.280000,139.93296515230645,200,00,@
AMZN,2025-02-11T09:30:15.300000,139.92885553318098,200,00,@
AMZN,2025-02-11T09:30:16.100000,139.92789579580113,50,00,@
AMZN,2025-02-11T09:30:16.900000,139.9243404094519,100,00,@
AMZN,2025-02-11T09:30:17.700000,139.92152683041235,50,00,@
AMZN,2025-02-11T09:30:17.780000,139.91871889838208,10,00,@
AMZN,2025-02-11T09:30:17.980000,139.91538210177075,10,00,@
AMZN,2025-02-11T09:30:18.060000,139.91237225313148,200,00,@
AMZN,2025-02-11T09:30:18.260000,139.91086778998007,200,00,@
AMZN,2025-02-11T09:30:18.280000,139.91200915617364,100,00,@
AMZN,2025-02-11T09:30:18.300000,139.91483482084251,200,00,@
AMZN,2025-02-11T09:30:19.100000,139.91518444641864,200,00,@
AMZN,2025-02-11T09:30:19.120000,139.91816864840393,10,00,@
AMZN,2025-02-11T09:30:19.200000,139.9227915640859,400,00,@
AMZN,2025-02-11T09:30:19.400000,139.9282234874679,400,00,@
AMZN,2025-02-11T09:30:19.600000,139.9358396925403,20,00,@
AMZN,2025-02-11T09:30:19.800000,139.93910260779734,200,00,@
AMZN,2025-02-11T09:30:20.600000,139.9462810164698,20,00,@
AMZN,2025-02-11T09:30:20.620000,139.9556543058205,20,00,@
AMZN,2025-02-11T09:30:20.820000,139.9622051380505,20,00,@
AMZN,2025-02-11T09:30:21.020000,139.96714043112112,400,00,@
AMZN,2025-02-11T09:30:21.040000,139.96759474144775,100,00,@
AMZN,2025-02-11T09:30:21.060000,139.9659383450859,10,00,@
AMZN,2025-02-11T09:30:21.140000,139.9660499543708,10,00,@
AMZN,2025-02-11T09:30:21.220000,139.96680855284862,100,00,@
AMZN,2025-02-11T09:30:22.020000,139.96666133488,200,00,@
AMZN,2025-02-11T09:30:22.040000,139.9656265514222,50,00,@
AMZN,2025-02-11T09:30:22.840000,139.9629965430814,100,00,@
AMZN,2025-02-11T09:30:22.860000,139.95593753894704,100,00,@
AMZN,2025-02-11T09:30:22.940000,139.95221985935862,100,00,@
AMZN,2025-02-11T09:30:23.140000,139.9473502532137,400,00,@
AMZN,2025-02-11T09:30:23.340000,139.94721923254153,200,00,@
AMZN,2025-02-11T09:30:24.140000,139.94750637225405,10,00,@
AMZN,2025-02-11T09:30:24.340000,139.94914220208406,10,00,@
AMZN,2025-02-11T09:30:25.140000,139.95027657168555,100,00,@
AMZN,2025-02-11T09:30:25.940000,139.94735340463131,10,00,@
AMZN,2025-02-11T09:30:26.140000,139.94234915371445,50,00,@
AMZN,2025-02-11T09:30:26.340000,139.94506817449252,10,00,@
AMZN,2025-02-11T09:30:26.540000,139.94490741725116,10,00,@
AMZN,2025-02-11T09:30:26.620000,139.94930265978215,50,00,@
AMZN,2025-02-11T09:30:26.700000,139.94987823680438,50,00,@
AMZN,2025-02-11T09:30:26.900000,139.95274256864934,10,00,@
AMZN,2025-02-11T09:30:27.700000,139.95394883281008,200,00,@
AMZN,2025-02-11T09:30:27.780000,139.95711391999228,50,00,@
AMZN,2025-02-11T09:30:27.980000,139.9626801639378,400,00,@
AMZN,2025-02-11T09:30:28.780000,139.9642565589043,200,00,@
AMZN,2025-02-11T09:30:28.980000,139.96100134180443,100,00,@
AMZN,2025-02-11T09:30:29.180000,139.9613481134766,200,00,@
AMZN,2025-02-11T09:30:29.200000,139.9634122689742,100,00,@
AMZN,2025-02-11T09:30:30,139.9631529772317,200,00,@
AMZN,2025-02-11T09:30:30.020000,139.96303453223692,10,00,@
AMZN,2025-02-11T09:30:30.040000,139.96167301012608,200,00,@
AMZN,2025-02-11T09:30:30.240000,139.96172909111058,200,00,@
AMZN,2025-02-11T09:30:31.040000,139.9602849864193,100,00,@
AMZN,2025-02-11T09:30:31.840000,139.95783842904527,50,00,@
AMZN,2025-02-11T09:30:31.860000,139.95627932568826,10,00,@
AMZN,2025-02-11T09:30:31.880000,139.95483364125823,100,00,@
AMZN,2025-02-11T09:30:32.680000,139.95521295659378,200,00,@
AMZN,2025-02-11T09:30:33.480000,139.95768023702834,50,00,@
AMZN,2025-02-11T09:30:33.560000,139.96103177587185,10,00,@
AMZN,2025-02-11T09:30:33.580000,139.9646056018992,10,00,@
AMZN,2025-02-11T09:30:33.660000,139.96684018517905,200,00,@
AMZN,2025-02-11T09:30:33.680000,139.96517104824616,100,00,@
AMZN,2025-02-11T09:30:33.880000,139.96820023976025,10,00,@
AMZN,2025-02-11T09:30:34.080000,139.965943500091,100,00,@
AMZN,2025-02-11T09:30:34.100000,139.9650587404253,50,00,@
AMZN,2025-02-11T09:30:34.180000,139.96322637311113,50,00,@
AMZN,2025-02-11T09:30:34.200000,139.9603005942713,100,00,@
AMZN,2025-02-11T09:30:34.220000,139.95526803897778,20,00,@
AMZN,2025-02-11T09:30:34.420000,139.9500846058014,20,00,@
AMZN,2025-02-12T09:30:00.800000,139.9993972804926,50,00,@
AMZN,2025-02-12T09:30:00.820000,140.0010500685608,200,00,@
AMZN,2025-02-12T09:30:00.840000,140.00363450241457,100,00,@
AMZN,2025-02-12T09:30:00.860000,140.00402505528635,50,00,@
AMZN,2025-02-12T09:30:01.660000,140.0051874737032,100,00,@
AMZN,2025-02-12T09:30:02.460000,140.00490674526887,50,00,@
AMZN,2025-02-12T09:30:03.260000,140.00402893564933,100,00,@
AMZN,2025-02-12T09:30:03.280000,140.00054733816648,10,00,@
AMZN,2025-02-12T09:30:03.300000,139.99645407079163,100,00,@
AMZN,2025-02-12T09:30:04.100000,139.9971449468776,10,00,@
AMZN,2025-02-12T09:30:04.180000,139.99711692180037,10,00,@
AMZN,2025-02-12T09:30:04.260000,139.99660556151164,50,00,@
AMZN,2025-02-12T09:30:05.060000,140.00088612815722,50,00,@
AMZN,2025-02-12T09:30:05.140000,140.00339603059766,200,00,@
AMZN,2025-02-12T09:30:05.160000,140.00480671291194,200,00,@
AMZN,2025-02-12T09:30:05.360000,140.00701831841945,200,00,@
AMZN,2025-02-12T09:30:06.160000,140.0042146398144,50,00,@
AMZN,2025-02-12T09:30:06.180000,140.004288689689,50,00,@
AMZN,2025-02-12T09:30:06.260000,140.0029291105872,200,00,@
AMZN,2025-02-12T09:30:06.460000,139.99989490605077,10,00,@
AMZN,2025-02-12T09:30:06.660000,139.99736012092472,200,00,@
AMZN,2025-02-12T09:30:06.740000,140.00136361746632,200,00,@
AMZN,2025-02-12T09:30:07.540000,139.9982887990086,200,00,@
AMZN,2025-02-12T09:30:07.740000,139.99983293960955,200,00,@
AMZN,2025-02-12T09:30:07.940000,139.99922850085716,100,00,@
AMZN,2025-02-12T09:30:07.960000,139.99896552190515,10,00,@
AMZN,2025-02-12T09:30:08.160000,139.9948053953322,100,00,@
AMZN,2025-02-12T09:30:08.360000,139.99300324812344,200,00,@
AMZN,2025-02-12T09:30:08.440000,139.99085971842572,50,00,@
AMZN,2025-02-12T09:30:09.240000,139.9915765603206,10,00,@
AMZN,2025-02-12T09:30:09.440000,139.9871545226089,100,00,@
AMZN,2025-02-12T09:30:09.640000,139.98366094430304,50,00,@
AMZN,2025-02-12T09:30:10.440000,139.98460228782727,10,00,@
AMZN,2025-02-12T09:30:10.520000,139.98335089351775,50,00,@
AMZN,2025-02-12T09:30:11.320000,139.98528959858382,10,00,@
AMZN,2025-02-12T09:30:11.520000,139.98557217459162,200,00,@
AMZN,2025-02-12T09:30:12.320000,139.98844028829205,50,00,@
AMZN,2025-02-12T09:30:12.340000,139.9888461316037,200,00,@
AMZN,2025-02-12T09:30:13.140000,139.9871412817927,100,00,@
AMZN,2025-02-12T09:30:13.160000,139.99055590369846,200,00,@
AMZN,2025-02-12T09:30:13.240000,139.98953297800702,100,00,@
AMZN,2025-02-12T09:30:14.040000,139.99186395118647,100,00,@
AMZN,2025-02-12T09:30:14.840000,139.9889815188437,10,00,@
AMZN,2025-02-12T09:30:14.920000,139.9830657624091,100,00,@
AMZN,2025-02-12T09:30:15.720000,139.9793769772015,200,00,@
AMZN,2025-02-12T09:30:15.740000,139.97847277332704,50,00,@
AMZN,2025-02-12T09:30:15.940000,139.97674948453488,10,00,@
AMZN,2025-02-12T09:30:16.140000,139.9750969319762,200,00,@
AMZN,2025-02-12T09:30:16.340000,139.97533038711268,10,00,@
AMZN,2025-02-12T09:30:16.360000,139.97457465453246,50,00,@
AMZN,2025-02-12T09:30:16.560000,139.97010822661426,400,00,@
AMZN,2025-02-12T09:30:17.360000,139.96850700329455,50,00,@
AMZN,2025-02-12T09:30:17.380000,139.96777717647282,50,00,@
AMZN,2025-02-12T09:30:17.400000,139.96606541094013,200,00,@
AMZN,2025-02-12T09:30:17.420000,139.96274035904946,200,00,@
AMZN,2025-02-12T09:30:17.500000,139.96084887737803,100,00,@
AMZN,2025-02-12T09:30:17.700000,139.96141713465536,50,00,@
AMZN,2025-02-12T09:30:17.900000,139.95966732354114,200,00,@
AMZN,2025-02-12T09:30:18.100000,139.96262321214604,10,00,@
AMZN,2025-02-12T09:30:18.180000,139.9594826744589,10,00,@
AMZN,2025-02-12T09:30:18.980000,139.95672347474164,10,00,@
AMZN,2025-02-12T09:30:19,139.95726352868118,10,00,@
AMZN,2025-02-12T09:30:19.800000,139.95841947831858,100,00,@
AMZN,2025-02-12T09:30:20.600000,139.95985602607018,100,00,@
AMZN,2025-02-12T09:30:20.680000,139.96377769288378,100,00,@
AMZN,2025-02-12T09:30:21.480000,139.97647444244814,200,00,@
AMZN,2025-02-12T09:30:21.560000,139.99144445067986,400,00,@
AMZN,2025-02-12T09:30:21.760000,140.00368842926923,200,00,@
AMZN,2025-02-12T09:30:22.560000,140.01217358179332,400,00,@
AMZN,2025-02-12T09:30:22.760000,140.01783465062215,200,00,@
AMZN,2025-02-12T09:30:22.840000,140.0224340032427,100,00,@
AMZN,2025-02-12T09:30:22.920000,140.02832172002033,10,00,@
AMZN,2025-02-12T09:30:23.120000,140.0357140477141,200,00,@
AMZN,2025-02-12T09:30:23.140000,140.04131768176646,20,00,@
AMZN,2025-02-12T09:30:23.940000,140.0465233566904,20,00,@
AMZN,2025-02-12T09:30:23.960000,140.0511723723486,100,00,@
AMZN,2025-02-12T09:30:23.980000,140.05516528373042,10,00,@
AMZN,2025-02-12T09:30:24.180000,140.05595092828912,200,00,@
AMZN,2025-02-12T09:30:24.980000,140.05811340030206,50,00,@
AMZN,2025-02-12T09:30:25.060000,140.05529812471005,200,00,@
AMZN,2025-02-12T09:30:25.080000,140.054962543365,10,00,@
AMZN,2025-02-12T09:30:25.880000,140.05460225963117,50,00,@
AMZN,2025-02-12T09:30:25.960000,140.05479587660233,100,00,@
AMZN,2025-02-12T09:30:25.980000,140.05642828270808,100,00,@
AMZN,2025-02-12T09:30:26,140.05636696452788,10,00,@
AMZN,2025-02-12T09:30:26.020000,140.0571985872932,50,00,@
AMZN,2025-02-12T09:30:26.100000,140.05771737539314,200,00,@
AMZN,2025-02-12T09:30:26.900000,140.05818519699534,50,00,@
AMZN,2025-02-12T09:30:26.920000,140.06242677783067,400,00,@
AMZN,2025-02-12T09:30:26.940000,140.05837822037407,200,00,@
AMZN,2025-02-12T09:30:27.140000,140.05880936354262,200,00,@
AMZN,2025-02-12T09:30:27.220000,140.0581596750441,50,00,@
AMZN,2025-02-12T09:30:27.300000,140.05886346006008,200,00,@
AMZN,2025-02-12T09:30:27.320000,140.05978439054172,100,00,@
AMZN,2025-02-12T09:30:27.340000,140.05694813780457,10,00,@
AMZN,2025-02-12T09:30:27.540000,140.0560794980763,100,00,@
AMZN,2025-02-12T09:30:27.620000,140.0590179149646,50,00,@
AMZN,2025-02-12T09:30:27.640000,140.0626395230747,50,00,@
AMZN,2025-02-12T09:30:27.720000,140.06708874702275,100,00,@
AMZN,2025-02-12T09:30:27.920000,140.07229098888047,200,00,@
AMZN,2025-02-12T09:30:28.120000,140.07545469254,200,00,@
AMZN,2025-02-12T09:30:28.320000,140.07891923815393,100,00,@
AMZN,2025-02-12T09:30:29.120000,140.08308211126624,20,00,@
AMZN,2025-02-12T09:30:29.320000,140.08868716614327,10,00,@
AMZN,2025-02-12T09:30:29.340000,140.0906336846175,50,00,@
AMZN,2025-02-12T09:30:29.420000,140.09270335972496,50,00,@
AMZN,2025-02-12T09:30:29.440000,140.09816914419207,100,00,@
AMZN,2025-02-12T09:30:30.240000,140.1058287112032,20,00,@
AMZN,2025-02-12T09:30:30.260000,140.11136470808648,200,00,@
AMZN,2025-02-12T09:30:31.060000,140.11095787090616,200,00,@
AMZN,2025-02-12T09:30:31.860000,140.10753029556122,50,00,@
AMZN,2025-02-12T09:30:31.880000,140.10593920092566,200,00,@
AMZN,2025-02-12T09:30:32.080000,140.1079970519549,50,00,@
AMZN,2025-02-12T09:30:32.880000,140.1076806031027,10,00,@
AMZN,2025-02-12T09:30:32.960000,140.10511171556638,50,00,@
AMZN,2025-02-12T09:30:33.760000,140.1041430217885,50,00,@
AMZN,2025-02-12T09:30:34.560000,140.10104418252322,50,00,@
AMZN,2025-02-12T09:30:34.760000,140.09833963089645,50,00,@
AMZN,2025-02-12T09:30:34.840000,140.09377480278678,100,00,@
AMZN,2025-02-12T09:30:34.920000,140.09174390354443,100,00,@
AMZN,2025-02-12T09:30:35.720000,140.08628406998153,200,00,@
AMZN,2025-02-12T09:30:35.800000,140.08583679645469,10,00,@
AMZN,2025-02-12T09:30:35.820000,140.0865308392511,10,00,@
AMZN,2025-02-12T09:30:36.620000,140.08386849180198,200,00,@
AMZN,2025-02-12T09:30:36.820000,140.0805175696928,200,00,@
AMZN,2025-02-12T09:30:37.020000,140.07967966891735,100,00,@
AMZN,2025-02-12T09:30:37.220000,140.08184386164476,10,00,@
AMZN,2025-02-12T09:30:37.300000,140.08452720042513,100,00,@
AMZN,2025-02-13T09:30:00.080000,140.00535226788918,100,00,@
AMZN,2025-02-13T09:30:00.100000,140.00893797272454,200,00,@
AMZN,2025-02-13T09:30:00.120000,140.01173398693305,10,00,@
AMZN,2025-02-13T09:30:00.140000,140.013388318465,200,00,@
AMZN,2025-02-13T09:30:00.940000,140.01778243278392,100,00,@
AMZN,2025-02-13T09:30:01.140000,140.02107631810173,100,00,@
AMZN,2025-02-13T09:30:01.940000,140.02346360811225,10,00,@
AMZN,2025-02-13T09:30:02.020000,140.02981930652172,200,00,@
AMZN,2025-02-13T09:30:02.820000,140.03694449653503,20,00,@
AMZN,2025-02-13T09:30:03.620000,140.0418146393304,200,00,@
AMZN,2025-02-13T09:30:03.700000,140.04508546230485,10,00,@
AMZN,2025-02-13T09:30:04.500000,140.04704117827487,200,00,@
AMZN,2025-02-13T09:30:04.580000,140.05067931238534,200,00,@
AMZN,2025-02-13T09:30:04.600000,140.05062423028923,10,00,@
AMZN,2025-02-13T09:30:04.800000,140.053963680526,50,00,@
AMZN,2025-02-13T09:30:05,140.058152712644,200,00,@
AMZN,2025-02-13T09:30:05.800000,140.05848346908147,100,00,@
AMZN,2025-02-13T09:30:06,140.0598853702412,200,00,@
AMZN,2025-02-13T09:30:06.080000,140.06394678516853,100,00,@
AMZN,2025-02-13T09:30:06.880000,140.0662765600667,50,00,@
AMZN,2025-02-13T09:30:06.900000,140.06709024298388,50,00,@
AMZN,2025-02-13T09:30:07.100000,140.06573084168954,10,00,@
AMZN,2025-02-13T09:30:07.300000,140.0653983129344,10,00,@
AMZN,2025-02-13T09:30:08.100000,140.06068441139143,200,00,@
AMZN,2025-02-13T09:30:08.900000,140.0599393711175,10,00,@
AMZN,2025-02-13T09:30:08.980000,140.06275771064787,50,00,@
AMZN,2025-02-13T09:30:09,140.06616508319527,10,00,@
AMZN,2025-02-13T09:30:09.020000,140.07231693418066,200,00,@
AMZN,2025-02-13T09:30:09.040000,140.07552325499415,200,00,@
AMZN,2025-02-13T09:30:09.840000,140.07558017318556,100,00,@
AMZN,2025-02-13T09:30:10.640000,140.0747804677338,10,00,@
AMZN,2025-02-13T09:30:11.440000,140.07552916931212,200,00,@
AMZN,2025-02-13T09:30:11.520000,140.07452314603452,50,00,@
AMZN,2025-02-13T09:30:11.720000,140.07330442953867,50,00,@
AMZN,2025-02-13T09:30:12.520000,140.0721211508566,100,00,@
AMZN,2025-02-13T09:30:12.720000,140.06965650469002,50,00,@
AMZN,2025-02-13T09:30:12.800000,140.06962343057543,10,00,@
AMZN,2025-02-13T09:30:13.600000,140.07003072264268,100,00,@
AMZN,2025-02-13T09:30:13.800000,140.06558940638078,10,00,@
AMZN,2025-02-13T09:30:14,140.06110179129436,200,00,@
AMZN,2025-02-13T09:30:14.200000,140.05607718301627,400,00,@
AMZN,2025-02-13T09:30:14.400000,140.05162178747932,200,00,@
AMZN,2025-02-13T09:30:14.600000,140.0459150729326,200,00,@
AMZN,2025-02-13T09:30:14.620000,140.04313004007284,100,00,@
AMZN,2025-02-13T09:30:14.820000,140.04228298982778,200,00,@
AMZN,2025-02-13T09:30:15.020000,140.0393982693745,200,00,@
AMZN,2025-02-13T09:30:15.820000,140.03853999948413,100,00,@
AMZN,2025-02-13T09:30:15.900000,140.03590008337548,100,00,@
AMZN,2025-02-13T09:30:15.920000,140.03656129784537,10,00,@
AMZN,2025-02-13T09:30:15.940000,140.03704769558982,200,00,@
AMZN,2025-02-13T09:30:16.020000,140.03907313535314,100,00,@
AMZN,2025-02-13T09:30:16.100000,140.0436301656856,200,00,@
AMZN,2025-02-13T09:30:16.180000,140.04443281961954,50,00,@
AMZN,2025-02-13T09:30:16.380000,140.04803437611938,50,00,@
AMZN,2025-02-13T09:30:16.460000,140.0496068021571,200,00,@
AMZN,2025-02-13T09:30:16.540000,140.056120150027,400,00,@
AMZN,2025-02-13T09:30:16.740000,140.0593262793164,200,00,@
AMZN,2025-02-13T09:30:17.540000,140.05954447144353,200,00,@
AMZN,2025-02-13T09:30:17.740000,140.0593628476553,50,00,@
AMZN,2025-02-13T09:30:17.820000,140.05750029048232,50,00,@
AMZN,2025-02-13T09:30:17.840000,140.05705315804343,50,00,@
AMZN,2025-02-13T09:30:17.860000,140.05958303673484,50,00,@
AMZN,2025-02-13T09:30:17.940000,140.06280200537583,100,00,@
AMZN,2025-02-13T09:30:18.740000,140.0664291482117,10,00,@
AMZN,2025-02-13T09:30:18.820000,140.07195874511027,400,00,@
AMZN,2025-02-13T09:30:19.620000,140.07658240916393,400,00,@
AMZN,2025-02-13T09:30:19.640000,140.08076056444256,200,00,@
AMZN,2025-02-13T09:30:19.840000,140.08656082838053,400,00,@
AMZN,2025-02-13T09:30:20.640000,140.0932090786027,400,00,@
AMZN,2025-02-13T09:30:20.660000,140.09935069902855,400,00,@
AMZN,2025-02-13T09:30:20.860000,140.10744612978758,100,00,@
AMZN,2025-02-13T09:30:20.940000,140.11741718464478,20,00,@
AMZN,2025-02-13T09:30:20.960000,140.13019742415705,200,00,@
AMZN,2025-02-13T09:30:21.760000,140.14056761235835,400,00,@
AMZN,2025-02-13T09:30:21.840000,140.15046971990085,20,00,@
AMZN,2025-02-13T09:30:22.040000,140.15733449799745,200,00,@
AMZN,2025-02-13T09:30:22.060000,140.1598135423929,200,00,@
AMZN,2025-02-13T09:30:22.260000,140.16155897749502,10,00,@
AMZN,2025-02-13T09:30:23.060000,140.16790220359758,400,00,@
AMZN,2025-02-13T09:30:23.260000,140.17081551522648,10,00,@
AMZN,2025-02-13T09:30:23.340000,140.17467474926843,100,00,@
AMZN,2025-02-13T09:30:23.360000,140.1822637369642,400,00,@
AMZN,2025-02-13T09:30:23.380000,140.19124281997364,100,00,@
AMZN,2025-02-13T09:30:23.460000,140.19973988297912,400,00,@
AMZN,2025-02-13T09:30:23.540000,140.2108767596756,20,00,@
AMZN,2025-02-13T09:30:23.740000,140.2178340272166,100,00,@
AMZN,2025-02-13T09:30:23.940000,140.2269861709164,200,00,@
AMZN,2025-02-13T09:30:24.740000,140.23224545132373,100,00,@
AMZN,2025-02-13T09:30:25.540000,140.23917849990804,20,00,@
AMZN,2025-02-13T09:30:25.560000,140.24280903010958,10,00,@
AMZN,2025-02-13T09:30:25.760000,140.2430980703442,10,00,@
AMZN,2025-02-13T09:30:26.560000,140.24350021607592,200,00,@
AMZN,2025-02-13T09:30:26.580000,140.24504105470575,200,00,@
AMZN,2025-02-13T09:30:26.600000,140.24810120396106,100,00,@
AMZN,2025-02-13T09:30:26.800000,140.25189600053176,100,00,@
AMZN,2025-02-13T09:30:26.820000,140.25652409311164,100,00,@
AMZN,2025-02-13T09:30:27.620000,140.25534212065457,50,00,@
AMZN,2025-02-13T09:30:27.640000,140.26147431701241,200,00,@
AMZN,2025-02-13T09:30:27.660000,140.2635411324615,200,00,@
AMZN,2025-02-13T09:30:27.860000,140.26584206981474,10,00,@
AMZN,2025-02-13T09:30:27.880000,140.26764320961368,50,00,@
AMZN,2025-02-13T09:30:27.900000,140.2733559930599,20,00,@
AMZN,2025-02-13T09:30:28.100000,140.27630390717437,200,00,@
AMZN,2025-02-13T09:30:28.900000,140.28208147299358,50,00,@
AMZN,2025-02-13T09:30:29.100000,140.2855641716203,200,00,@
AMZN,2025-02-13T09:30:29.120000,140.28985615814568,10,00,@
AMZN,2025-02-13T09:30:29.140000,140.29093870109324,200,00,@
AMZN,2025-02-13T09:30:29.940000,140.289566460978,100,00,@
AMZN,2025-02-13T09:30:30.020000,140.28965555003688,10,00,@
AMZN,2025-02-13T09:30:30.820000,140.28786798271724,100,00,@
AMZN,2025-02-13T09:30:31.620000,140.2867085676753,100,00,@
AMZN,2025-02-13T09:30:31.640000,140.2849980893572,100,00,@
AMZN,2025-02-13T09:30:31.660000,140.28517111781517,10,00,@
AMZN,2025-02-13T09:30:31.680000,140.28352640110032,200,00,@
AMZN,2025-02-13T09:30:31.760000,140.27761526692458,200,00,@
AMZN,2025-02-13T09:30:31.840000,140.26858365360755,100,00,@
AMZN,2025-02-13T09:30:31.860000,140.25934078598786,100,00,@
AMZN,2025-02-13T09:30:31.880000,140.24919992548053,200,00,@
AMZN,2025-02-13T09:30:32.680000,140.23778508793902,20,00,@
AMZN,2025-02-13T09:30:32.700000,140.23038833525257,400,00,@
AMZN,2025-02-13T09:30:32.720000,140.22671105527542,100,00,@
AMZN,2025-02-13T09:30:32.740000,140.22372150146123,200,00,@
AMZN,2025-02-13T09:30:32.760000,140.22183339338625,10,00,@
AMZN,2025-02-13T09:30:32.960000,140.22149762493606,50,00,@
AMZN,2025-02-13T09:30:33.760000,140.22241149901447,100,00,@
AMZN,2025-02-13T09:30:34.560000,140.2233295896634,200,00,@
AMZN,2025-02-13T09:30:34.760000,140.22314332453618,100,00,@
AMZN,2025-02-13T09:30:35.560000,140.22364141192904,50,00,@
AMZN,2025-02-14T09:30:00.020000,139.99949344226786,100,00,@
AMZN,2025-02-14T09:30:00.040000,139.99365140840936,20,00,@
AMZN,2025-02-14T09:30:00.840000,139.99373153597963,100,00,@
AMZN,2025-02-14T09:30:01.640000,139.99485296288023,50,00,@
AMZN,2025-02-14T09:30:01.720000,139.99486587163813,100,00,@
AMZN,2025-02-14T09:30:02.520000,139.99393338296164,200,00,@
AMZN,2025-02-14T09:30:02.600000,139.9912961653235,100,00,@
AMZN,2025-02-14T09:30:02.800000,139.98974673836295,10,00,@
AMZN,2025-02-14T09:30:02.820000,139.9930751179349,50,00,@
AMZN,2025-02-14T09:30:03.020000,139.99490050999745,200,00,@
AMZN,2025-02-14T09:30:03.100000,139.99821035889263,50,00,@
AMZN,2025-02-14T09:30:03.120000,140.003724660746,100,00,@
AMZN,2025-02-14T09:30:03.140000,140.01326537123086,20,00,@
AMZN,2025-02-14T09:30:03.940000,140.02038840866823,200,00,@
AMZN,2025-02-14T09:30:04.740000,140.02710768364378,200,00,@
AMZN,2025-02-14T09:30:04.940000,140.0366897353485,400,00,@
AMZN,2025-02-14T09:30:04.960000,140.04301848646617,100,00,@
AMZN,2025-02-14T09:30:04.980000,140.04752837130948,200,00,@
AMZN,2025-02-14T09:30:05.180000,140.04810378278265,100,00,@
AMZN,2025-02-14T09:30:05.260000,140.05067094155507,200,00,@
AMZN,2025-02-14T09:30:05.460000,140.05275979045842,10,00,@
AMZN,2025-02-14T09:30:05.480000,140.0533684019242,100,00,@
AMZN,2025-02-14T09:30:05.560000,140.05163108257884,100,00,@
AMZN,2025-02-14T09:30:06.360000,140.05322511490303,200,00,@
AMZN,2025-02-14T09:30:06.440000,140.0497913912299,50,00,@
AMZN,2025-02-14T09:30:07.240000,140.05064625626545,10,00,@
AMZN,2025-02-14T09:30:07.260000,140.0477865588963,100,00,@
AMZN,2025-02-14T09:30:07.280000,140.04213974792572,100,00,@
AMZN,2025-02-14T09:30:07.360000,140.04308684055795,50,00,@
AMZN,2025-02-14T09:30:07.560000,140.0388800341372,200,00,@
AMZN,2025-02-14T09:30:08.360000,140.03442322718155,100,00,@
AMZN,2025-02-14T09:30:09.160000,140.03113965706945,200,00,@
AMZN,2025-02-14T09:30:09.360000,140.03379382818935,10,00,@
AMZN,2025-02-14T09:30:09.560000,140.03442417236795,50,00,@
AMZN,2025-02-14T09:30:09.640000,140.03013394067085,50,00,@
AMZN,2025-02-14T09:30:10.440000,140.02481758254774,50,00,@
AMZN,2025-02-14T09:30:10.460000,140.0220745809493,200,00,@
AMZN,2025-02-14T09:30:10.480000,140.01787174525896,400,00,@
AMZN,2025-02-14T09:30:10.500000,140.01251331210926,100,00,@
AMZN,2025-02-14T09:30:10.520000,140.01025963069802,10,00,@
AMZN,2025-02-14T09:30:11.320000,140.00559957377084,100,00,@
AMZN,2025-02-14T09:30:11.520000,140.00139125542634,10,00,@
AMZN,2025-02-14T09:30:11.540000,140.00000061672958,200,00,@
AMZN,2025-02-14T09:30:11.740000,140.00047558457544,10,00,@
AMZN,2025-02-14T09:30:11.760000,140.00265071720378,200,00,@
AMZN,2025-02-14T09:30:11.780000,139.99958027375874,50,00,@
AMZN,2025-02-14T09:30:11.800000,139.99965697429144,100,00,@
AMZN,2025-02-14T09:30:12.600000,140.00155346707638,50,00,@
AMZN,2025-02-14T09:30:12.680000,140.0002422961287,10,00,@
AMZN,2025-02-14T09:30:12.700000,139.99571856118058,10,00,@
AMZN,2025-02-14T09:30:13.500000,139.99243390421393,100,00,@
AMZN,2025-02-14T09:30:13.580000,139.99136244001056,10,00,@
AMZN,2025-02-14T09:30:14.380000,139.9833541547418,20,00,@
AMZN,2025-02-14T09:30:14.460000,139.97974575633197,10,00,@
AMZN,2025-02-14T09:30:15.260000,139.97650763859173,10,00,@
AMZN,2025-02-14T09:30:15.460000,139.97384070260117,10,00,@
AMZN,2025-02-14T09:30:16.260000,139.97449076273682,100,00,@
AMZN,2025-02-14T09:30:16.460000,139.97722797463757,100,00,@
AMZN,2025-02-14T09:30:16.540000,139.9779934738568,50,00,@
AMZN,2025-02-14T09:30:16.740000,139.97958086496413,200,00,@
AMZN,2025-02-14T09:30:16.820000,139.98388341661814,200,00,@
AMZN,2025-02-14T09:30:16.900000,139.9950232376156,400,00,@
AMZN,2025-02-14T09:30:17.100000,140.00062772174667,400,00,@
AMZN,2025-02-14T09:30:17.900000,140.00582903274002,400,00,@
AMZN,2025-02-14T09:30:18.100000,140.0147023367328,100,00,@
AMZN,2025-02-14T09:30:18.180000,140.0245212757649,200,00,@
AMZN,2025-02-14T09:30:18.260000,140.03496767529444,100,00,@
AMZN,2025-02-14T09:30:18.460000,140.04515400379262,400,00,@
AMZN,2025-02-14T09:30:18.480000,140.05596833622798,20,00,@
AMZN,2025-02-14T09:30:18.500000,140.0695991707494,400,00,@
AMZN,2025-02-14T09:30:19.300000,140.08084581971767,20,00,@
AMZN,2025-02-14T09:30:20.100000,140.0886598810145,100,00,@
AMZN,2025-02-14T09:30:20.180000,140.09769960068124,20,00,@
AMZN,2025-02-14T09:30:20.260000,140.10475506458818,100,00,@
AMZN,2025-02-14T09:30:20.460000,140.10921043587328,200,00,@
AMZN,2025-02-14T09:30:21.260000,140.11106261724328,100,00,@
AMZN,2025-02-14T09:30:21.280000,140.11119606828439,50,00,@
AMZN,2025-02-14T09:30:21.360000,140.11348369480282,50,00,@
AMZN,2025-02-14T09:30:22.160000,140.11058730534324,10,00,@
AMZN,2025-02-14T09:30:22.240000,140.10833785576077,50,00,@
AMZN,2025-02-14T09:30:22.440000,140.10673062886957,100,00,@
AMZN,2025-02-14T09:30:22.460000,140.10696746839096,100,00,@
AMZN,2025-02-14T09:30:22.660000,140.10596670646254,200,00,@
AMZN,2025-02-14T09:30:22.680000,140.10664540935886,100,00,@
AMZN,2025-02-14T09:30:22.760000,140.1065377775567,100,00,@
AMZN,2025-02-14T09:30:22.840000,140.102056722517,100,00,@
AMZN,2025-02-14T09:30:22.860000,140.0974485606993,200,00,@
AMZN,2025-02-14T09:30:22.880000,140.09028286817775,200,00,@
AMZN,2025-02-14T09:30:23.080000,140.0866060536733,200,00,@
AMZN,2025-02-14T09:30:23.280000,140.0815604600758,400,00,@
AMZN,2025-02-14T09:30:23.300000,140.0740957402862,200,00,@
AMZN,2025-02-14T09:30:23.380000,140.06771998955418,20,00,@
AMZN,2025-02-14T09:30:23.580000,140.06929417288396,10,00,@
AMZN,2025-02-14T09:30:23.600000,140.072823551632,100,00,@
AMZN,2025-02-14T09:30:24.400000,140.0796068157809,400,00,@
AMZN,2025-02-14T09:30:24.420000,140.0874802762729,100,00,@
AMZN,2025-02-14T09:30:24.440000,140.09397679499588,200,00,@
AMZN,2025-02-14T09:30:24.640000,140.1005795643097,100,00,@
AMZN,2025-02-14T09:30:25.440000,140.1033344605132,10,00,@
AMZN,2025-02-14T09:30:25.640000,140.10767861308116,50,00,@
AMZN,2025-02-14T09:30:26.440000,140.11068971021226,100,00,@
AMZN,2025-02-14T09:30:26.640000,140.10921938948405,200,00,@
AMZN,2025-02-14T09:30:26.840000,140.1100258412667,200,00,@
AMZN,2025-02-14T09:30:26.860000,140.10969794073551,50,00,@
AMZN,2025-02-14T09:30:26.880000,140.10912237616637,200,00,@
AMZN,2025-02-14T09:30:27.680000,140.10983666393415,50,00,@
AMZN,2025-02-14T09:30:28.480000,140.1098590287001,50,00,@
AMZN,2025-02-14T09:30:28.500000,140.10829024702406,10,00,@
AMZN,2025-02-14T09:30:29.300000,140.10524467517774,20,00,@
AMZN,2025-02-14T09:30:30.100000,140.10330624399356,10,00,@
AMZN,2025-02-14T09:30:30.180000,140.10111347095716,10,00,@
AMZN,2025-02-14T09:30:30.380000,140.09824494024363,50,00,@
AMZN,2025-02-14T09:30:30.460000,140.09467593858628,20,00,@
AMZN,2025-02-14T09:30:31.260000,140.09170428527352,100,00,@
AMZN,2025-02-14T09:30:31.280000,140.09000937458796,10,00,@
AMZN,2025-02-14T09:30:32.080000,140.0895596292032,100,00,@
AMZN,2025-02-14T09:30:32.880000,140.09017380841001,10,00,@
AMZN,2025-02-14T09:30:33.680000,140.09325560956336,10,00,@
AMZN,2025-02-14T09:30:33.760000,140.09316139568077,10,00,@
AMZN,2025-02-14T09:30:33.780000,140.09537020956958,10,00,@
AMZN,2025-02-14T09:30:33.860000,140.09615679037185,10,00,@
AMZN,2025-02-14T09:30:34.660000,140.09799332056136,100,00,@
AMZN,2025-02-14T09:30:34.680000,140.09974955893114,100,00,@
AMZN,2025-02-14T09:30:34.700000,140.10072616755855,10,00,@
AMZN,2025-02-14T09:30:34.780000,140.09813527821953,50,00,@
AMZN,2025-02-14T09:30:34.980000,140.09251417014877,100,00,@
AMZN,2025-02-14T09:30:35.780000,140.0918435120151,100,00,@
AMZN,2025-02-14T09:30:35.800000,140.08962657499205,100,00,@
NVDA,2025-02-03T09:30:00.020000,160.0004599128388,200,00,@
NVDA,2025-02-03T09:30:00.220000,159.99904449662253,200,00,@
NVDA,2025-02-03T09:30:01.020000,159.99718669589595,200,00,@
NVDA,2025-02-03T09:30:01.820000,159.99421069297287,200,00,@
NVDA,2025-02-03T09:30:01.840000,159.99298333704976,200,00,@
NVDA,2025-02-03T09:30:01.920000,159.98764506033217,20,00,@
NVDA,2025-02-03T09:30:02.720000,159.9856287910817,100,00,@
NVDA,2025-02-03T09:30:03.520000,159.9849278979392,100,00,@
NVDA,2025-02-03T09:30:03.600000,159.9832523784573,10,00,@
NVDA,2025-02-03T09:30:03.620000,159.98219210900163,10,00,@
NVDA,2025-02-03T09:30:03.700000,159.97789571381392,50,00,@
NVDA,2025-02-03T09:30:04.500000,159.98291451548292,200,00,@
NVDA,2025-02-03T09:30:04.520000,159.981888326617,10,00,@
NVDA,2025-02-03T09:30:04.720000,159.98137579134456,200,00,@
NVDA,2025-02-03T09:30:05.520000,159.97881005055783,50,00,@
NVDA,2025-02-03T09:30:06.320000,159.977791305461,100,00,@
NVDA,2025-02-03T09:30:07.120000,159.97679340379298,200,00,@
NVDA,2025-02-03T09:30:07.320000,159.9770311389985,50,00,@
NVDA,2025-02-03T09:30:08.120000,159.97700991166096,50,00,@
NVDA,2025-02-03T09:30:08.200000,159.97385475486294,50,00,@
NVDA,2025-02-03T09:30:09,159.97023745599898,10,00,@
NVDA,2025-02-03T09:30:09.020000,159.97124802781067,100,00,@
NVDA,2025-02-03T09:30:09.100000,159.97193691412053,50,00,@
NVDA,2025-02-03T09:30:09.300000,159.97070541927093,10,00,@
NVDA,2025-02-03T09:30:10.100000,159.97017039492627,10,00,@
NVDA,2025-02-03T09:30:10.180000,159.96776226699427,10,00,@
NVDA,2025-02-03T09:30:10.200000,159.96210527796902,200,00,@
NVDA,2025-02-03T09:30:11,159.95487573749995,20,00,@
NVDA,2025-02-03T09:30:11.200000,159.95183779179175,100,00,@
NVDA,2025-02-03T09:30:11.280000,159.94883821895567,50,00,@
NVDA,2025-02-03T09:30:12.080000,159.9483553548862,200,00,@
NVDA,2025-02-03T09:30:12.160000,159.94522965241327,200,00,@
NVDA,2025-02-03T09:30:12.240000,159.9459895648649,10,00,@
NVDA,2025-02-03T09:30:12.260000,159.94787934391755,100,00,@
NVDA,2025-02-03T09:30:12.280000,159.95705646036322,200,00,@
NVDA,2025-02-03T09:30:12.300000,159.9646494338184,400,00,@
NVDA,2025-02-03T09:30:13.100000,159.9715133405648,400,00,@
NVDA,2025-02-03T09:30:13.120000,159.97944456966465,100,00,@
NVDA,2025-02-03T09:30:13.920000,159.9832442176908,100,00,@
NVDA,2025-02-03T09:30:13.940000,159.98956707480738,400,00,@
NVDA,2025-02-03T09:30:14.740000,159.99529873255275,100,00,@
NVDA,2025-02-03T09:30:14.760000,160.00594879606686,400,00,@
NVDA,2025-02-03T09:30:14.780000,160.01002071758137,10,00,@
NVDA,2025-02-03T09:30:14.800000,160.01655403791017,20,00,@
NVDA,2025-02-03T09:30:14.880000,160.01856747041282,10,00,@
NVDA,2025-02-03T09:30:14.960000,160.02023662860236,100,00,@
NVDA,2025-02-03T09:30:14.980000,160.01208467523182,100,00,@
NVDA,2025-02-03T09:30:15.180000,160.0070984162088,10,00,@
NVDA,2025-02-03T09:30:15.200000,160.0084838581142,100,00,@
NVDA,2025-02-03T09:30:15.280000,160.0072014506557,50,00,@
NVDA,2025-02-03T09:30:15.300000,160.0080961919065,50,00,@
NVDA,2025-02-03T09:30:15.320000,160.00792249542732,200,00,@
NVDA,2025-02-03T09:30:15.400000,160.00856590441902,200,00,@
NVDA,2025-02-03T09:30:16.200000,160.01029115364264,100,00,@
NVDA,2025-02-03T09:30:16.280000,160.01071018171487,50,00,@
NVDA,2025-02-03T09:30:16.300000,160.01641711105972,200,00,@
NVDA,2025-02-03T09:30:16.380000,160.0202199020621,50,00,@
NVDA,2025-02-03T09:30:16.400000,160.0221805802763,50,00,@
NVDA,2025-02-03T09:30:16.600000,160.0205683300727,200,00,@
NVDA,2025-02-03T09:30:17.400000,160.0158611295864,200,00,@
NVDA,2025-02-03T09:30:17.600000,160.014252429265,50,00,@
NVDA,2025-02-03T09:30:17.620000,160.01542220143438,100,00,@
NVDA,2025-02-03T09:30:17.700000,160.01045712847716,10,00,@
NVDA,2025-02-03T09:30:17.900000,160.00809044942895,50,00,@
NVDA,2025-02-03T09:30:18.700000,160.00592985688053,200,00,@
NVDA,2025-02-03T09:30:19.500000,160.0027778040732,50,00,@
NVDA,2025-02-03T09:30:19.700000,160.0018589660817,10,00,@
NVDA,2025-02-03T09:30:19.720000,160.00356620704198,200,00,@
NVDA,2025-02-03T09:30:20.520000,160.00369746928715,50,00,@
NVDA,2025-02-03T09:30:20.600000,159.99883441364872,50,00,@
NVDA,2025-02-03T09:30:20.680000,159.99246474722693,200,00,@
NVDA,2025-02-03T09:30:20.760000,159.99150318666094,50,00,@
NVDA,2025-02-03T09:30:20.780000,159.99087203244284,200,00,@
NVDA,2025-02-03T09:30:20.980000,159.98888212328148,10,00,@
NVDA,2025-02-03T09:30:21,159.99174257019467,10,00,@
NVDA,2025-02-03T09:30:21.200000,159.99230975187655,200,00,@
NVDA,2025-02-03T09:30:21.400000,159.99479826084834,200,00,@
NVDA,2025-02-03T09:30:21.480000,159.99278714358385,100,00,@
NVDA,2025-02-03T09:30:22.280000,159.99739834482017,200,00,@
NVDA,2025-02-03T09:30:22.480000,160.00495881102972,100,00,@
NVDA,2025-02-03T09:30:22.560000,160.00504613540548,10,00,@
NVDA,2025-02-03T09:30:22.580000,160.0017219730908,50,00,@
NVDA,2025-02-03T09:30:22.660000,159.9999169143067,10,00,@
NVDA,2025-02-03T09:30:23.460000,159.99977919318633,50,00,@
NVDA,2025-02-03T09:30:23.480000,159.99341422673675,20,00,@
NVDA,2025-02-03T09:30:24.280000,159.98711820201012,10,00,@
NVDA,2025-02-03T09:30:24.360000,159.98268167469283,10,00,@
NVDA,2025-02-03T09:30:24.440000,159.97753226597789,50,00,@
NVDA,2025-02-03T09:30:24.640000,159.97835426936544,200,00,@
NVDA,2025-02-03T09:30:24.840000,159.98042260873976,100,00,@
NVDA,2025-02-03T09:30:24.860000,159.97757240241577,10,00,@
NVDA,2025-02-03T09:30:25.660000,159.97337084173137,100,00,@
NVDA,2025-02-03T09:30:25.740000,159.96607661743786,400,00,@
NVDA,2025-02-03T09:30:25.820000,159.95789749382624,20,00,@
NVDA,2025-02-03T09:30:25.840000,159.95377691271648,200,00,@
NVDA,2025-02-03T09:30:25.860000,159.94856418745468,50,00,@
NVDA,2025-02-03T09:30:26.660000,159.94507254963528,200,00,@
NVDA,2025-02-03T09:30:26.740000,159.94714308156998,50,00,@
NVDA,2025-02-03T09:30:26.820000,159.94837592588587,50,00,@
NVDA,2025-02-03T09:30:26.840000,159.9531557224842,100,00,@
NVDA,2025-02-03T09:30:26.860000,159.95732909464286,100,00,@
NVDA,2025-02-03T09:30:26.880000,159.96635835193305,200,00,@
NVDA,2025-02-03T09:30:26.960000,159.97691018910365,200,00,@
NVDA,2025-02-03T09:30:26.980000,159.98536794693976,20,00,@
NVDA,2025-02-03T09:30:27.180000,159.99530819392197,400,00,@
NVDA,2025-02-03T09:30:27.260000,160.00378177041475,400,00,@
NVDA,2025-02-03T09:30:28.060000,160.0119488116455,20,00,@
NVDA,2025-02-03T09:30:28.860000,160.01841997490095,20,00,@
NVDA,2025-02-03T09:30:29.060000,160.02399074722547,100,00,@
NVDA,2025-02-03T09:30:29.080000,160.0279439317327,20,00,@
NVDA,2025-02-03T09:30:29.280000,160.03093147503515,200,00,@
NVDA,2025-02-03T09:30:29.360000,160.033661017768,200,00,@
NVDA,2025-02-03T09:30:29.380000,160.04085725276502,200,00,@
NVDA,2025-02-03T09:30:30.180000,160.0451079326947,200,00,@
NVDA,2025-02-03T09:30:30.260000,160.04785497078032,100,00,@
NVDA,2025-02-03T09:30:30.340000,160.04884679383778,100,00,@
NVDA,2025-02-03T09:30:30.540000,160.0466387390044,100,00,@
NVDA,2025-02-03T09:30:30.620000,160.04477500545494,10,00,@
NVDA,2025-02-03T09:30:30.640000,160.03889792121655,200,00,@
NVDA,2025-02-03T09:30:31.440000,160.03301924192704,200,00,@
NVDA,2025-02-03T09:30:31.640000,160.03305513926,200,00,@
NVDA,2025-02-03T09:30:31.840000,160.0319450510155,10,00,@
NVDA,2025-02-03T09:30:32.640000,160.03195291983153,100,00,@
NVDA,2025-02-03T09:30:32.720000,160.02645858636387,100,00,@
NVDA,2025-02-03T09:30:32.740000,160.02149187296752,200,00,@
NVDA,2025-02-03T09:30:32.940000,160.01119352426576,20,00,@
NVDA,2025-02-03T09:30:33.740000,160.0045638043076,400,00,@
NVDA,2025-02-03T09:30:33.760000,159.99766181977245,20,00,@
NVDA,2025-02-04T09:30:00.020000,159.9972782315793,50,00,@
NVDA,2025-02-04T09:30:00.220000,159.99751578724118,200,00,@
NVDA,2025-02-04T09:30:01.020000,159.9969849065831,100,00,@
NVDA,2025-02-04T09:30:01.220000,159.9966935584473,200,00,@
NVDA,2025-02-04T09:30:01.420000,159.9895985757196,100,00,@
NVDA,2025-02-04T09:30:01.620000,159.9890573187582,50,00,@
NVDA,2025-02-04T09:30:01.820000,159.99193192802363,10,00,@
NVDA,2025-02-04T09:30:02.020000,159.99742063068797,10,00,@
NVDA,2025-02-04T09:30:02.220000,159.9956176375374,50,00,@
NVDA,2025-02-04T09:30:02.300000,159.99610034899032,200,00,@
NVDA,2025-02-04T09:30:03.100000,159.99221931508905,50,00,@
NVDA,2025-02-04T09:30:03.180000,159.98992118835764,200,00,@
NVDA,2025-02-04T09:30:03.200000,159.98696666345012,50,00,@
NVDA,2025-02-04T09:30:03.220000,159.98257139950448,10,00,@
NVDA,2025-02-04T09:30:04.020000,159.97719155168573,400,00,@
NVDA,2025-02-04T09:30:04.040000,159.97562350724496,10,00,@
NVDA,2025-02-04T09:30:04.120000,159.97317739042992,50,00,@
NVDA,2025-02-04T09:30:04.200000,159.96976437758977,10,00,@
NVDA,2025-02-04T09:30:04.280000,159.96929140452602,200,00,@
NVDA,2025-02-04T09:30:04.300000,159.9718932692167,10,00,@
NVDA,2025-02-04T09:30:04.500000,159.97336281006164,50,00,@
NVDA,2025-02-04T09:30:04.580000,159.97159710158567,100,00,@
NVDA,2025-02-04T09:30:05.380000,159.97011762406257,200,00,@
NVDA,2025-02-04T09:30:06.180000,159.96551041647663,200,00,@
NVDA,2025-02-04T09:30:06.380000,159.9592445732966,20,00,@
NVDA,2025-02-04T09:30:06.460000,159.95606900863623,100,00,@
NVDA,2025-02-04T09:30:06.540000,159.95301694731023,100,00,@
NVDA,2025-02-04T09:30:07.340000,159.9411147311092,20,00,@
NVDA,2025-02-04T09:30:07.360000,159.93018107925352,400,00,@
NVDA,2025-02-04T09:30:08.160000,159.92617764034316,100,00,@
NVDA,2025-02-04T09:30:08.960000,159.92355557495333,10,00,@
NVDA,2025-02-04T09:30:08.980000,159.92355335126848,200,00,@
NVDA,2025-02-04T09:30:09,159.92575250750738,200,00,@
NVDA,2025-02-04T09:30:09.800000,159.92667258284123,200,00,@
NVDA,2025-02-04T09:30:10.600000,159.92862302595358,50,00,@
NVDA,2025-02-04T09:30:10.800000,159.93441005615784,200,00,@
NVDA,2025-02-04T09:30:11,159.93463291546644,10,00,@
NVDA,2025-02-04T09:30:11.200000,159.93132416756822,200,00,@
NVDA,2025-02-04T09:30:11.280000,159.92766067180565,200,00,@
NVDA,2025-02-04T09:30:11.360000,159.92491686532435,10,00,@
NVDA,2025-02-04T09:30:11.440000,159.921674185935,20,00,@
NVDA,2025-02-04T09:30:12.240000,159.91869702272814,100,00,@
NVDA,2025-02-04T09:30:12.260000,159.9167729862091,200,00,@
NVDA,2025-02-04T09:30:12.340000,159.91752795001602,10,00,@
NVDA,2025-02-04T09:30:13.140000,159.91191903762288,10,00,@
NVDA,2025-02-04T09:30:13.340000,159.90993418492965,10,00,@
NVDA,2025-02-04T09:30:14.140000,159.90559623738338,50,00,@
NVDA,2025-02-04T09:30:14.160000,159.9053096988798,100,00,@
NVDA,2025-02-04T09:30:14.360000,159.90376013264637,50,00,@
NVDA,2025-02-04T09:30:14.440000,159.90683194862854,10,00,@
NVDA,2025-02-04T09:30:14.640000,159.90841601221598,50,00,@
NVDA,2025-02-04T09:30:15.440000,159.91235395917786,200,00,@
NVDA,2025-02-04T09:30:16.240000,159.91712753327246,100,00,@
NVDA,2025-02-04T09:30:16.260000,159.92380532943338,20,00,@
NVDA,2025-02-04T09:30:16.340000,159.9260515525565,20,00,@
NVDA,2025-02-04T09:30:16.540000,159.9324424851867,100,00,@
NVDA,2025-02-04T09:30:16.560000,159.9399673196885,400,00,@
NVDA,2025-02-04T09:30:17.360000,159.94542291428039,100,00,@
NVDA,2025-02-04T09:30:17.440000,159.946105008162,100,00,@
NVDA,2025-02-04T09:30:17.640000,159.94497064841244,100,00,@
NVDA,2025-02-04T09:30:18.440000,159.94391040442136,200,00,@
NVDA,2025-02-04T09:30:18.460000,159.94065802946082,100,00,@
NVDA,2025-02-04T09:30:18.660000,159.94350287257856,50,00,@
NVDA,2025-02-04T09:30:18.740000,159.95039277327405,20,00,@
NVDA,2025-02-04T09:30:19.540000,159.95160845941228,200,00,@
NVDA,2025-02-04T09:30:19.740000,159.9556126271898,100,00,@
NVDA,2025-02-04T09:30:19.760000,159.95698333564278,100,00,@
NVDA,2025-02-04T09:30:19.780000,159.95622653866613,10,00,@
NVDA,2025-02-04T09:30:19.860000,159.95520687478404,50,00,@
NVDA,2025-02-04T09:30:19.940000,159.94987315068738,20,00,@
NVDA,2025-02-04T09:30:20.740000,159.9433053365255,20,00,@
NVDA,2025-02-04T09:30:20.820000,159.9416785839771,50,00,@
NVDA,2025-02-04T09:30:20.900000,159.94573423141176,50,00,@
NVDA,2025-02-04T09:30:21.100000,159.94833952549263,200,00,@
NVDA,2025-02-04T09:30:21.900000,159.95104491472,10,00,@
NVDA,2025-02-04T09:30:22.700000,159.95568066106483,50,00,@
NVDA,2025-02-04T09:30:22.900000,159.96247873701884,400,00,@
NVDA,2025-02-04T09:30:22.920000,159.96738153610673,400,00,@
NVDA,2025-02-04T09:30:23.720000,159.9724985565879,200,00,@
NVDA,2025-02-04T09:30:23.920000,159.97534294608596,100,00,@
NVDA,2025-02-04T09:30:24.120000,159.9816549663803,400,00,@
NVDA,2025-02-04T09:30:24.920000,159.9869869910711,20,00,@
NVDA,2025-02-04T09:30:25.120000,159.992709323952,100,00,@
NVDA,2025-02-04T09:30:25.320000,160.0023471373501,200,00,@
NVDA,2025-02-04T09:30:26.120000,160.00980231967478,20,00,@
NVDA,2025-02-04T09:30:26.200000,160.01314750076173,50,00,@
NVDA,2025-02-04T09:30:26.220000,160.02209636882102,20,00,@
NVDA,2025-02-04T09:30:26.300000,160.03119043428714,400,00,@
NVDA,2025-02-04T09:30:26.500000,160.04455401753629,100,00,@
NVDA,2025-02-04T09:30:26.580000,160.05637711496362,200,00,@
NVDA,2025-02-04T09:30:26.600000,160.06380544083038,100,00,@
NVDA,2025-02-04T09:30:26.620000,160.07044716931867,400,00,@
NVDA,2025-02-04T09:30:26.640000,160.07583005114395,200,00,@
NVDA,2025-02-04T09:30:26.720000,160.0860580678307,100,00,@
NVDA,2025-02-04T09:30:26.800000,160.0952790375578,20,00,@
NVDA,2025-02-04T09:30:27,160.1024564669196,100,00,@
NVDA,2025-02-04T09:30:27.080000,160.10359128789088,10,00,@
NVDA,2025-02-04T09:30:27.280000,160.1066418195207,100,00,@
NVDA,2025-02-04T09:30:27.480000,160.1078779428689,100,00,@
NVDA,2025-02-04T09:30:27.680000,160.11141937996396,50,00,@
NVDA,2025-02-04T09:30:28.480000,160.11215740042127,50,00,@
NVDA,2025-02-04T09:30:28.560000,160.11003428899036,10,00,@
NVDA,2025-02-04T09:30:28.640000,160.11183539556117,10,00,@
NVDA,2025-02-04T09:30:28.660000,160.1124443598263,200,00,@
NVDA,2025-02-04T09:30:28.860000,160.11053634516958,200,00,@
NVDA,2025-02-04T09:30:29.060000,160.11028458023085,50,00,@
NVDA,2025-02-04T09:30:29.260000,160.11764377024983,100,00,@
NVDA,2025-02-04T09:30:29.460000,160.1183766923925,10,00,@
NVDA,2025-02-04T09:30:30.260000,160.1207504627856,100,00,@
NVDA,2025-02-04T09:30:30.340000,160.12262537818498,50,00,@
NVDA,2025-02-04T09:30:31.140000,160.12062863073652,10,00,@
NVDA,2025-02-04T09:30:31.940000,160.12452439123982,100,00,@
NVDA,2025-02-04T09:30:32.140000,160.126914352013,10,00,@
NVDA,2025-02-04T09:30:32.940000,160.1294767163502,100,00,@
NVDA,2025-02-04T09:30:33.140000,160.13110390312096,100,00,@
NVDA,2025-02-04T09:30:33.160000,160.1317163816957,50,00,@
NVDA,2025-02-04T09:30:33.960000,160.1333039837006,200,00,@
NVDA,2025-02-04T09:30:34.040000,160.1353031081454,200,00,@
NVDA,2025-02-04T09:30:34.120000,160.13373930587443,50,00,@
NVDA,2025-02-04T09:30:34.320000,160.13332668054136,10,00,@
NVDA,2025-02-04T09:30:34.340000,160.13196817331607,200,00,@
NVDA,2025-02-04T09:30:34.360000,160.1264039258858,10,00,@
NVDA,2025-02-04T09:30:34.380000,160.11945767104447,20,00,@
NVDA,2025-02-04T09:30:34.460000,160.11408948004126,200,00,@
NVDA,2025-02-04T09:30:34.480000,160.10982064055867,20,00,@
NVDA,2025-02-04T09:30:34.560000,160.10629720672264,50,00,@
NVDA,2025-02-04T09:30:34.580000,160.10138510832542,10,00,@
NVDA,2025-02-04T09:30:35.380000,160.09896319037432,200,00,@
NVDA,2025-02-05T09:30:00.080000,160.00575513656634,50,00,@
NVDA,2025-02-05T09:30:00.160000,160.00784656680563,400,00,@
NVDA,2025-02-05T09:30:00.360000,160.01435796738934,100,00,@
NVDA,2025-02-05T09:30:00.440000,160.02530889390144,20,00,@
NVDA,2025-02-05T09:30:00.640000,160.03536542054556,20,00,@
NVDA,2025-02-05T09:30:01.440000,160.04143261277116,400,00,@
NVDA,2025-02-05T09:30:01.640000,160.04786055541103,400,00,@
NVDA,2025-02-05T09:30:02.440000,160.05182765879192,200,00,@
NVDA,2025-02-05T09:30:02.640000,160.05416512052864,200,00,@
NVDA,2025-02-05T09:30:02.660000,160.05943531261994,200,00,@
NVDA,2025-02-05T09:30:02.860000,160.06207604467534,50,00,@
NVDA,2025-02-05T09:30:02.880000,160.06014319719839,200,00,@
NVDA,2025-02-05T09:30:03.080000,160.06358383050988,200,00,@
NVDA,2025-02-05T09:30:03.880000,160.06719565781515,10,00,@
NVDA,2025-02-05T09:30:03.900000,160.07072621357418,200,00,@
NVDA,2025-02-05T09:30:04.100000,160.07110719922613,10,00,@
NVDA,2025-02-05T09:30:04.300000,160.07065750678947,200,00,@
NVDA,2025-02-05T09:30:04.500000,160.067889192547,50,00,@
NVDA,2025-02-05T09:30:04.580000,160.06790712583523,100,00,@
NVDA,2025-02-05T09:30:05.380000,160.0677221406854,50,00,@
NVDA,2025-02-05T09:30:06.180000,160.06487370101075,200,00,@
NVDA,2025-02-05T09:30:06.380000,160.05765702293874,200,00,@
NVDA,2025-02-05T09:30:06.580000,160.05131554573617,100,00,@
NVDA,2025-02-05T09:30:06.780000,160.04422633545167,200,00,@
NVDA,2025-02-05T09:30:06.800000,160.03534527504834,200,00,@
NVDA,2025-02-05T09:30:06.880000,160.02787471610137,400,00,@
NVDA,2025-02-05T09:30:07.680000,160.02145248040262,20,00,@
NVDA,2025-02-05T09:30:07.880000,160.01756830034253,200,00,@
NVDA,2025-02-05T09:30:07.960000,160.01696193252945,200,00,@
NVDA,2025-02-05T09:30:08.160000,160.01219053021745,200,00,@
NVDA,2025-02-05T09:30:08.960000,160.00688151993526,400,00,@
NVDA,2025-02-05T09:30:09.160000,160.00284184808356,10,00,@
NVDA,2025-02-05T09:30:09.360000,159.9968583388614,20,00,@
NVDA,2025-02-05T09:30:09.440000,159.99070953887852,400,00,@
NVDA,2025-02-05T09:30:09.460000,159.98741159796964,200,00,@
NVDA,2025-02-05T09:30:09.480000,159.97824455420547,100,00,@
NVDA,2025-02-05T09:30:09.560000,159.97461850918256,400,00,@
NVDA,2025-02-05T09:30:09.760000,159.9706714800903,10,00,@
NVDA,2025-02-05T09:30:09.780000,159.97033816773504,10,00,@
NVDA,2025-02-05T09:30:09.860000,159.968709595255,50,00,@
NVDA,2025-02-05T09:30:10.660000,159.96691349646485,200,00,@
NVDA,2025-02-05T09:30:10.680000,159.97084054802207,10,00,@
NVDA,2025-02-05T09:30:10.760000,159.97195193644345,50,00,@
NVDA,2025-02-05T09:30:10.960000,159.97097575859516,10,00,@
NVDA,2025-02-05T09:30:11.040000,159.96960145679844,50,00,@
NVDA,2025-02-05T09:30:11.840000,159.9655385334472,200,00,@
NVDA,2025-02-05T09:30:11.920000,159.96281786841737,100,00,@
NVDA,2025-02-05T09:30:12.720000,159.96108293667007,100,00,@
NVDA,2025-02-05T09:30:12.800000,159.9546134936921,400,00,@
NVDA,2025-02-05T09:30:13,159.94897721400494,200,00,@
NVDA,2025-02-05T09:30:13.800000,159.94298361637968,20,00,@
NVDA,2025-02-05T09:30:13.880000,159.93380866181957,400,00,@
NVDA,2025-02-05T09:30:14.080000,159.92484157276843,20,00,@
NVDA,2025-02-05T09:30:14.100000,159.91926481108175,20,00,@
NVDA,2025-02-05T09:30:14.120000,159.91433433645028,100,00,@
NVDA,2025-02-05T09:30:14.200000,159.90834159155278,100,00,@
NVDA,2025-02-05T09:30:14.400000,159.8964601018509,20,00,@
NVDA,2025-02-05T09:30:14.420000,159.8926182349379,200,00,@
NVDA,2025-02-05T09:30:14.620000,159.89325101986168,10,00,@
NVDA,2025-02-05T09:30:14.640000,159.89127813730016,200,00,@
NVDA,2025-02-05T09:30:14.660000,159.89095449154698,100,00,@
NVDA,2025-02-05T09:30:14.740000,159.8912915309744,100,00,@
NVDA,2025-02-05T09:30:14.820000,159.8877295289428,50,00,@
NVDA,2025-02-05T09:30:15.020000,159.88863219080815,200,00,@
NVDA,2025-02-05T09:30:15.220000,159.89190546921617,200,00,@
NVDA,2025-02-05T09:30:15.300000,159.8925384205829,10,00,@
NVDA,2025-02-05T09:30:16.100000,159.8994850115195,200,00,@
NVDA,2025-02-05T09:30:16.180000,159.90449244193388,20,00,@
NVDA,2025-02-05T09:30:16.380000,159.91160981708597,400,00,@
NVDA,2025-02-05T09:30:16.460000,159.92091564471767,100,00,@
NVDA,2025-02-05T09:30:16.660000,159.9286392470897,20,00,@
NVDA,2025-02-05T09:30:17.460000,159.9387473082011,400,00,@
NVDA,2025-02-05T09:30:17.660000,159.94485508086248,100,00,@
NVDA,2025-02-05T09:30:17.740000,159.9485916652348,200,00,@
NVDA,2025-02-05T09:30:18.540000,159.95237158201823,10,00,@
NVDA,2025-02-05T09:30:19.340000,159.95790496669355,50,00,@
NVDA,2025-02-05T09:30:19.420000,159.96133737249832,100,00,@
NVDA,2025-02-05T09:30:19.500000,159.96219481479417,10,00,@
NVDA,2025-02-05T09:30:19.700000,159.9627682721811,50,00,@
NVDA,2025-02-05T09:30:19.900000,159.95507321031477,200,00,@
NVDA,2025-02-05T09:30:20.700000,159.951711373725,200,00,@
NVDA,2025-02-05T09:30:20.720000,159.94882483414855,100,00,@
NVDA,2025-02-05T09:30:20.800000,159.95041162644802,200,00,@
NVDA,2025-02-05T09:30:21.600000,159.95092349550063,50,00,@
NVDA,2025-02-05T09:30:21.620000,159.95247704562297,100,00,@
NVDA,2025-02-05T09:30:21.640000,159.95344843070947,100,00,@
NVDA,2025-02-05T09:30:22.440000,159.9546763223611,100,00,@
NVDA,2025-02-05T09:30:23.240000,159.95635982035827,100,00,@
NVDA,2025-02-05T09:30:23.320000,159.96038058044067,50,00,@
NVDA,2025-02-05T09:30:24.120000,159.9656742405133,50,00,@
NVDA,2025-02-05T09:30:24.320000,159.96880801933378,200,00,@
NVDA,2025-02-05T09:30:25.120000,159.97194837733122,200,00,@
NVDA,2025-02-05T09:30:25.200000,159.97012037888413,200,00,@
NVDA,2025-02-05T09:30:25.220000,159.9684043812427,10,00,@
NVDA,2025-02-05T09:30:25.300000,159.97559076293805,400,00,@
NVDA,2025-02-05T09:30:26.100000,159.98192706470107,200,00,@
NVDA,2025-02-05T09:30:26.300000,159.9848177579146,100,00,@
NVDA,2025-02-05T09:30:27.100000,159.9891798432199,50,00,@
NVDA,2025-02-05T09:30:27.180000,159.99272985812638,100,00,@
NVDA,2025-02-05T09:30:27.980000,159.9943886263891,10,00,@
NVDA,2025-02-05T09:30:28.180000,159.99503337991007,100,00,@
NVDA,2025-02-05T09:30:28.200000,160.00188977843095,50,00,@
NVDA,2025-02-05T09:30:28.400000,160.00714030076787,100,00,@
NVDA,2025-02-05T09:30:28.420000,160.01273024220632,400,00,@
NVDA,2025-02-05T09:30:28.620000,160.01891056071037,100,00,@
NVDA,2025-02-05T09:30:28.640000,160.02474023432504,200,00,@
NVDA,2025-02-05T09:30:28.720000,160.02735001015307,200,00,@
NVDA,2025-02-05T09:30:28.800000,160.02286584089006,50,00,@
NVDA,2025-02-05T09:30:28.820000,160.02014207611413,200,00,@
NVDA,2025-02-05T09:30:29.620000,160.01430435309726,100,00,@
NVDA,2025-02-05T09:30:29.640000,160.01048086618846,50,00,@
NVDA,2025-02-05T09:30:30.440000,160.00599982883625,20,00,@
NVDA,2025-02-05T09:30:30.520000,160.001780704286,200,00,@
NVDA,2025-02-05T09:30:30.600000,159.9969604361308,50,00,@
NVDA,2025-02-05T09:30:30.680000,159.99401760872806,100,00,@
NVDA,2025-02-05T09:30:31.480000,159.99184165140403,50,00,@
NVDA,2025-02-05T09:30:31.560000,159.99254705612373,200,00,@
NVDA,2025-02-05T09:30:31.640000,159.9965941928036,50,00,@
NVDA,2025-02-05T09:30:31.660000,159.99368397574764,100,00,@
NVDA,2025-02-05T09:30:31.860000,159.9844533935424,400,00,@
NVDA,2025-02-05T09:30:32.060000,159.9759506410787,200,00,@
NVDA,2025-02-05T09:30:32.080000,159.97138825252077,200,00,@
NVDA,2025-02-05T09:30:32.160000,159.96588313099036,400,00,@
NVDA,2025-02-05T09:30:32.240000,159.9646219411408,200,00,@
NVDA,2025-02-05T09:30:32.260000,159.96398848414546,50,00,@
NVDA,2025-02-05T09:30:33.060000,159.96012406009507,10,00,@
NVDA,2025-02-05T09:30:33.140000,159.95864896380138,50,00,@
NVDA,2025-02-05T09:30:33.940000,159.95708508823407,10,00,@
NVDA,2025-02-06T09:30:00.020000,159.9991760997337,200,00,@
NVDA,2025-02-06T09:30:00.040000,160.0013054127868,200,00,@
NVDA,2025-02-06T09:30:00.840000,160.00124105646572,10,00,@
NVDA,2025-02-06T09:30:01.640000,160.00006645095166,200,00,@
NVDA,2025-02-06T09:30:02.440000,160.00132183794193,50,00,@
NVDA,2025-02-06T09:30:02.460000,159.99862985148042,10,00,@
NVDA,2025-02-06T09:30:02.660000,159.99690731496528,50,00,@
NVDA,2025-02-06T09:30:02.740000,159.99477768308338,50,00,@
NVDA,2025-02-06T09:30:02.820000,159.98874211806248,200,00,@
NVDA,2025-02-06T09:30:02.900000,159.98398757509494,100,00,@
NVDA,2025-02-06T09:30:03.100000,159.98209499695287,100,00,@
NVDA,2025-02-06T09:30:03.300000,159.9782046161422,50,00,@
NVDA,2025-02-06T09:30:04.100000,159.97528867650766,10,00,@
NVDA,2025-02-06T09:30:04.900000,159.97369820162567,50,00,@
NVDA,2025-02-06T09:30:04.920000,159.9742917896588,200,00,@
NVDA,2025-02-06T09:30:05.120000,159.9764076658233,100,00,@
NVDA,2025-02-06T09:30:05.140000,159.97720038102656,200,00,@
NVDA,2025-02-06T09:30:05.220000,159.97769480316276,50,00,@
NVDA,2025-02-06T09:30:05.420000,159.9809678118688,50,00,@
NVDA,2025-02-06T09:30:06.220000,159.97884669710845,50,00,@
NVDA,2025-02-06T09:30:06.240000,159.98166540760062,50,00,@
NVDA,2025-02-06T09:30:07.040000,159.98493277952252,200,00,@
NVDA,2025-02-06T09:30:07.060000,159.98792967457686,200,00,@
NVDA,2025-02-06T09:30:07.260000,159.98641960935268,10,00,@
NVDA,2025-02-06T09:30:08.060000,159.99005530997593,200,00,@
NVDA,2025-02-06T09:30:08.140000,159.9921767752945,200,00,@
NVDA,2025-02-06T09:30:08.340000,159.99535753058058,10,00,@
NVDA,2025-02-06T09:30:08.420000,159.9937407286558,10,00,@
NVDA,2025-02-06T09:30:08.620000,159.9893628320582,50,00,@
NVDA,2025-02-06T09:30:09.420000,159.98934971035783,200,00,@
NVDA,2025-02-06T09:30:09.620000,159.99124539203675,200,00,@
NVDA,2025-02-06T09:30:09.640000,159.99676195898581,20,00,@
NVDA,2025-02-06T09:30:09.840000,159.9989613154606,50,00,@
NVDA,2025-02-06T09:30:09.860000,160.00295167769755,200,00,@
NVDA,2025-02-06T09:30:09.940000,160.00984096572694,20,00,@
NVDA,2025-02-06T09:30:09.960000,160.01396101016635,200,00,@
NVDA,2025-02-06T09:30:10.040000,160.01857982812436,50,00,@
NVDA,2025-02-06T09:30:10.060000,160.0278252007156,100,00,@
NVDA,2025-02-06T09:30:10.140000,160.03302539849926,200,00,@
NVDA,2025-02-06T09:30:10.160000,160.03554227317878,10,00,@
NVDA,2025-02-06T09:30:10.240000,160.04024914054813,50,00,@
NVDA,2025-02-06T09:30:10.260000,160.04645986210775,400,00,@
NVDA,2025-02-06T09:30:10.340000,160.0535212655614,200,00,@
NVDA,2025-02-06T09:30:10.540000,160.0613411354382,200,00,@
NVDA,2025-02-06T09:30:10.560000,160.06643692258075,200,00,@
NVDA,2025-02-06T09:30:10.760000,160.0714049888804,400,00,@
NVDA,2025-02-06T09:30:10.780000,160.07538811385024,200,00,@
NVDA,2025-02-06T09:30:11.580000,160.0766268023383,50,00,@
NVDA,2025-02-06T09:30:12.380000,160.08034981931323,100,00,@
NVDA,2025-02-06T09:30:12.460000,160.08603339768393,100,00,@
NVDA,2025-02-06T09:30:12.660000,160.0916396213341,20,00,@
NVDA,2025-02-06T09:30:13.460000,160.09695842567368,100,00,@
NVDA,2025-02-06T09:30:13.660000,160.09959850684123,10,00,@
NVDA,2025-02-06T09:30:14.460000,160.10140914622815,100,00,@
NVDA,2025-02-06T09:30:14.540000,160.10319594669298,400,00,@
NVDA,2025-02-06T09:30:15.340000,160.10969404493983,100,00,@
NVDA,2025-02-06T09:30:16.140000,160.11417797885537,10,00,@
NVDA,2025-02-06T09:30:16.340000,160.11832898412166,50,00,@
NVDA,2025-02-06T09:30:16.540000,160.11915173298334,200,00,@
NVDA,2025-02-06T09:30:16.740000,160.11951170812412,10,00,@
NVDA,2025-02-06T09:30:16.940000,160.12108742651358,200,00,@
NVDA,2025-02-06T09:30:16.960000,160.11917245737163,50,00,@
NVDA,2025-02-06T09:30:16.980000,160.12096791726145,50,00,@
NVDA,2025-02-06T09:30:17.180000,160.12424478792275,200,00,@
NVDA,2025-02-06T09:30:17.260000,160.12850046460557,200,00,@
NVDA,2025-02-06T09:30:18.060000,160.12860032713107,10,00,@
NVDA,2025-02-06T09:30:18.080000,160.1284787291081,50,00,@
NVDA,2025-02-06T09:30:18.100000,160.13186364375846,200,00,@
NVDA,2025-02-06T09:30:18.900000,160.13836564146217,400,00,@
NVDA,2025-02-06T09:30:18.980000,160.14283359399573,10,00,@
NVDA,2025-02-06T09:30:19,160.14507775748092,50,00,@
NVDA,2025-02-06T09:30:19.200000,160.14678933619564,200,00,@
NVDA,2025-02-06T09:30:19.220000,160.14918969304418,100,00,@
NVDA,2025-02-06T09:30:19.300000,160.15237967011677,200,00,@
NVDA,2025-02-06T09:30:19.500000,160.15379858891518,10,00,@
NVDA,2025-02-06T09:30:19.520000,160.158643840719,50,00,@
NVDA,2025-02-06T09:30:19.600000,160.16452307527237,200,00,@
NVDA,2025-02-06T09:30:20.400000,160.17267879197055,100,00,@
NVDA,2025-02-06T09:30:21.200000,160.1764213160683,10,00,@
NVDA,2025-02-06T09:30:22,160.17527846258815,10,00,@
NVDA,2025-02-06T09:30:22.020000,160.1767190357265,10,00,@
NVDA,2025-02-06T09:30:22.040000,160.17888333927675,100,00,@
NVDA,2025-02-06T09:30:22.840000,160.1769449934306,100,00,@
NVDA,2025-02-06T09:30:23.040000,160.1794042169536,50,00,@
NVDA,2025-02-06T09:30:23.120000,160.174726466036,50,00,@
NVDA,2025-02-06T09:30:23.920000,160.17305041204295,10,00,@
NVDA,2025-02-06T09:30:24,160.17360780741856,200,00,@
NVDA,2025-02-06T09:30:24.080000,160.1824871747073,100,00,@
NVDA,2025-02-06T09:30:24.880000,160.1883671185408,100,00,@
NVDA,2025-02-06T09:30:24.900000,160.19260477430518,400,00,@
NVDA,2025-02-06T09:30:24.920000,160.2022689038089,200,00,@
NVDA,2025-02-06T09:30:24.940000,160.2115486248757,20,00,@
NVDA,2025-02-06T09:30:25.140000,160.21688032138306,20,00,@
NVDA,2025-02-06T09:30:25.340000,160.2191480560361,50,00,@
NVDA,2025-02-06T09:30:26.140000,160.221658952912,10,00,@
NVDA,2025-02-06T09:30:26.340000,160.22551916894446,100,00,@
NVDA,2025-02-06T09:30:26.420000,160.2299414749542,10,00,@
NVDA,2025-02-06T09:30:27.220000,160.2299850512871,50,00,@
NVDA,2025-02-06T09:30:27.300000,160.22932425852866,100,00,@
NVDA,2025-02-06T09:30:27.380000,160.23604852216772,400,00,@
NVDA,2025-02-06T09:30:27.580000,160.24127197748618,20,00,@
NVDA,2025-02-06T09:30:27.780000,160.2434803428396,100,00,@
NVDA,2025-02-06T09:30:27.980000,160.2490515289085,100,00,@
NVDA,2025-02-06T09:30:28.180000,160.25872857274084,400,00,@
NVDA,2025-02-06T09:30:28.200000,160.26789791242095,200,00,@
NVDA,2025-02-06T09:30:28.220000,160.27668750860232,200,00,@
NVDA,2025-02-06T09:30:28.420000,160.2868634299281,20,00,@
NVDA,2025-02-06T09:30:28.500000,160.29583583597065,20,00,@
NVDA,2025-02-06T09:30:28.520000,160.30414198040964,200,00,@
NVDA,2025-02-06T09:30:28.540000,160.31260401661493,200,00,@
NVDA,2025-02-06T09:30:28.740000,160.3117159674656,100,00,@
NVDA,2025-02-06T09:30:28.820000,160.3128976402383,100,00,@
NVDA,2025-02-06T09:30:28.840000,160.308911571366,10,00,@
NVDA,2025-02-06T09:30:29.640000,160.30644034399245,50,00,@
NVDA,2025-02-06T09:30:29.840000,160.30515194947773,50,00,@
NVDA,2025-02-06T09:30:30.040000,160.30690589794253,10,00,@
NVDA,2025-02-06T09:30:30.060000,160.30432372729302,200,00,@
NVDA,2025-02-06T09:30:30.080000,160.30410191574958,50,00,@
NVDA,2025-02-06T09:30:30.160000,160.30447641831427,50,00,@
NVDA,2025-02-06T09:30:30.360000,160.3012467739227,50,00,@
NVDA,2025-02-06T09:30:30.440000,160.2955578193376,100,00,@
NVDA,2025-02-06T09:30:30.460000,160.2882801150927,20,00,@
NVDA,2025-02-06T09:30:30.480000,160.2854732400758,100,00,@
NVDA,2025-02-06T09:30:30.560000,160.28706733287814,100,00,@
NVDA,2025-02-06T09:30:30.580000,160.28615285414764,10,00,@
NVDA,2025-02-06T09:30:30.660000,160.2855842611753,100,00,@
NVDA,2025-02-06T09:30:30.740000,160.2878646143502,100,00,@
NVDA,2025-02-06T09:30:30.940000,160.28846865959974,50,00,@
NVDA,2025-02-07T09:30:00.080000,159.99760039391973,10,00,@
NVDA,2025-02-07T09:30:00.280000,159.9988130382781,10,00,@
NVDA,2025-02-07T09:30:00.480000,159.99842138627963,10,00,@
NVDA,2025-02-07T09:30:00.560000,160.0010942650179,10,00,@
NVDA,2025-02-07T09:30:00.760000,160.00604076069084,50,00,@
NVDA,2025-02-07T09:30:00.960000,160.00445650527217,50,00,@
NVDA,2025-02-07T09:30:01.040000,160.0010752258478,200,00,@
NVDA,2025-02-07T09:30:01.120000,159.99598784158246,10,00,@
NVDA,2025-02-07T09:30:01.200000,159.99336362929623,200,00,@
NVDA,2025-02-07T09:30:01.400000,159.99193781672824,10,00,@
NVDA,2025-02-07T09:30:02.200000,159.98969786970844,100,00,@
NVDA,2025-02-07T09:30:02.220000,159.98731742126589,50,00,@
NVDA,2025-02-07T09:30:02.300000,159.981363601144,10,00,@
NVDA,2025-02-07T09:30:03.100000,159.9771403389958,20,00,@
NVDA,2025-02-07T09:30:03.300000,159.97091141985663,100,00,@
NVDA,2025-02-07T09:30:03.500000,159.9653267002653,10,00,@
NVDA,2025-02-07T09:30:03.700000,159.96122115674953,200,00,@
NVDA,2025-02-07T09:30:03.900000,159.9581386793577,50,00,@
NVDA,2025-02-07T09:30:03.920000,159.95701287694175,50,00,@
NVDA,2025-02-07T09:30:04.720000,159.95458002168573,50,00,@
NVDA,2025-02-07T09:30:05.520000,159.9541005365754,100,00,@
NVDA,2025-02-07T09:30:05.600000,159.95409319943238,100,00,@
NVDA,2025-02-07T09:30:06.400000,159.95626744003962,50,00,@
NVDA,2025-02-07T09:30:06.600000,159.95488557108456,50,00,@
NVDA,2025-02-07T09:30:06.680000,159.95369413513674,200,00,@
NVDA,2025-02-07T09:30:06.700000,159.95593565161798,100,00,@
NVDA,2025-02-07T09:30:06.780000,159.95398606338878,10,00,@
NVDA,2025-02-07T09:30:06.860000,159.95164794529492,100,00,@
NVDA,2025-02-07T09:30:06.880000,159.94497127792226,100,00,@
NVDA,2025-02-07T09:30:06.960000,159.93637771365638,200,00,@
NVDA,2025-02-07T09:30:07.160000,159.92902643203306,20,00,@
NVDA,2025-02-07T09:30:07.240000,159.92371498773895,100,00,@
NVDA,2025-02-07T09:30:07.440000,159.91528539145577,20,00,@
NVDA,2025-02-07T09:30:07.640000,159.91003541183358,200,00,@
NVDA,2025-02-07T09:30:08.440000,159.90590409020493,100,00,@
NVDA,2025-02-07T09:30:08.520000,159.90238000143947,100,00,@
NVDA,2025-02-07T09:30:09.320000,159.89776516404538,10,00,@
NVDA,2025-02-07T09:30:10.120000,159.89881088248498,100,00,@
NVDA,2025-02-07T09:30:10.920000,159.90024718047334,100,00,@
NVDA,2025-02-07T09:30:11.720000,159.90730075414479,10,00,@
NVDA,2025-02-07T09:30:12.520000,159.90982897182568,50,00,@
NVDA,2025-02-07T09:30:12.540000,159.91245749412678,50,00,@
NVDA,2025-02-07T09:30:13.340000,159.91753997129186,200,00,@
NVDA,2025-02-07T09:30:14.140000,159.9185581659214,50,00,@
NVDA,2025-02-07T09:30:14.220000,159.91944950952603,50,00,@
NVDA,2025-02-07T09:30:14.420000,159.92221555231734,200,00,@
NVDA,2025-02-07T09:30:14.620000,159.92515017319118,50,00,@
NVDA,2025-02-07T09:30:15.420000,159.92553688946643,50,00,@
NVDA,2025-02-07T09:30:15.440000,159.9246048503414,10,00,@
NVDA,2025-02-07T09:30:15.520000,159.92323463576955,200,00,@
NVDA,2025-02-07T09:30:15.540000,159.92272379543246,100,00,@
NVDA,2025-02-07T09:30:15.620000,159.92128005655243,100,00,@
NVDA,2025-02-07T09:30:15.700000,159.91816772622684,200,00,@
NVDA,2025-02-07T09:30:15.780000,159.91205141826782,200,00,@
NVDA,2025-02-07T09:30:15.980000,159.9081719221973,200,00,@
NVDA,2025-02-07T09:30:16.180000,159.9058294329499,100,00,@
NVDA,2025-02-07T09:30:16.260000,159.90442609308144,200,00,@
NVDA,2025-02-07T09:30:16.280000,159.9047995186256,50,00,@
NVDA,2025-02-07T09:30:17.080000,159.9059304845625,50,00,@
NVDA,2025-02-07T09:30:17.280000,159.9084805678658,200,00,@
NVDA,2025-02-07T09:30:18.080000,159.9124452874199,100,00,@
NVDA,2025-02-07T09:30:18.280000,159.91467861556984,10,00,@
NVDA,2025-02-07T09:30:18.300000,159.91172156220094,200,00,@
NVDA,2025-02-07T09:30:19.100000,159.9088303445707,10,00,@
NVDA,2025-02-07T09:30:19.120000,159.90927084909464,200,00,@
NVDA,2025-02-07T09:30:19.200000,159.90336702746114,20,00,@
NVDA,2025-02-07T09:30:19.220000,159.898562188151,20,00,@
NVDA,2025-02-07T09:30:19.240000,159.8876179420493,200,00,@
NVDA,2025-02-07T09:30:19.260000,159.88014805774503,100,00,@
NVDA,2025-02-07T09:30:20.060000,159.87454771864307,20,00,@
NVDA,2025-02-07T09:30:20.260000,159.8669211561808,100,00,@
NVDA,2025-02-07T09:30:20.460000,159.86334384678688,100,00,@
NVDA,2025-02-07T09:30:20.480000,159.85668362944264,400,00,@
NVDA,2025-02-07T09:30:21.280000,159.8555368705115,200,00,@
NVDA,2025-02-07T09:30:21.300000,159.84930049242718,400,00,@
NVDA,2025-02-07T09:30:21.500000,159.8454331868858,50,00,@
NVDA,2025-02-07T09:30:21.520000,159.84365270929698,100,00,@
NVDA,2025-02-07T09:30:22.320000,159.84119317986813,50,00,@
NVDA,2025-02-07T09:30:22.400000,159.83811367157716,200,00,@
NVDA,2025-02-07T09:30:22.600000,159.83117928117545,400,00,@
NVDA,2025-02-07T09:30:22.800000,159.82984331610126,200,00,@
NVDA,2025-02-07T09:30:23.600000,159.82606321417958,50,00,@
NVDA,2025-02-07T09:30:23.620000,159.8244335291048,50,00,@
NVDA,2025-02-07T09:30:23.820000,159.82147990923463,10,00,@
NVDA,2025-02-07T09:30:24.020000,159.82078828364953,50,00,@
NVDA,2025-02-07T09:30:24.220000,159.82256122387895,10,00,@
NVDA,2025-02-07T09:30:24.240000,159.81510755876585,200,00,@
NVDA,2025-02-07T09:30:24.440000,159.8122257504311,200,00,@
NVDA,2025-02-07T09:30:24.520000,159.81039696866975,200,00,@
NVDA,2025-02-07T09:30:24.600000,159.81328077308106,200,00,@
NVDA,2025-02-07T09:30:25.400000,159.81129609696157,10,00,@
NVDA,2025-02-07T09:30:26.200000,159.80916836812278,200,00,@
NVDA,2025-02-07T09:30:26.280000,159.80520693050477,50,00,@
NVDA,2025-02-07T09:30:26.480000,159.7988793962896,20,00,@
NVDA,2025-02-07T09:30:26.680000,159.7953699281972,50,00,@
NVDA,2025-02-07T09:30:26.880000,159.79227567435933,200,00,@
NVDA,2025-02-07T09:30:27.680000,159.7848452802771,100,00,@
NVDA,2025-02-07T09:30:28.480000,159.77968593129563,200,00,@
NVDA,2025-02-07T09:30:28.560000,159.77379819613157,200,00,@
NVDA,2025-02-07T09:30:28.640000,159.76786569573494,100,00,@
NVDA,2025-02-07T09:30:28.840000,159.7653171646552,200,00,@
NVDA,2025-02-07T09:30:29.040000,159.7627332640707,100,00,@
NVDA,2025-02-07T09:30:29.120000,159.7562558756554,200,00,@
NVDA,2025-02-07T09:30:29.200000,159.756854940071,100,00,@
NVDA,2025-02-07T09:30:29.280000,159.75714422920797,10,00,@
NVDA,2025-02-07T09:30:29.480000,159.7518572738596,100,00,@
NVDA,2025-02-07T09:30:30.280000,159.74869785264232,10,00,@
NVDA,2025-02-07T09:30:30.480000,159.74340349527165,200,00,@
NVDA,2025-02-07T09:30:30.500000,159.74446552052004,10,00,@
NVDA,2025-02-07T09:30:31.300000,159.7478507816764,50,00,@
NVDA,2025-02-07T09:30:31.380000,159.7472065750244,100,00,@
NVDA,2025-02-07T09:30:32.180000,159.74824883829592,10,00,@
NVDA,2025-02-07T09:30:32.380000,159.74810201477482,200,00,@
NVDA,2025-02-07T09:30:33.180000,159.74867922888075,200,00,@
NVDA,2025-02-07T09:30:33.260000,159.75051469240165,50,00,@
NVDA,2025-02-07T09:30:33.460000,159.75079669663486,50,00,@
NVDA,2025-02-07T09:30:34.260000,159.7490995711307,200,00,@
NVDA,2025-02-07T09:30:34.340000,159.7490556792129,100,00,@
NVDA,2025-02-07T09:30:34.540000,159.74722270454484,200,00,@
NVDA,2025-02-07T09:30:34.740000,159.74589524827763,50,00,@
NVDA,2025-02-07T09:30:34.760000,159.74763679963598,200,00,@
NVDA,2025-02-07T09:30:34.960000,159.75243619638584,100,00,@
NVDA,2025-02-07T09:30:35.760000,159.75447779476912,200,00,@
NVDA,2025-02-07T09:30:35.780000,159.7587052438929,10,00,@
NVDA,2025-02-07T09:30:35.800000,159.76014970987742,10,00,@
NVDA,2025-02-07T09:30:36.600000,159.76442654470048,50,00,@
NVDA,2025-02-07T09:30:36.800000,159.7677059973047,100,00,@
NVDA,2025-02-07T09:30:37.600000,159.77317937947822,200,00,@
NVDA,2025-02-10T09:30:00.200000,159.9988022678894,100,00,@
NVDA,2025-02-10T09:30:00.220000,159.9943391163474,100,00,@
NVDA,2025-02-10T09:30:01.020000,159.9883190532587,200,00,@
NVDA,2025-02-10T09:30:01.040000,159.98358144649865,100,00,@
NVDA,2025-02-10T09:30:01.120000,159.97668900778382,20,00,@
NVDA,2025-02-10T09:30:01.140000,159.97054306232064,400,00,@
NVDA,2025-02-10T09:30:01.220000,159.96376280000698,200,00,@
NVDA,2025-02-10T09:30:01.300000,159.9615289137321,50,00,@
NVDA,2025-02-10T09:30:02.100000,159.96342783877924,10,00,@
NVDA,2025-02-10T09:30:02.300000,159.96299741532656,200,00,@
NVDA,2025-02-10T09:30:02.500000,159.96349275025668,100,00,@
NVDA,2025-02-10T09:30:02.520000,159.95862089048472,200,00,@
NVDA,2025-02-10T09:30:02.540000,159.95797563614713,100,00,@
NVDA,2025-02-10T09:30:02.560000,159.9574805050127,10,00,@
NVDA,2025-02-10T09:30:02.760000,159.95988123197304,10,00,@
NVDA,2025-02-10T09:30:02.840000,159.95530697224223,100,00,@
NVDA,2025-02-10T09:30:03.640000,159.95001625917132,400,00,@
NVDA,2025-02-10T09:30:03.840000,159.94410742227296,50,00,@
NVDA,2025-02-10T09:30:03.860000,159.93603174761944,200,00,@
NVDA,2025-02-10T09:30:03.940000,159.9297932637855,20,00,@
NVDA,2025-02-10T09:30:04.740000,159.92155411354963,100,00,@
NVDA,2025-02-10T09:30:04.940000,159.91311538824948,100,00,@
NVDA,2025-02-10T09:30:05.740000,159.9024161571139,200,00,@
NVDA,2025-02-10T09:30:05.820000,159.89053779419345,400,00,@
NVDA,2025-02-10T09:30:06.620000,159.87932712853194,200,00,@
NVDA,2025-02-10T09:30:07.420000,159.8697059764466,400,00,@
NVDA,2025-02-10T09:30:08.220000,159.85891336683346,100,00,@
NVDA,2025-02-10T09:30:09.020000,159.85170236815915,100,00,@
NVDA,2025-02-10T09:30:09.100000,159.8436621821242,100,00,@
NVDA,2025-02-10T09:30:09.300000,159.83459604757348,400,00,@
NVDA,2025-02-10T09:30:09.320000,159.82384789144876,200,00,@
NVDA,2025-02-10T09:30:09.400000,159.8216605358661,100,00,@
NVDA,2025-02-10T09:30:10.200000,159.81845064147475,50,00,@
NVDA,2025-02-10T09:30:10.280000,159.81482619250258,10,00,@
NVDA,2025-02-10T09:30:10.300000,159.81449205994247,10,00,@
NVDA,2025-02-10T09:30:10.500000,159.81234087850643,10,00,@
NVDA,2025-02-10T09:30:11.300000,159.80241410627883,100,00,@
NVDA,2025-02-10T09:30:11.500000,159.7942174415999,400,00,@
NVDA,2025-02-10T09:30:11.520000,159.78833025278735,10,00,@
NVDA,2025-02-10T09:30:11.540000,159.78132912992422,20,00,@
NVDA,2025-02-10T09:30:11.620000,159.77503463533208,50,00,@
NVDA,2025-02-10T09:30:11.700000,159.77541307248194,200,00,@
NVDA,2025-02-10T09:30:11.720000,159.7771239115079,100,00,@
NVDA,2025-02-10T09:30:11.800000,159.78250461732256,200,00,@
NVDA,2025-02-10T09:30:11.880000,159.7787893177664,100,00,@
NVDA,2025-02-10T09:30:12.080000,159.7778310751844,200,00,@
NVDA,2025-02-10T09:30:12.880000,159.77368092039265,50,00,@
NVDA,2025-02-10T09:30:12.960000,159.77110122832488,10,00,@
NVDA,2025-02-10T09:30:13.160000,159.7703350446415,100,00,@
NVDA,2025-02-10T09:30:13.240000,159.76655194852415,10,00,@
NVDA,2025-02-10T09:30:14.040000,159.76125306993887,20,00,@
NVDA,2025-02-10T09:30:14.240000,159.75738563196822,20,00,@
NVDA,2025-02-10T09:30:14.440000,159.75400510516016,100,00,@
NVDA,2025-02-10T09:30:14.520000,159.74539547862395,100,00,@
NVDA,2025-02-10T09:30:15.320000,159.7416118908568,10,00,@
NVDA,2025-02-10T09:30:15.340000,159.7356321752573,10,00,@
NVDA,2025-02-10T09:30:15.540000,159.73864581534272,100,00,@
NVDA,2025-02-10T09:30:16.340000,159.74218834006487,100,00,@
NVDA,2025-02-10T09:30:16.360000,159.74364630853796,50,00,@
NVDA,2025-02-10T09:30:16.440000,159.74265653571365,10,00,@
NVDA,2025-02-10T09:30:17.240000,159.74210757987592,200,00,@
NVDA,2025-02-10T09:30:17.440000,159.74219907760886,100,00,@
NVDA,2025-02-10T09:30:17.460000,159.74180758161955,10,00,@
NVDA,2025-02-10T09:30:18.260000,159.73792674826308,400,00,@
NVDA,2025-02-10T09:30:18.340000,159.73395881213438,10,00,@
NVDA,2025-02-10T09:30:18.420000,159.7321802259443,100,00,@
NVDA,2025-02-10T09:30:18.440000,159.7321374221668,100,00,@
NVDA,2025-02-10T09:30:18.640000,159.73142967676418,10,00,@
NVDA,2025-02-10T09:30:19.440000,159.7272435734459,50,00,@
NVDA,2025-02-10T09:30:19.520000,159.7274497382699,200,00,@
NVDA,2025-02-10T09:30:19.720000,159.73030442631213,200,00,@
NVDA,2025-02-10T09:30:20.520000,159.73450823434607,200,00,@
NVDA,2025-02-10T09:30:20.720000,159.73758009245776,50,00,@
NVDA,2025-02-10T09:30:20.740000,159.73683574036554,50,00,@
NVDA,2025-02-10T09:30:20.940000,159.7343694691051,200,00,@
NVDA,2025-02-10T09:30:21.740000,159.73631376227874,50,00,@
NVDA,2025-02-10T09:30:22.540000,159.7417155513774,50,00,@
NVDA,2025-02-10T09:30:22.620000,159.7448971805127,200,00,@
NVDA,2025-02-10T09:30:23.420000,159.74470847195232,10,00,@
NVDA,2025-02-10T09:30:23.620000,159.74337102476395,10,00,@
NVDA,2025-02-10T09:30:23.820000,159.74473244782718,10,00,@
NVDA,2025-02-10T09:30:24.020000,159.7434829176639,100,00,@
NVDA,2025-02-10T09:30:24.040000,159.74463607353326,200,00,@
NVDA,2025-02-10T09:30:24.060000,159.74619792726432,100,00,@
NVDA,2025-02-10T09:30:24.140000,159.74893733850394,50,00,@
NVDA,2025-02-10T09:30:24.340000,159.74592611214928,10,00,@
NVDA,2025-02-10T09:30:24.420000,159.74826234218494,10,00,@
NVDA,2025-02-10T09:30:24.500000,159.74896827329636,100,00,@
NVDA,2025-02-10T09:30:24.520000,159.7489660118252,10,00,@
NVDA,2025-02-10T09:30:24.600000,159.7507953028811,50,00,@
NVDA,2025-02-10T09:30:24.800000,159.7557549228521,100,00,@
NVDA,2025-02-10T09:30:24.820000,159.76213906166598,20,00,@
NVDA,2025-02-10T09:30:24.840000,159.76615779421545,200,00,@
NVDA,2025-02-10T09:30:25.040000,159.77045738508988,400,00,@
NVDA,2025-02-10T09:30:25.120000,159.7778336572296,200,00,@
NVDA,2025-02-10T09:30:25.140000,159.78581594066125,200,00,@
NVDA,2025-02-10T09:30:25.220000,159.7924087429407,20,00,@
NVDA,2025-02-10T09:30:25.300000,159.80314344559372,200,00,@
NVDA,2025-02-10T09:30:25.320000,159.81689640382112,20,00,@
NVDA,2025-02-10T09:30:25.520000,159.829520062984,100,00,@
NVDA,2025-02-10T09:30:25.600000,159.83835132030478,20,00,@
NVDA,2025-02-10T09:30:25.620000,159.85019840836026,100,00,@
NVDA,2025-02-10T09:30:25.700000,159.86056338631496,100,00,@
NVDA,2025-02-10T09:30:26.500000,159.86807673742706,100,00,@
NVDA,2025-02-10T09:30:26.700000,159.87506687522242,400,00,@
NVDA,2025-02-10T09:30:27.500000,159.88097724317024,20,00,@
NVDA,2025-02-10T09:30:27.520000,159.88431031407495,10,00,@
NVDA,2025-02-10T09:30:27.540000,159.8900760359261,200,00,@
NVDA,2025-02-10T09:30:27.560000,159.89708102401465,200,00,@
NVDA,2025-02-10T09:30:27.580000,159.89886962190448,200,00,@
NVDA,2025-02-10T09:30:27.600000,159.89760735287027,200,00,@
NVDA,2025-02-10T09:30:27.620000,159.89450716493428,200,00,@
NVDA,2025-02-10T09:30:28.420000,159.89374514420845,50,00,@
NVDA,2025-02-10T09:30:28.620000,159.88966777053147,50,00,@
NVDA,2025-02-10T09:30:28.700000,159.88630624948502,10,00,@
NVDA,2025-02-10T09:30:28.780000,159.88381292988691,50,00,@
NVDA,2025-02-10T09:30:28.860000,159.88399113147204,50,00,@
NVDA,2025-02-10T09:30:28.940000,159.88625706128778,10,00,@
NVDA,2025-02-10T09:30:29.140000,159.88621095021128,10,00,@
NVDA,2025-02-10T09:30:29.940000,159.8895847767763,200,00,@
NVDA,2025-02-10T09:30:30.020000,159.8913737558603,10,00,@
NVDA,2025-02-10T09:30:30.820000,159.89269827863677,100,00,@
NVDA,2025-02-10T09:30:30.900000,159.89308973499794,100,00,@
NVDA,2025-02-10T09:30:31.700000,159.89452436014403,200,00,@
NVDA,2025-02-10T09:30:32.500000,159.89819350226009,200,00,@
NVDA,2025-02-10T09:30:32.700000,159.904657129852,200,00,@
NVDA,2025-02-10T09:30:32.780000,159.90866562140474,100,00,@
NVDA,2025-02-10T09:30:32.860000,159.91454002477224,200,00,@
NVDA,2025-02-11T09:30:00.200000,159.9958793324614,200,00,@
NVDA,2025-02-11T09:30:01,159.9903779805242,200,00,@
NVDA,2025-02-11T09:30:01.200000,159.98786454251686,400,00,@
NVDA,2025-02-11T09:30:02,159.98977616717514,10,00,@
NVDA,2025-02-11T09:30:02.800000,159.9895067909003,200,00,@
NVDA,2025-02-11T09:30:03,159.9861819126771,200,00,@
NVDA,2025-02-11T09:30:03.020000,159.97840070316158,100,00,@
NVDA,2025-02-11T09:30:03.040000,159.97677247130488,200,00,@
NVDA,2025-02-11T09:30:03.840000,159.97446895463926,100,00,@
NVDA,2025-02-11T09:30:03.920000,159.97203520890022,50,00,@
NVDA,2025-02-11T09:30:03.940000,159.9692385370744,200,00,@
NVDA,2025-02-11T09:30:04.020000,159.96851820414295,100,00,@
NVDA,2025-02-11T09:30:04.040000,159.9706860565697,100,00,@
NVDA,2025-02-11T09:30:04.060000,159.9733106546388,50,00,@
NVDA,2025-02-11T09:30:04.140000,159.97272909637894,200,00,@
NVDA,2025-02-11T09:30:04.160000,159.96930080856797,200,00,@
NVDA,2025-02-11T09:30:04.960000,159.97085527942033,100,00,@
NVDA,2025-02-11T09:30:05.040000,159.96762476493626,10,00,@
NVDA,2025-02-11T09:30:05.060000,159.96855398575002,100,00,@
NVDA,2025-02-11T09:30:05.860000,159.97209659142425,100,00,@
NVDA,2025-02-11T09:30:05.940000,159.97162279340165,50,00,@
NVDA,2025-02-11T09:30:06.020000,159.97464340490112,100,00,@
NVDA,2025-02-11T09:30:06.820000,159.97658419582203,100,00,@
NVDA,2025-02-11T09:30:07.620000,159.97468789852095,200,00,@
NVDA,2025-02-11T09:30:07.820000,159.97351852489498,100,00,@
NVDA,2025-02-11T09:30:08.020000,159.97362359351237,200,00,@
NVDA,2025-02-11T09:30:08.100000,159.97072772388023,50,00,@
NVDA,2025-02-11T09:30:08.120000,159.97214742945548,100,00,@
NVDA,2025-02-11T09:30:08.140000,159.97226330440736,200,00,@
NVDA,2025-02-11T09:30:08.220000,159.9680823119714,10,00,@
NVDA,2025-02-11T09:30:08.420000,159.96841777015916,50,00,@
NVDA,2025-02-11T09:30:08.440000,159.97180651959823,10,00,@
NVDA,2025-02-11T09:30:08.640000,159.97547306554125,200,00,@
NVDA,2025-02-11T09:30:08.840000,159.97741614009476,10,00,@
NVDA,2025-02-11T09:30:09.040000,159.98150789061506,100,00,@
NVDA,2025-02-11T09:30:09.060000,159.98204434990012,10,00,@
NVDA,2025-02-11T09:30:09.860000,159.97552253130635,200,00,@
NVDA,2025-02-11T09:30:10.060000,159.96816159539867,200,00,@
NVDA,2025-02-11T09:30:10.860000,159.96124655470416,100,00,@
NVDA,2025-02-11T09:30:11.660000,159.95707424505983,200,00,@
NVDA,2025-02-11T09:30:11.860000,159.95159716691495,10,00,@
NVDA,2025-02-11T09:30:12.660000,159.95247703273722,50,00,@
NVDA,2025-02-11T09:30:13.460000,159.95035718324092,200,00,@
NVDA,2025-02-11T09:30:13.480000,159.94695535689056,200,00,@
NVDA,2025-02-11T09:30:14.280000,159.94169077140754,10,00,@
NVDA,2025-02-11T09:30:14.480000,159.9392085590614,50,00,@
NVDA,2025-02-11T09:30:14.500000,159.93873173762324,10,00,@
NVDA,2025-02-11T09:30:14.700000,159.93980694066514,50,00,@
NVDA,2025-02-11T09:30:14.900000,159.94472889022964,200,00,@
NVDA,2025-02-11T09:30:14.980000,159.94787870204706,50,00,@
NVDA,2025-02-11T09:30:15.060000,159.94670825714422,200,00,@
NVDA,2025-02-11T09:30:15.260000,159.94417703948622,200,00,@
NVDA,2025-02-11T09:30:16.060000,159.94095476972117,50,00,@
NVDA,2025-02-11T09:30:16.260000,159.94111994903116,50,00,@
NVDA,2025-02-11T09:30:16.460000,159.9430998230142,200,00,@
NVDA,2025-02-11T09:30:16.660000,159.94332544680842,200,00,@
NVDA,2025-02-11T09:30:16.860000,159.94146075795007,200,00,@
NVDA,2025-02-11T09:30:17.060000,159.9366770806335,200,00,@
NVDA,2025-02-11T09:30:17.260000,159.9327458825141,50,00,@
NVDA,2025-02-11T09:30:17.460000,159.93154130161776,100,00,@
NVDA,2025-02-11T09:30:18.260000,159.93150677950584,200,00,@
NVDA,2025-02-11T09:30:18.460000,159.93398953369334,200,00,@
NVDA,2025-02-11T09:30:19.260000,159.94077856398138,100,00,@
NVDA,2025-02-11T09:30:19.460000,159.9466451594567,400,00,@
NVDA,2025-02-11T09:30:20.260000,159.9521957235766,100,00,@
NVDA,2025-02-11T09:30:20.280000,159.95795417183092,100,00,@
NVDA,2025-02-11T09:30:20.360000,159.9661928456622,400,00,@
NVDA,2025-02-11T09:30:21.160000,159.97207039339548,400,00,@
NVDA,2025-02-11T09:30:21.960000,159.97483486514335,10,00,@
NVDA,2025-02-11T09:30:22.160000,159.98257875847233,400,00,@
NVDA,2025-02-11T09:30:22.240000,159.99160383893727,400,00,@
NVDA,2025-02-11T09:30:22.260000,159.99690372415913,200,00,@
NVDA,2025-02-11T09:30:22.460000,160.00102205326826,50,00,@
NVDA,2025-02-11T09:30:23.260000,160.00333896240997,50,00,@
NVDA,2025-02-11T09:30:23.340000,160.0064307303165,200,00,@
NVDA,2025-02-11T09:30:23.360000,160.0081824541734,10,00,@
NVDA,2025-02-11T09:30:23.440000,160.0109509257314,20,00,@
NVDA,2025-02-11T09:30:23.640000,160.01617740069437,100,00,@
NVDA,2025-02-11T09:30:23.660000,160.02179793183524,400,00,@
NVDA,2025-02-11T09:30:23.740000,160.0281586653306,20,00,@
NVDA,2025-02-11T09:30:23.940000,160.0352400830638,200,00,@
NVDA,2025-02-11T09:30:24.020000,160.04207850852794,100,00,@
NVDA,2025-02-11T09:30:24.100000,160.04486582649247,400,00,@
NVDA,2025-02-11T09:30:24.180000,160.0497495746405,400,00,@
NVDA,2025-02-11T09:30:24.380000,160.05429093827686,20,00,@
NVDA,2025-02-11T09:30:24.400000,160.060101245163,100,00,@
NVDA,2025-02-11T09:30:24.420000,160.06151296298637,200,00,@
NVDA,2025-02-11T09:30:25.220000,160.0608955047183,50,00,@
NVDA,2025-02-11T09:30:25.420000,160.05740290343851,100,00,@
NVDA,2025-02-11T09:30:25.620000,160.0592787629773,200,00,@
NVDA,2025-02-11T09:30:26.420000,160.05778094720878,200,00,@
NVDA,2025-02-11T09:30:26.620000,160.0544975537717,50,00,@
NVDA,2025-02-11T09:30:27.420000,160.0497530308344,50,00,@
NVDA,2025-02-11T09:30:28.220000,160.0481527455064,100,00,@
NVDA,2025-02-11T09:30:28.300000,160.04966560111762,10,00,@
NVDA,2025-02-11T09:30:29.100000,160.04668009431862,50,00,@
NVDA,2025-02-11T09:30:29.300000,160.04821113053296,100,00,@
NVDA,2025-02-11T09:30:30.100000,160.04706169092466,50,00,@
NVDA,2025-02-11T09:30:30.120000,160.04799663746442,100,00,@
NVDA,2025-02-11T09:30:30.920000,160.0471130413856,50,00,@
NVDA,2025-02-11T09:30:31.720000,160.04506116103602,10,00,@
NVDA,2025-02-11T09:30:31.740000,160.04685166403658,100,00,@
NVDA,2025-02-11T09:30:32.540000,160.04332980328599,200,00,@
NVDA,2025-02-11T09:30:32.740000,160.04311423255282,100,00,@
NVDA,2025-02-11T09:30:32.820000,160.0469509792098,100,00,@
NVDA,2025-02-11T09:30:32.840000,160.04794026586384,10,00,@
NVDA,2025-02-11T09:30:33.640000,160.0474712306459,200,00,@
NVDA,2025-02-11T09:30:33.660000,160.049587560277,100,00,@
NVDA,2025-02-11T09:30:33.680000,160.053747515286,100,00,@
NVDA,2025-02-11T09:30:33.760000,160.05382867376886,10,00,@
NVDA,2025-02-11T09:30:34.560000,160.0566314042789,50,00,@
NVDA,2025-02-11T09:30:34.580000,160.05928914209645,10,00,@
NVDA,2025-02-11T09:30:34.600000,160.063138617584,50,00,@
NVDA,2025-02-11T09:30:34.620000,160.06378435475872,200,00,@
NVDA,2025-02-11T09:30:34.640000,160.06899731688682,200,00,@
NVDA,2025-02-11T09:30:34.720000,160.07533202074632,100,00,@
NVDA,2025-02-11T09:30:34.800000,160.08489107587383,200,00,@
NVDA,2025-02-11T09:30:35,160.08799763962253,10,00,@
NVDA,2025-02-11T09:30:35.020000,160.09189417528526,100,00,@
NVDA,2025-02-11T09:30:35.100000,160.09094019535635,50,00,@
NVDA,2025-02-11T09:30:35.120000,160.09295290662885,200,00,@
NVDA,2025-02-11T09:30:35.920000,160.09477337212985,100,00,@
NVDA,2025-02-11T09:30:35.940000,160.0983265770423,50,00,@
NVDA,2025-02-11T09:30:36.020000,160.1017751310374,100,00,@
NVDA,2025-02-11T09:30:36.040000,160.10904993139536,100,00,@
NVDA,2025-02-11T09:30:36.120000,160.11613643379212,200,00,@
NVDA,2025-02-11T09:30:36.140000,160.12108489299507,10,00,@
NVDA,2025-02-11T09:30:36.340000,160.12281471629888,100,00,@
NVDA,2025-02-12T09:30:00.080000,159.9980836229494,10,00,@
NVDA,2025-02-12T09:30:00.160000,159.99786954877464,50,00,@
NVDA,2025-02-12T09:30:00.360000,159.99624151614782,10,00,@
NVDA,2025-02-12T09:30:01.160000,159.99604947821533,10,00,@
NVDA,2025-02-12T09:30:01.240000,159.9974154394916,200,00,@
NVDA,2025-02-12T09:30:01.320000,160.00168564103717,100,00,@
NVDA,2025-02-12T09:30:01.400000,160.00278734407274,200,00,@
NVDA,2025-02-12T09:30:01.480000,160.00716595364125,200,00,@
NVDA,2025-02-12T09:30:01.680000,160.0089078142499,200,00,@
NVDA,2025-02-12T09:30:02.480000,160.00879201328863,100,00,@
NVDA,2025-02-12T09:30:02.500000,160.00688465152493,100,00,@
NVDA,2025-02-12T09:30:02.520000,160.00576637512717,200,00,@
NVDA,2025-02-12T09:30:02.720000,160.0092824017844,50,00,@
NVDA,2025-02-12T09:30:02.920000,160.0101742910452,200,00,@
NVDA,2025-02-12T09:30:03,160.00958092533781,200,00,@
NVDA,2025-02-12T09:30:03.020000,160.00439423852615,50,00,@
NVDA,2025-02-12T09:30:03.040000,159.99978942006544,50,00,@
NVDA,2025-02-12T09:30:03.840000,160.00470020730714,50,00,@
NVDA,2025-02-12T09:30:04.640000,160.00044125576204,10,00,@
NVDA,2025-02-12T09:30:04.720000,159.99896670916948,200,00,@
NVDA,2025-02-12T09:30:04.800000,159.998565484023,100,00,@
NVDA,2025-02-12T09:30:05.600000,160.00286257578406,100,00,@
NVDA,2025-02-12T09:30:05.620000,160.01115588394575,100,00,@
NVDA,2025-02-12T09:30:06.420000,160.0164964040388,100,00,@
NVDA,2025-02-12T09:30:06.620000,160.01782296881,100,00,@
NVDA,2025-02-12T09:30:06.700000,160.01765336446442,10,00,@
NVDA,2025-02-12T09:30:06.720000,160.0196040057505,200,00,@
NVDA,2025-02-12T09:30:06.800000,160.02003095896413,200,00,@
NVDA,2025-02-12T09:30:06.820000,160.02094767623524,100,00,@
NVDA,2025-02-12T09:30:06.840000,160.0294485031384,200,00,@
NVDA,2025-02-12T09:30:07.640000,160.0314474758817,50,00,@
NVDA,2025-02-12T09:30:07.720000,160.0369073699516,100,00,@
NVDA,2025-02-12T09:30:08.520000,160.04299114798624,10,00,@
NVDA,2025-02-12T09:30:08.600000,160.046337001966,200,00,@
NVDA,2025-02-12T09:30:08.800000,160.0494574844141,200,00,@
NVDA,2025-02-12T09:30:08.880000,160.0554741360683,20,00,@
NVDA,2025-02-12T09:30:08.900000,160.05574865148517,50,00,@
NVDA,2025-02-12T09:30:08.920000,160.05538151273888,100,00,@
NVDA,2025-02-12T09:30:09.720000,160.05775072839083,200,00,@
NVDA,2025-02-12T09:30:10.520000,160.05945928109426,10,00,@
NVDA,2025-02-12T09:30:10.720000,160.05663621258506,10,00,@
NVDA,2025-02-12T09:30:10.920000,160.05564172747046,100,00,@
NVDA,2025-02-12T09:30:10.940000,160.05371302052808,50,00,@
NVDA,2025-02-12T09:30:11.020000,160.05847192966817,50,00,@
NVDA,2025-02-12T09:30:11.040000,160.06107756510323,100,00,@
NVDA,2025-02-12T09:30:11.120000,160.06281033247217,10,00,@
NVDA,2025-02-12T09:30:11.920000,160.0625554987029,100,00,@
NVDA,2025-02-12T09:30:11.940000,160.06478646590472,200,00,@
NVDA,2025-02-12T09:30:12.740000,160.06477978084772,10,00,@
NVDA,2025-02-12T09:30:12.820000,160.06108420398323,10,00,@
NVDA,2025-02-12T09:30:13.620000,160.05732278808384,50,00,@
NVDA,2025-02-12T09:30:13.640000,160.05261480727305,100,00,@
NVDA,2025-02-12T09:30:13.840000,160.04899470791685,50,00,@
NVDA,2025-02-12T09:30:14.040000,160.0436533431086,10,00,@
NVDA,2025-02-12T09:30:14.840000,160.04469456860306,100,00,@
NVDA,2025-02-12T09:30:15.040000,160.04937309195208,100,00,@
NVDA,2025-02-12T09:30:15.060000,160.0558676789002,400,00,@
NVDA,2025-02-12T09:30:15.260000,160.06043458910915,10,00,@
NVDA,2025-02-12T09:30:16.060000,160.0655964128208,50,00,@
NVDA,2025-02-12T09:30:16.860000,160.06888239654825,100,00,@
NVDA,2025-02-12T09:30:17.060000,160.07406532486857,20,00,@
NVDA,2025-02-12T09:30:17.080000,160.07971811391528,100,00,@
NVDA,2025-02-12T09:30:17.160000,160.0829653584623,400,00,@
NVDA,2025-02-12T09:30:17.180000,160.08812509641183,10,00,@
NVDA,2025-02-12T09:30:17.200000,160.09644169512305,200,00,@
NVDA,2025-02-12T09:30:17.280000,160.10208025842255,400,00,@
NVDA,2025-02-12T09:30:17.480000,160.1039576876781,100,00,@
NVDA,2025-02-12T09:30:17.500000,160.1086600463829,10,00,@
NVDA,2025-02-12T09:30:17.700000,160.10857182043043,50,00,@
NVDA,2025-02-12T09:30:18.500000,160.10798744228654,10,00,@
NVDA,2025-02-12T09:30:18.520000,160.10707462374816,200,00,@
NVDA,2025-02-12T09:30:18.600000,160.10296959153447,20,00,@
NVDA,2025-02-12T09:30:18.800000,160.09955000594073,50,00,@
NVDA,2025-02-12T09:30:19,160.09328237736636,100,00,@
NVDA,2025-02-12T09:30:19.080000,160.08778242685526,400,00,@
NVDA,2025-02-12T09:30:19.100000,160.08207056255546,20,00,@
NVDA,2025-02-12T09:30:19.300000,160.07747428004532,100,00,@
NVDA,2025-02-12T09:30:20.100000,160.07009967902047,400,00,@
NVDA,2025-02-12T09:30:20.120000,160.05943996229985,400,00,@
NVDA,2025-02-12T09:30:20.200000,160.0574599326983,50,00,@
NVDA,2025-02-12T09:30:21,160.05552487144496,10,00,@
NVDA,2025-02-12T09:30:21.200000,160.06210664084267,10,00,@
NVDA,2025-02-12T09:30:21.400000,160.068403194022,200,00,@
NVDA,2025-02-12T09:30:22.200000,160.07236820809888,10,00,@
NVDA,2025-02-12T09:30:22.400000,160.07673776379085,200,00,@
NVDA,2025-02-12T09:30:23.200000,160.08306726183673,100,00,@
NVDA,2025-02-12T09:30:23.280000,160.08728834957523,100,00,@
NVDA,2025-02-12T09:30:23.360000,160.0915591143454,50,00,@
NVDA,2025-02-12T09:30:24.160000,160.09385300779175,200,00,@
NVDA,2025-02-12T09:30:24.240000,160.09861511064975,200,00,@
NVDA,2025-02-12T09:30:24.320000,160.10514760996858,20,00,@
NVDA,2025-02-12T09:30:24.340000,160.11298176408698,400,00,@
NVDA,2025-02-12T09:30:24.420000,160.12154483889142,20,00,@
NVDA,2025-02-12T09:30:25.220000,160.1261285291059,100,00,@
NVDA,2025-02-12T09:30:25.420000,160.13189233150933,100,00,@
NVDA,2025-02-12T09:30:26.220000,160.14067245465168,400,00,@
NVDA,2025-02-12T09:30:26.300000,160.14837132624672,400,00,@
NVDA,2025-02-12T09:30:26.380000,160.1538101506444,50,00,@
NVDA,2025-02-12T09:30:26.580000,160.1566918879294,50,00,@
NVDA,2025-02-12T09:30:26.600000,160.16132260391393,200,00,@
NVDA,2025-02-12T09:30:27.400000,160.16150425776476,200,00,@
NVDA,2025-02-12T09:30:27.480000,160.1625226339162,10,00,@
NVDA,2025-02-12T09:30:27.500000,160.16383696403588,10,00,@
NVDA,2025-02-12T09:30:27.580000,160.16282252596346,10,00,@
NVDA,2025-02-12T09:30:27.780000,160.1596107875156,200,00,@
NVDA,2025-02-12T09:30:27.980000,160.15982195322655,10,00,@
NVDA,2025-02-12T09:30:28,160.16347933981623,100,00,@
NVDA,2025-02-12T09:30:28.200000,160.16028046778763,10,00,@
NVDA,2025-02-12T09:30:28.280000,160.15398742626257,20,00,@
NVDA,2025-02-12T09:30:28.300000,160.14714199725273,200,00,@
NVDA,2025-02-12T09:30:28.320000,160.13878479020102,200,00,@
NVDA,2025-02-12T09:30:28.340000,160.13585802446022,100,00,@
NVDA,2025-02-12T09:30:29.140000,160.13311689563778,10,00,@
NVDA,2025-02-12T09:30:29.160000,160.1267555753244,400,00,@
NVDA,2025-02-12T09:30:29.240000,160.12486909311207,200,00,@
NVDA,2025-02-12T09:30:29.320000,160.12211123119445,50,00,@
NVDA,2025-02-12T09:30:29.340000,160.1228809817321,10,00,@
NVDA,2025-02-12T09:30:29.360000,160.1229730109852,10,00,@
NVDA,2025-02-12T09:30:29.380000,160.12899741787334,50,00,@
NVDA,2025-02-12T09:30:29.400000,160.1298069427243,50,00,@
NVDA,2025-02-12T09:30:29.600000,160.1297276259942,200,00,@
NVDA,2025-02-12T09:30:29.800000,160.13462087082561,20,00,@
NVDA,2025-02-12T09:30:30.600000,160.13906859459323,200,00,@
NVDA,2025-02-12T09:30:30.680000,160.13960252151938,200,00,@
NVDA,2025-02-12T09:30:31.480000,160.1408680049482,50,00,@
NVDA,2025-02-12T09:30:32.280000,160.14267613294055,10,00,@
NVDA,2025-02-12T09:30:32.360000,160.1422501103851,10,00,@
NVDA,2025-02-12T09:30:33.160000,160.14349295825033,10,00,@
NVDA,2025-02-13T09:30:00.080000,160.00051289916632,200,00,@
NVDA,2025-02-13T09:30:00.880000,160.00134932187655,50,00,@
NVDA,2025-02-13T09:30:00.960000,159.99829433778615,100,00,@
NVDA,2025-02-13T09:30:00.980000,159.99320583811044,50,00,@
NVDA,2025-02-13T09:30:01.780000,159.98948286163264,200,00,@
NVDA,2025-02-13T09:30:01.860000,159.98632718649554,100,00,@
NVDA,2025-02-13T09:30:01.940000,159.981310880447,200,00,@
NVDA,2025-02-13T09:30:02.140000,159.97921810213785,100,00,@
NVDA,2025-02-13T09:30:02.340000,159.97815599567932,50,00,@
NVDA,2025-02-13T09:30:02.540000,159.98009363361538,200,00,@
NVDA,2025-02-13T09:30:03.340000,159.98565276327903,100,00,@
NVDA,2025-02-13T09:30:03.420000,159.99042272751802,400,00,@
NVDA,2025-02-13T09:30:03.620000,159.99158455687575,10,00,@
NVDA,2025-02-13T09:30:03.700000,159.994554733856,200,00,@
NVDA,2025-02-13T09:30:03.720000,159.9954964483928,10,00,@
NVDA,2025-02-13T09:30:03.920000,159.99863966619455,50,00,@
NVDA,2025-02-13T09:30:04.120000,160.0010441843375,50,00,@
NVDA,2025-02-13T09:30:04.320000,159.99913821590837,100,00,@
NVDA,2025-02-13T09:30:04.400000,160.00090619960648,10,00,@
NVDA,2025-02-13T09:30:04.420000,159.9944298726366,200,00,@
NVDA,2025-02-13T09:30:04.440000,159.99206960740568,50,00,@
NVDA,2025-02-13T09:30:04.640000,159.98741081097538,50,00,@
NVDA,2025-02-13T09:30:05.440000,159.9850076126601,10,00,@
NVDA,2025-02-13T09:30:06.240000,159.9853955119255,200,00,@
NVDA,2025-02-13T09:30:06.260000,159.98736545380646,100,00,@
NVDA,2025-02-13T09:30:06.280000,159.98656653495433,50,00,@
NVDA,2025-02-13T09:30:07.080000,159.98503004961518,50,00,@
NVDA,2025-02-13T09:30:07.100000,159.98646085074927,50,00,@
NVDA,2025-02-13T09:30:07.120000,159.9846775075644,10,00,@
NVDA,2025-02-13T09:30:07.200000,159.98093451033014,50,00,@
NVDA,2025-02-13T09:30:08,159.9775918778901,10,00,@
NVDA,2025-02-13T09:30:08.200000,159.97558893375344,100,00,@
NVDA,2025-02-13T09:30:08.280000,159.97461909666234,100,00,@
NVDA,2025-02-13T09:30:09.080000,159.9731987369053,10,00,@
NVDA,2025-02-13T09:30:09.880000,159.96602929621122,400,00,@
NVDA,2025-02-13T09:30:10.680000,159.9589060875069,200,00,@
NVDA,2025-02-13T09:30:10.700000,159.94750037349706,400,00,@
NVDA,2025-02-13T09:30:11.500000,159.93708329377063,20,00,@
NVDA,2025-02-13T09:30:11.580000,159.92969986146508,400,00,@
NVDA,2025-02-13T09:30:11.660000,159.9241237777946,400,00,@
NVDA,2025-02-13T09:30:11.740000,159.92169491879915,100,00,@
NVDA,2025-02-13T09:30:11.940000,159.91388115429552,20,00,@
NVDA,2025-02-13T09:30:12.140000,159.91368189438575,50,00,@
NVDA,2025-02-13T09:30:12.220000,159.91018524940907,200,00,@
NVDA,2025-02-13T09:30:12.300000,159.9135763633527,100,00,@
NVDA,2025-02-13T09:30:12.500000,159.9130762650981,50,00,@
NVDA,2025-02-13T09:30:12.520000,159.91329271300364,50,00,@
NVDA,2025-02-13T09:30:13.320000,159.9147060576435,10,00,@
NVDA,2025-02-13T09:30:13.340000,159.9156985644756,50,00,@
NVDA,2025-02-13T09:30:13.420000,159.91746064023584,50,00,@
NVDA,2025-02-13T09:30:13.440000,159.91914186049345,200,00,@
NVDA,2025-02-13T09:30:13.640000,159.92537266366884,200,00,@
NVDA,2025-02-13T09:30:13.720000,159.93046591449163,10,00,@
NVDA,2025-02-13T09:30:13.920000,159.9328879128412,50,00,@
NVDA,2025-02-13T09:30:14.120000,159.9361316898614,10,00,@
NVDA,2025-02-13T09:30:14.140000,159.93676417951838,10,00,@
NVDA,2025-02-13T09:30:14.340000,159.93504555320658,50,00,@
NVDA,2025-02-13T09:30:14.420000,159.93308451187443,100,00,@
NVDA,2025-02-13T09:30:14.620000,159.9336029070645,10,00,@
NVDA,2025-02-13T09:30:15.420000,159.93135006239723,200,00,@
NVDA,2025-02-13T09:30:15.500000,159.92732953782414,10,00,@
NVDA,2025-02-13T09:30:16.300000,159.92839289715656,100,00,@
NVDA,2025-02-13T09:30:16.320000,159.92591088626816,50,00,@
NVDA,2025-02-13T09:30:17.120000,159.92249147113438,10,00,@
NVDA,2025-02-13T09:30:17.320000,159.92178213517533,10,00,@
NVDA,2025-02-13T09:30:17.520000,159.92038428269055,10,00,@
NVDA,2025-02-13T09:30:17.720000,159.91465262942918,20,00,@
NVDA,2025-02-13T09:30:18.520000,159.90960924555156,10,00,@
NVDA,2025-02-13T09:30:18.540000,159.90619623664224,200,00,@
NVDA,2025-02-13T09:30:18.560000,159.90489405328378,200,00,@
NVDA,2025-02-13T09:30:19.360000,159.90361327884725,50,00,@
NVDA,2025-02-13T09:30:19.440000,159.90827526956224,50,00,@
NVDA,2025-02-13T09:30:19.640000,159.91257629380598,200,00,@
NVDA,2025-02-13T09:30:19.840000,159.92093305265558,200,00,@
NVDA,2025-02-13T09:30:19.860000,159.92502758026978,50,00,@
NVDA,2025-02-13T09:30:19.940000,159.92701738413666,10,00,@
NVDA,2025-02-13T09:30:20.020000,159.93127616221648,50,00,@
NVDA,2025-02-13T09:30:20.040000,159.93604746360106,50,00,@
NVDA,2025-02-13T09:30:20.060000,159.93752179167177,200,00,@
NVDA,2025-02-13T09:30:20.260000,159.93998460034587,100,00,@
NVDA,2025-02-13T09:30:20.280000,159.94363427139282,50,00,@
NVDA,2025-02-13T09:30:20.480000,159.9499736060065,20,00,@
NVDA,2025-02-13T09:30:20.680000,159.9501555959539,200,00,@
NVDA,2025-02-13T09:30:20.700000,159.95292889123684,50,00,@
NVDA,2025-02-13T09:30:20.780000,159.95242683434074,100,00,@
NVDA,2025-02-13T09:30:20.980000,159.9544078163549,50,00,@
NVDA,2025-02-13T09:30:21,159.95807208878452,50,00,@
NVDA,2025-02-13T09:30:21.800000,159.9572915735489,100,00,@
NVDA,2025-02-13T09:30:21.880000,159.95487181343253,200,00,@
NVDA,2025-02-13T09:30:22.080000,159.95256666117353,10,00,@
NVDA,2025-02-13T09:30:22.280000,159.9505364070473,10,00,@
NVDA,2025-02-13T09:30:22.300000,159.95048285367193,200,00,@
NVDA,2025-02-13T09:30:22.320000,159.95091343632205,100,00,@
NVDA,2025-02-13T09:30:22.340000,159.95248923924055,50,00,@
NVDA,2025-02-13T09:30:22.420000,159.94799453488915,50,00,@
NVDA,2025-02-13T09:30:23.220000,159.94671152363065,200,00,@
NVDA,2025-02-13T09:30:23.300000,159.94782973657433,50,00,@
NVDA,2025-02-13T09:30:24.100000,159.94726093297663,100,00,@
NVDA,2025-02-13T09:30:24.180000,159.94406126707227,10,00,@
NVDA,2025-02-13T09:30:24.260000,159.9411994255645,200,00,@
NVDA,2025-02-13T09:30:24.340000,159.93519367237695,100,00,@
NVDA,2025-02-13T09:30:24.420000,159.9296727394751,100,00,@
NVDA,2025-02-13T09:30:24.440000,159.92410828710797,100,00,@
NVDA,2025-02-13T09:30:24.520000,159.9190310819812,400,00,@
NVDA,2025-02-13T09:30:24.540000,159.91755760116934,50,00,@
NVDA,2025-02-13T09:30:24.740000,159.9164251442813,50,00,@
NVDA,2025-02-13T09:30:24.940000,159.91076626956948,200,00,@
NVDA,2025-02-13T09:30:24.960000,159.90255767277395,400,00,@
NVDA,2025-02-13T09:30:25.760000,159.89612033082756,20,00,@
NVDA,2025-02-13T09:30:25.960000,159.88835350447593,20,00,@
NVDA,2025-02-13T09:30:26.160000,159.8799141255349,200,00,@
NVDA,2025-02-13T09:30:26.240000,159.8778375949482,10,00,@
NVDA,2025-02-13T09:30:27.040000,159.87683561552166,100,00,@
NVDA,2025-02-13T09:30:27.840000,159.8766265342686,100,00,@
NVDA,2025-02-13T09:30:28.640000,159.87262409654147,200,00,@
NVDA,2025-02-13T09:30:28.840000,159.8680634651014,100,00,@
NVDA,2025-02-13T09:30:29.640000,159.86677097143382,50,00,@
NVDA,2025-02-13T09:30:29.660000,159.8646849274786,50,00,@
NVDA,2025-02-13T09:30:29.860000,159.865735997314,100,00,@
NVDA,2025-02-13T09:30:29.940000,159.87038371463703,400,00,@
NVDA,2025-02-13T09:30:30.020000,159.87574994680176,20,00,@
NVDA,2025-02-13T09:30:30.220000,159.87641900120127,10,00,@
NVDA,2025-02-13T09:30:30.240000,159.87609933089587,50,00,@
NVDA,2025-02-13T09:30:30.260000,159.8801098751442,10,00,@
NVDA,2025-02-13T09:30:30.460000,159.88187465160826,200,00,@
NVDA,2025-02-13T09:30:30.480000,159.88303233287294,10,00,@
NVDA,2025-02-13T09:30:31.280000,159.87924707927178,200,00,@
NVDA,2025-02-13T09:30:31.480000,159.871236803355,200,00,@
NVDA,2025-02-14T09:30:00.200000,160.00290628984857,50,00,@
NVDA,2025-02-14T09:30:00.220000,160.0112952836949,400,00,@
NVDA,2025-02-14T09:30:00.420000,160.01687553279498,50,00,@
NVDA,2025-02-14T09:30:01.220000,160.0189289746551,100,00,@
NVDA,2025-02-14T09:30:02.020000,160.02012173236758,10,00,@
NVDA,2025-02-14T09:30:02.820000,160.02082165182085,10,00,@
NVDA,2025-02-14T09:30:02.840000,160.02786019985768,400,00,@
NVDA,2025-02-14T09:30:03.640000,160.033235905327,200,00,@
NVDA,2025-02-14T09:30:03.660000,160.03327386500445,200,00,@
NVDA,2025-02-14T09:30:03.860000,160.0319070648155,50,00,@
NVDA,2025-02-14T09:30:03.880000,160.03270654434436,100,00,@
NVDA,2025-02-14T09:30:04.680000,160.03232358546342,200,00,@
NVDA,2025-02-14T09:30:04.880000,160.03196942392808,100,00,@
NVDA,2025-02-14T09:30:05.680000,160.03125126151735,100,00,@
NVDA,2025-02-14T09:30:05.880000,160.03260235250522,200,00,@
NVDA,2025-02-14T09:30:05.900000,160.02819621289584,200,00,@
NVDA,2025-02-14T09:30:06.100000,160.0288990778554,100,00,@
NVDA,2025-02-14T09:30:06.300000,160.0271478944354,10,00,@
NVDA,2025-02-14T09:30:06.500000,160.0249594680446,100,00,@
NVDA,2025-02-14T09:30:07.300000,160.0265375805791,100,00,@
NVDA,2025-02-14T09:30:07.500000,160.0303834474421,100,00,@
NVDA,2025-02-14T09:30:07.520000,160.03396228756338,10,00,@
NVDA,2025-02-14T09:30:07.540000,160.03606624371145,200,00,@
NVDA,2025-02-14T09:30:07.560000,160.0432654712602,200,00,@
NVDA,2025-02-14T09:30:08.360000,160.05269330823037,100,00,@
NVDA,2025-02-14T09:30:09.160000,160.06409170478335,400,00,@
NVDA,2025-02-14T09:30:09.960000,160.0747125957983,400,00,@
NVDA,2025-02-14T09:30:09.980000,160.08476526840596,100,00,@
NVDA,2025-02-14T09:30:10,160.09857516118873,20,00,@
NVDA,2025-02-14T09:30:10.800000,160.11455706954774,200,00,@
NVDA,2025-02-14T09:30:11.600000,160.12854218466236,400,00,@
NVDA,2025-02-14T09:30:11.620000,160.14071533207178,20,00,@
NVDA,2025-02-14T09:30:11.640000,160.15143511287656,20,00,@
NVDA,2025-02-14T09:30:11.720000,160.1563297093053,20,00,@
NVDA,2025-02-14T09:30:11.920000,160.16415879365752,20,00,@
NVDA,2025-02-14T09:30:12.720000,160.17131084611034,200,00,@
NVDA,2025-02-14T09:30:13.520000,160.1775469886111,400,00,@
NVDA,2025-02-14T09:30:13.720000,160.18724393516308,20,00,@
NVDA,2025-02-14T09:30:13.920000,160.193851059728,20,00,@
NVDA,2025-02-14T09:30:13.940000,160.19257468211228,100,00,@
NVDA,2025-02-14T09:30:14.020000,160.19394073514366,200,00,@
NVDA,2025-02-14T09:30:14.100000,160.19465814641856,200,00,@
NVDA,2025-02-14T09:30:14.120000,160.19850912870334,10,00,@
NVDA,2025-02-14T09:30:14.920000,160.20230680421994,100,00,@
NVDA,2025-02-14T09:30:15,160.2021546705685,200,00,@
NVDA,2025-02-14T09:30:15.080000,160.19847921130486,50,00,@
NVDA,2025-02-14T09:30:15.280000,160.1968200015479,200,00,@
NVDA,2025-02-14T09:30:16.080000,160.20119321688352,200,00,@
NVDA,2025-02-14T09:30:16.100000,160.20274144283238,10,00,@
NVDA,2025-02-14T09:30:16.180000,160.20241399724554,50,00,@
NVDA,2025-02-14T09:30:16.260000,160.2028656536146,100,00,@
NVDA,2025-02-14T09:30:16.460000,160.20123327533898,10,00,@
NVDA,2025-02-14T09:30:16.540000,160.1994245232662,50,00,@
NVDA,2025-02-14T09:30:16.560000,160.18720292107258,400,00,@
NVDA,2025-02-14T09:30:16.640000,160.17668650769605,100,00,@
NVDA,2025-02-14T09:30:16.660000,160.16703665274895,400,00,@
NVDA,2025-02-14T09:30:17.460000,160.1633485822523,10,00,@
NVDA,2025-02-14T09:30:17.540000,160.16144220836796,100,00,@
NVDA,2025-02-14T09:30:17.560000,160.16202324428858,200,00,@
NVDA,2025-02-14T09:30:18.360000,160.16255611782967,100,00,@
NVDA,2025-02-14T09:30:18.440000,160.16263896108887,10,00,@
NVDA,2025-02-14T09:30:19.240000,160.16580188579186,200,00,@
NVDA,2025-02-14T09:30:20.040000,160.16654354720336,200,00,@
NVDA,2025-02-14T09:30:20.060000,160.17499357030403,200,00,@
NVDA,2025-02-14T09:30:20.140000,160.1821075828866,20,00,@
NVDA,2025-02-14T09:30:20.340000,160.1875778204916,100,00,@
NVDA,2025-02-14T09:30:20.540000,160.18818504978964,50,00,@
NVDA,2025-02-14T09:30:20.560000,160.1881227479505,200,00,@
NVDA,2025-02-14T09:30:20.580000,160.18967193468748,50,00,@
NVDA,2025-02-14T09:30:20.780000,160.19014775278197,100,00,@
NVDA,2025-02-14T09:30:20.860000,160.19202694346183,100,00,@
NVDA,2025-02-14T09:30:21.660000,160.1954196225997,100,00,@
NVDA,2025-02-14T09:30:21.740000,160.19802618100286,100,00,@
NVDA,2025-02-14T09:30:21.820000,160.1993374371529,100,00,@
NVDA,2025-02-14T09:30:22.620000,160.20270232455454,200,00,@
NVDA,2025-02-14T09:30:22.700000,160.2064020260852,200,00,@
NVDA,2025-02-14T09:30:22.780000,160.20929799780993,50,00,@
NVDA,2025-02-14T09:30:22.860000,160.20457182701432,100,00,@
NVDA,2025-02-14T09:30:22.880000,160.2044326182525,10,00,@
NVDA,2025-02-14T09:30:22.960000,160.20159945442404,100,00,@
NVDA,2025-02-14T09:30:23.160000,160.2022469737203,100,00,@
NVDA,2025-02-14T09:30:23.360000,160.2055420547953,10,00,@
NVDA,2025-02-14T09:30:24.160000,160.20539965112766,100,00,@
NVDA,2025-02-14T09:30:24.240000,160.20949467864259,100,00,@
NVDA,2025-02-14T09:30:24.320000,160.2113221224763,10,00,@
NVDA,2025-02-14T09:30:24.520000,160.2137505014627,50,00,@
NVDA,2025-02-14T09:30:24.600000,160.21733467508508,100,00,@
NVDA,2025-02-14T09:30:25.400000,160.2228354558138,100,00,@
NVDA,2025-02-14T09:30:25.420000,160.22825225725094,400,00,@
NVDA,2025-02-14T09:30:26.220000,160.2322666202213,100,00,@
NVDA,2025-02-14T09:30:27.020000,160.23527334229448,100,00,@
NVDA,2025-02-14T09:30:27.040000,160.23759545925327,50,00,@
NVDA,2025-02-14T09:30:27.060000,160.23945041458185,10,00,@
NVDA,2025-02-14T09:30:27.140000,160.2348908092242,50,00,@
NVDA,2025-02-14T09:30:27.160000,160.23543544664986,10,00,@
NVDA,2025-02-14T09:30:27.180000,160.2351942918655,50,00,@
NVDA,2025-02-14T09:30:27.980000,160.2312049215906,400,00,@
NVDA,2025-02-14T09:30:28,160.2293362865738,10,00,@
NVDA,2025-02-14T09:30:28.080000,160.2277738964192,10,00,@
NVDA,2025-02-14T09:30:28.280000,160.22718122603558,100,00,@
NVDA,2025-02-14T09:30:28.300000,160.23049538508036,200,00,@
NVDA,2025-02-14T09:30:28.380000,160.23260638360387,200,00,@
NVDA,2025-02-14T09:30:28.580000,160.2340148444096,100,00,@
NVDA,2025-02-14T09:30:28.780000,160.23429360020234,200,00,@
NVDA,2025-02-14T09:30:28.980000,160.23019853410725,10,00,@
NVDA,2025-02-14T09:30:29,160.23191572612083,100,00,@
NVDA,2025-02-14T09:30:29.200000,160.2301185338922,50,00,@
NVDA,2025-02-14T09:30:30,160.2297524187133,100,00,@
NVDA,2025-02-14T09:30:30.080000,160.2319107129072,200,00,@
NVDA,2025-02-14T09:30:30.880000,160.23367686951997,10,00,@
NVDA,2025-02-14T09:30:31.080000,160.23619460422188,100,00,@
NVDA,2025-02-14T09:30:31.880000,160.2406596807052,200,00,@
NVDA,2025-02-14T09:30:31.900000,160.23643631220648,10,00,@
NVDA,2025-02-14T09:30:31.920000,160.23624817180394,10,00,@
NVDA,2025-02-14T09:30:32.120000,160.23025628639536,10,00,@
NVDA,2025-02-14T09:30:32.140000,160.2302984897699,200,00,@
NVDA,2025-02-14T09:30:32.940000,160.22743941903468,100,00,@
NVDA,2025-02-14T09:30:33.020000,160.22166158709075,400,00,@
NVDA,2025-02-14T09:30:33.100000,160.2190257892832,200,00,@
NVDA,2025-02-14T09:30:33.900000,160.2177956468971,100,00,@
NVDA,2025-02-14T09:30:33.920000,160.22030538341645,50,00,@
NVDA,2025-02-14T09:30:33.940000,160.2207733808715,10,00,@
NVDA,2025-02-14T09:30:34.020000,160.2196658347682,100,00,@
NVDA,2025-02-14T09:30:34.100000,160.2240592529478,100,00,@
NVDA,2025-02-14T09:30:34.180000,160.2332134357279,200,00,@
NVDA,2025-02-14T09:30:34.260000,160.23751886632195,200,00,@
NVDA,2025-02-14T09:30:34.460000,160.24482203858585,100,00,@
NVDA,2025-02-14T09:30:34.660000,160.25556529764214,400,00,@
META,2025-02-03T09:30:00.080000,180.00126127048432,10,00,@
META,2025-02-03T09:30:00.280000,179.99887876527362,50,00,@
META,2025-02-03T09:30:00.360000,179.9973646769578,200,00,@
META,2025-02-03T09:30:01.160000,179.99507137351367,50,00,@
META,2025-02-03T09:30:01.240000,179.99365144296996,100,00,@
META,2025-02-03T09:30:01.320000,179.9987037197338,10,00,@
META,2025-02-03T09:30:02.120000,180.00294057334568,50,00,@
META,2025-02-03T09:30:02.200000,180.00583353589198,200,00,@
META,2025-02-03T09:30:02.400000,180.00609162113565,200,00,@
META,2025-02-03T09:30:02.420000,180.00494347410145,10,00,@
META,2025-02-03T09:30:02.620000,180.00333792337057,50,00,@
META,2025-02-03T09:30:03.420000,180.00339852442303,200,00,@
META,2025-02-03T09:30:04.220000,179.99884335597193,50,00,@
META,2025-02-03T09:30:04.300000,179.99298098203144,100,00,@
META,2025-02-03T09:30:04.500000,179.9893170339899,100,00,@
META,2025-02-03T09:30:04.520000,179.98574853767616,10,00,@
META,2025-02-03T09:30:04.600000,179.9819966048104,20,00,@
META,2025-02-03T09:30:04.620000,179.9745696068658,400,00,@
META,2025-02-03T09:30:05.420000,179.9702859026727,200,00,@
META,2025-02-03T09:30:05.440000,179.9704275662091,200,00,@
META,2025-02-03T09:30:06.240000,179.9660149518713,200,00,@
META,2025-02-03T09:30:07.040000,179.9642349841927,50,00,@
META,2025-02-03T09:30:07.120000,179.9662883934673,10,00,@
META,2025-02-03T09:30:07.140000,179.96595862082606,100,00,@
META,2025-02-03T09:30:07.220000,179.96425295283646,10,00,@
META,2025-02-03T09:30:07.420000,179.96010153696434,100,00,@
META,2025-02-03T09:30:08.220000,179.9567817026679,100,00,@
META,2025-02-03T09:30:08.240000,179.95644479333373,200,00,@
META,2025-02-03T09:30:08.260000,179.96340927119238,100,00,@
META,2025-02-03T09:30:08.280000,179.96587391038204,10,00,@
META,2025-02-03T09:30:08.480000,179.96812126945352,10,00,@
META,2025-02-03T09:30:08.680000,179.97176021474573,100,00,@
META,2025-02-03T09:30:09.480000,179.97665449270872,100,00,@
META,2025-02-03T09:30:09.560000,179.9821336024681,200,00,@
META,2025-02-03T09:30:09.640000,179.98587132736992,100,00,@
META,2025-02-03T09:30:09.840000,179.99527141775698,400,00,@
META,2025-02-03T09:30:09.920000,180.00517984722356,100,00,@
META,2025-02-03T09:30:10.120000,180.01296185904806,200,00,@
META,2025-02-03T09:30:10.140000,180.02227284313307,200,00,@
META,2025-02-03T09:30:10.940000,180.02321169375668,50,00,@
META,2025-02-03T09:30:10.960000,180.02511551049713,10,00,@
META,2025-02-03T09:30:10.980000,180.0236407209124,50,00,@
META,2025-02-03T09:30:11,180.02395421847976,200,00,@
META,2025-02-03T09:30:11.200000,180.02268224049564,50,00,@
META,2025-02-03T09:30:12,180.0239216552605,50,00,@
META,2025-02-03T09:30:12.200000,180.02160345540156,50,00,@
META,2025-02-03T09:30:13,180.0165745812376,10,00,@
META,2025-02-03T09:30:13.200000,180.01205345301148,50,00,@
META,2025-02-03T09:30:13.220000,180.00714767536562,20,00,@
META,2025-02-03T09:30:14.020000,179.99906211988323,400,00,@
META,2025-02-03T09:30:14.220000,179.98893751794992,400,00,@
META,2025-02-03T09:30:14.420000,179.9795514395121,100,00,@
META,2025-02-03T09:30:14.620000,179.97116583128445,100,00,@
META,2025-02-03T09:30:14.820000,179.96574593594337,200,00,@
META,2025-02-03T09:30:15.020000,179.96963694052664,50,00,@
META,2025-02-03T09:30:15.100000,179.9738330112025,10,00,@
META,2025-02-03T09:30:15.180000,179.97924606947672,10,00,@
META,2025-02-03T09:30:15.260000,179.9796611165309,50,00,@
META,2025-02-03T09:30:16.060000,179.97655411750466,10,00,@
META,2025-02-03T09:30:16.260000,179.97004138610353,100,00,@
META,2025-02-03T09:30:16.460000,179.96057093334224,100,00,@
META,2025-02-03T09:30:16.660000,179.95199160916843,20,00,@
META,2025-02-03T09:30:17.460000,179.94273001351186,200,00,@
META,2025-02-03T09:30:17.540000,179.9350965476794,400,00,@
META,2025-02-03T09:30:18.340000,179.92860002515692,100,00,@
META,2025-02-03T09:30:19.140000,179.9241760936944,50,00,@
META,2025-02-03T09:30:19.340000,179.92362047425866,50,00,@
META,2025-02-03T09:30:19.420000,179.92259905778295,10,00,@
META,2025-02-03T09:30:19.620000,179.91910043903727,10,00,@
META,2025-02-03T09:30:19.820000,179.91674563726787,200,00,@
META,2025-02-03T09:30:20.020000,179.91789769783878,10,00,@
META,2025-02-03T09:30:20.820000,179.9159828447014,100,00,@
META,2025-02-03T09:30:20.900000,179.91341301907437,50,00,@
META,2025-02-03T09:30:20.980000,179.91461410526276,200,00,@
META,2025-02-03T09:30:21.180000,179.91600408434059,50,00,@
META,2025-02-03T09:30:21.980000,179.91693894405446,100,00,@
META,2025-02-03T09:30:22.780000,179.920528164364,200,00,@
META,2025-02-03T09:30:23.580000,179.92641426090185,20,00,@
META,2025-02-03T09:30:24.380000,179.93247133361538,200,00,@
META,2025-02-03T09:30:25.180000,179.93964426608824,200,00,@
META,2025-02-03T09:30:25.260000,179.9484506401568,400,00,@
META,2025-02-03T09:30:25.280000,179.9568151390626,100,00,@
META,2025-02-03T09:30:26.080000,179.9608905380646,400,00,@
META,2025-02-03T09:30:26.160000,179.96709314908946,20,00,@
META,2025-02-03T09:30:26.240000,179.9708486219379,50,00,@
META,2025-02-03T09:30:26.440000,179.96540930823483,10,00,@
META,2025-02-03T09:30:26.640000,179.96416613960326,200,00,@
META,2025-02-03T09:30:26.720000,179.9632336191772,10,00,@
META,2025-02-03T09:30:26.920000,179.96448869653068,100,00,@
META,2025-02-03T09:30:26.940000,179.9687289215454,200,00,@
META,2025-02-03T09:30:27.140000,179.97713239223083,200,00,@
META,2025-02-03T09:30:27.940000,179.97861795030383,200,00,@
META,2025-02-03T09:30:28.140000,179.98373416931952,10,00,@
META,2025-02-03T09:30:28.160000,179.985940742892,200,00,@
META,2025-02-03T09:30:28.240000,179.9844073145893,50,00,@
META,2025-02-03T09:30:28.320000,179.98511002350347,10,00,@
META,2025-02-03T09:30:28.340000,179.98542249662762,50,00,@
META,2025-02-03T09:30:28.360000,179.98363095042723,200,00,@
META,2025-02-03T09:30:28.560000,179.9845962695071,200,00,@
META,2025-02-03T09:30:28.640000,179.9831772044067,100,00,@
META,2025-02-03T09:30:29.440000,179.9859506652448,10,00,@
META,2025-02-03T09:30:30.240000,179.98540044808928,100,00,@
META,2025-02-03T09:30:31.040000,179.98684377735088,100,00,@
META,2025-02-03T09:30:31.060000,179.98575467863992,10,00,@
META,2025-02-03T09:30:31.140000,179.983752951731,100,00,@
META,2025-02-03T09:30:31.340000,179.9833241661552,100,00,@
META,2025-02-03T09:30:31.360000,179.9768440798172,10,00,@
META,2025-02-03T09:30:31.440000,179.97597242963352,100,00,@
META,2025-02-03T09:30:31.640000,179.97615745385548,50,00,@
META,2025-02-03T09:30:31.720000,179.97674564226716,200,00,@
META,2025-02-03T09:30:31.740000,179.98197030558154,100,00,@
META,2025-02-03T09:30:32.540000,179.9880896372034,200,00,@
META,2025-02-03T09:30:32.620000,179.99659200806127,100,00,@
META,2025-02-03T09:30:32.820000,180.0008190323522,50,00,@
META,2025-02-03T09:30:32.900000,180.00460143991432,50,00,@
META,2025-02-03T09:30:32.920000,180.00587543987572,50,00,@
META,2025-02-03T09:30:33.120000,180.0046701580355,100,00,@
META,2025-02-03T09:30:33.320000,180.00612197044262,10,00,@
META,2025-02-03T09:30:34.120000,180.01266326544032,10,00,@
META,2025-02-03T09:30:34.320000,180.014744800982,10,00,@
META,2025-02-03T09:30:34.400000,180.02075277914867,20,00,@
META,2025-02-03T09:30:34.600000,180.0234738343446,200,00,@
META,2025-02-03T09:30:34.620000,180.02520928942494,200,00,@
META,2025-02-03T09:30:35.420000,180.02479262140702,200,00,@
META,2025-02-03T09:30:35.620000,180.0215080295185,10,00,@
META,2025-02-03T09:30:35.700000,180.01927193445448,10,00,@
META,2025-02-03T09:30:35.720000,180.0191999682868,10,00,@
META,2025-02-03T09:30:35.800000,180.0196420885742,50,00,@
META,2025-02-04T09:30:00.020000,180.0012592388262,100,00,@
META,2025-02-04T09:30:00.820000,180.0015377945388,50,00,@
META,2025-02-04T09:30:00.900000,180.00880124623237,10,00,@
META,2025-02-04T09:30:00.920000,180.01628866823296,400,00,@
META,2025-02-04T09:30:01,180.02477770783503,200,00,@
META,2025-02-04T09:30:01.080000,180.03543591718136,200,00,@
META,2025-02-04T09:30:01.100000,180.0537824627045,400,00,@
META,2025-02-04T09:30:01.180000,180.0640497357997,100,00,@
META,2025-02-04T09:30:01.980000,180.07916882204634,20,00,@
META,2025-02-04T09:30:02.060000,180.09718720710575,20,00,@
META,2025-02-04T09:30:02.140000,180.1121561287813,100,00,@
META,2025-02-04T09:30:02.160000,180.12522560239236,100,00,@
META,2025-02-04T09:30:02.180000,180.13758203155538,100,00,@
META,2025-02-04T09:30:02.260000,180.14795344650247,100,00,@
META,2025-02-04T09:30:03.060000,180.15504445153869,200,00,@
META,2025-02-04T09:30:03.260000,180.15863315115038,200,00,@
META,2025-02-04T09:30:03.340000,180.16320256710517,10,00,@
META,2025-02-04T09:30:03.540000,180.16544537618697,200,00,@
META,2025-02-04T09:30:03.620000,180.16718175782813,100,00,@
META,2025-02-04T09:30:03.640000,180.16878128372096,100,00,@
META,2025-02-04T09:30:03.660000,180.1696416496472,50,00,@
META,2025-02-04T09:30:03.860000,180.16949777993858,200,00,@
META,2025-02-04T09:30:04.660000,180.1706318200916,200,00,@
META,2025-02-04T09:30:04.860000,180.1732449189792,50,00,@
META,2025-02-04T09:30:04.940000,180.1755711665708,10,00,@
META,2025-02-04T09:30:05.020000,180.1832057432004,100,00,@
META,2025-02-04T09:30:05.040000,180.19142514892133,20,00,@
META,2025-02-04T09:30:05.240000,180.2014722156975,20,00,@
META,2025-02-04T09:30:05.320000,180.2118969138798,200,00,@
META,2025-02-04T09:30:05.520000,180.22318246775865,100,00,@
META,2025-02-04T09:30:05.720000,180.2327208542625,400,00,@
META,2025-02-04T09:30:05.740000,180.24159217584582,400,00,@
META,2025-02-04T09:30:05.820000,180.2575026971785,100,00,@
META,2025-02-04T09:30:06.020000,180.27503714944302,100,00,@
META,2025-02-04T09:30:06.040000,180.29127401723005,20,00,@
META,2025-02-04T09:30:06.060000,180.30547719227192,200,00,@
META,2025-02-04T09:30:06.140000,180.3171452552851,20,00,@
META,2025-02-04T09:30:06.160000,180.32541174912882,200,00,@
META,2025-02-04T09:30:06.360000,180.3282627702312,10,00,@
META,2025-02-04T09:30:07.160000,180.33080352970876,200,00,@
META,2025-02-04T09:30:07.960000,180.33776836153316,400,00,@
META,2025-02-04T09:30:07.980000,180.34407248575522,100,00,@
META,2025-02-04T09:30:08,180.35060360863758,100,00,@
META,2025-02-04T09:30:08.020000,180.35398443237375,10,00,@
META,2025-02-04T09:30:08.820000,180.36314226779578,20,00,@
META,2025-02-04T09:30:09.620000,180.37905693765435,400,00,@
META,2025-02-04T09:30:10.420000,180.39184653851467,20,00,@
META,2025-02-04T09:30:10.440000,180.4021985233966,200,00,@
META,2025-02-04T09:30:10.640000,180.40939297539046,200,00,@
META,2025-02-04T09:30:11.440000,180.42271343203913,100,00,@
META,2025-02-04T09:30:11.520000,180.43216124985295,100,00,@
META,2025-02-04T09:30:11.720000,180.44055780267925,20,00,@
META,2025-02-04T09:30:11.920000,180.44731207227994,100,00,@
META,2025-02-04T09:30:12.720000,180.44933047340555,50,00,@
META,2025-02-04T09:30:12.740000,180.45149280099983,50,00,@
META,2025-02-04T09:30:12.940000,180.45368360080911,50,00,@
META,2025-02-04T09:30:13.140000,180.4535980963591,10,00,@
META,2025-02-04T09:30:13.940000,180.44866757692915,50,00,@
META,2025-02-04T09:30:14.740000,180.44776474548277,50,00,@
META,2025-02-04T09:30:14.760000,180.44052300806197,200,00,@
META,2025-02-04T09:30:14.960000,180.43137309164277,400,00,@
META,2025-02-04T09:30:14.980000,180.4236057890218,20,00,@
META,2025-02-04T09:30:15,180.41704511381346,100,00,@
META,2025-02-04T09:30:15.800000,180.4130022695298,50,00,@
META,2025-02-04T09:30:15.880000,180.41068591009193,200,00,@
META,2025-02-04T09:30:16.680000,180.40560573333886,100,00,@
META,2025-02-04T09:30:16.880000,180.4044555413043,10,00,@
META,2025-02-04T09:30:17.680000,180.40699516764064,10,00,@
META,2025-02-04T09:30:17.700000,180.407142804739,100,00,@
META,2025-02-04T09:30:17.720000,180.41284912605238,50,00,@
META,2025-02-04T09:30:17.920000,180.41555509856818,100,00,@
META,2025-02-04T09:30:18.120000,180.41148682036555,10,00,@
META,2025-02-04T09:30:18.920000,180.40895091665055,200,00,@
META,2025-02-04T09:30:19,180.40372896038014,400,00,@
META,2025-02-04T09:30:19.080000,180.3981753204182,10,00,@
META,2025-02-04T09:30:19.880000,180.39865080877402,50,00,@
META,2025-02-04T09:30:20.680000,180.40024300192303,200,00,@
META,2025-02-04T09:30:20.760000,180.39795446433277,10,00,@
META,2025-02-04T09:30:20.780000,180.39698939944796,100,00,@
META,2025-02-04T09:30:21.580000,180.39539152225322,50,00,@
META,2025-02-04T09:30:21.600000,180.39024278091645,100,00,@
META,2025-02-04T09:30:21.620000,180.38328848463038,200,00,@
META,2025-02-04T09:30:21.820000,180.37403015020058,400,00,@
META,2025-02-04T09:30:21.900000,180.3698034114403,100,00,@
META,2025-02-04T09:30:21.980000,180.36932001296069,10,00,@
META,2025-02-04T09:30:22.180000,180.37490789785286,50,00,@
META,2025-02-04T09:30:22.380000,180.37576185962058,50,00,@
META,2025-02-04T09:30:22.460000,180.37866040932255,50,00,@
META,2025-02-04T09:30:22.480000,180.38255789041943,200,00,@
META,2025-02-04T09:30:22.680000,180.38340372889047,200,00,@
META,2025-02-04T09:30:22.880000,180.38860191774404,100,00,@
META,2025-02-04T09:30:22.900000,180.39237632085036,50,00,@
META,2025-02-04T09:30:22.920000,180.39674857615722,400,00,@
META,2025-02-04T09:30:23,180.39550707336562,50,00,@
META,2025-02-04T09:30:23.200000,180.3968213362796,200,00,@
META,2025-02-04T09:30:23.280000,180.40060799046154,100,00,@
META,2025-02-04T09:30:23.360000,180.39925447527585,50,00,@
META,2025-02-04T09:30:23.560000,180.39767891770745,50,00,@
META,2025-02-04T09:30:24.360000,180.396671887369,50,00,@
META,2025-02-04T09:30:25.160000,180.3929231781384,50,00,@
META,2025-02-04T09:30:25.240000,180.38828442903664,200,00,@
META,2025-02-04T09:30:25.320000,180.38176067204057,100,00,@
META,2025-02-04T09:30:25.400000,180.37880836462313,10,00,@
META,2025-02-04T09:30:25.480000,180.3760498416053,50,00,@
META,2025-02-04T09:30:25.560000,180.37209620471967,10,00,@
META,2025-02-04T09:30:25.640000,180.3694198376423,10,00,@
META,2025-02-04T09:30:25.720000,180.3687849894482,10,00,@
META,2025-02-04T09:30:25.740000,180.37227744711493,200,00,@
META,2025-02-04T09:30:26.540000,180.36947212563493,10,00,@
META,2025-02-04T09:30:26.620000,180.3679545055889,200,00,@
META,2025-02-04T09:30:26.640000,180.37362125764017,100,00,@
META,2025-02-04T09:30:26.840000,180.3795518678188,200,00,@
META,2025-02-04T09:30:27.040000,180.38788447930642,200,00,@
META,2025-02-04T09:30:27.840000,180.39608087641676,400,00,@
META,2025-02-04T09:30:28.640000,180.40309219261854,400,00,@
META,2025-02-04T09:30:28.720000,180.41202232857356,200,00,@
META,2025-02-04T09:30:28.800000,180.41853401328942,20,00,@
META,2025-02-04T09:30:28.880000,180.4271789888577,200,00,@
META,2025-02-04T09:30:28.900000,180.43739480052045,100,00,@
META,2025-02-04T09:30:29.100000,180.44844314862522,200,00,@
META,2025-02-04T09:30:29.300000,180.45901885482172,100,00,@
META,2025-02-04T09:30:30.100000,180.46685901053496,400,00,@
META,2025-02-04T09:30:30.180000,180.47388956363008,200,00,@
META,2025-02-04T09:30:30.260000,180.47957048081915,200,00,@
META,2025-02-04T09:30:30.460000,180.48243724151246,200,00,@
META,2025-02-04T09:30:30.660000,180.48407425210738,100,00,@
META,2025-02-04T09:30:31.460000,180.48672100755212,10,00,@
META,2025-02-04T09:30:32.260000,180.48397164492687,50,00,@
META,2025-02-05T09:30:00.080000,180.00000661025146,100,00,@
META,2025-02-05T09:30:00.280000,180.00411469345917,50,00,@
META,2025-02-05T09:30:00.480000,180.00706602561337,100,00,@
META,2025-02-05T09:30:00.680000,180.0089978019217,50,00,@
META,2025-02-05T09:30:00.700000,180.00595521868198,10,00,@
META,2025-02-05T09:30:01.500000,180.00367026868915,200,00,@
META,2025-02-05T09:30:01.580000,180.00054583609142,50,00,@
META,2025-02-05T09:30:01.660000,179.99313272219334,200,00,@
META,2025-02-05T09:30:01.860000,179.98572126254842,400,00,@
META,2025-02-05T09:30:01.880000,179.97791127514859,400,00,@
META,2025-02-05T09:30:02.680000,179.96698158121484,400,00,@
META,2025-02-05T09:30:02.880000,179.95823216140548,200,00,@
META,2025-02-05T09:30:02.900000,179.95005030786945,20,00,@
META,2025-02-05T09:30:03.100000,179.94647210076351,100,00,@
META,2025-02-05T09:30:03.900000,179.93822582188304,400,00,@
META,2025-02-05T09:30:04.700000,179.92907215828097,200,00,@
META,2025-02-05T09:30:04.780000,179.92793410580407,10,00,@
META,2025-02-05T09:30:04.860000,179.91849173773844,200,00,@
META,2025-02-05T09:30:05.060000,179.90647966495243,200,00,@
META,2025-02-05T09:30:05.140000,179.890797833627,400,00,@
META,2025-02-05T09:30:05.160000,179.87645428924307,400,00,@
META,2025-02-05T09:30:05.360000,179.86473501082955,400,00,@
META,2025-02-05T09:30:05.380000,179.85921032892023,200,00,@
META,2025-02-05T09:30:05.580000,179.85275462891695,100,00,@
META,2025-02-05T09:30:05.780000,179.84668781302688,400,00,@
META,2025-02-05T09:30:05.980000,179.8415730236007,200,00,@
META,2025-02-05T09:30:06,179.83356532643822,50,00,@
META,2025-02-05T09:30:06.020000,179.82923642603114,100,00,@
META,2025-02-05T09:30:06.040000,179.8215293204838,100,00,@
META,2025-02-05T09:30:06.120000,179.8112365155311,100,00,@
META,2025-02-05T09:30:06.920000,179.80418091974295,100,00,@
META,2025-02-05T09:30:07,179.7953768272334,20,00,@
META,2025-02-05T09:30:07.020000,179.7901638243069,100,00,@
META,2025-02-05T09:30:07.100000,179.78881634723496,10,00,@
META,2025-02-05T09:30:07.300000,179.7854892463891,100,00,@
META,2025-02-05T09:30:07.320000,179.78382731433163,100,00,@
META,2025-02-05T09:30:07.520000,179.78141057168727,200,00,@
META,2025-02-05T09:30:07.720000,179.78221096428828,50,00,@
META,2025-02-05T09:30:07.920000,179.78309064612378,200,00,@
META,2025-02-05T09:30:07.940000,179.7861462157813,200,00,@
META,2025-02-05T09:30:07.960000,179.78824540537792,50,00,@
META,2025-02-05T09:30:08.760000,179.7920766550845,10,00,@
META,2025-02-05T09:30:08.960000,179.7899672100311,10,00,@
META,2025-02-05T09:30:08.980000,179.78942587278527,100,00,@
META,2025-02-05T09:30:09.060000,179.79009160056225,200,00,@
META,2025-02-05T09:30:09.140000,179.7890841908744,50,00,@
META,2025-02-05T09:30:09.340000,179.78888639227628,200,00,@
META,2025-02-05T09:30:09.360000,179.7894061511308,200,00,@
META,2025-02-05T09:30:09.440000,179.79394032385784,50,00,@
META,2025-02-05T09:30:10.240000,179.80499652766224,400,00,@
META,2025-02-05T09:30:10.260000,179.81389469860702,400,00,@
META,2025-02-05T09:30:10.340000,179.8215289128141,200,00,@
META,2025-02-05T09:30:10.540000,179.82333230133622,50,00,@
META,2025-02-05T09:30:10.560000,179.82852013139308,200,00,@
META,2025-02-05T09:30:10.760000,179.83750110402758,200,00,@
META,2025-02-05T09:30:11.560000,179.8423536702209,100,00,@
META,2025-02-05T09:30:11.760000,179.84709601931658,200,00,@
META,2025-02-05T09:30:12.560000,179.85167869618442,200,00,@
META,2025-02-05T09:30:13.360000,179.8499487941076,10,00,@
META,2025-02-05T09:30:13.560000,179.8504352051535,50,00,@
META,2025-02-05T09:30:13.580000,179.85492784464537,400,00,@
META,2025-02-05T09:30:13.660000,179.8573526787586,10,00,@
META,2025-02-05T09:30:14.460000,179.86214357899996,200,00,@
META,2025-02-05T09:30:15.260000,179.87291519828946,400,00,@
META,2025-02-05T09:30:15.280000,179.8790023385422,400,00,@
META,2025-02-05T09:30:15.300000,179.88141985871187,10,00,@
META,2025-02-05T09:30:15.320000,179.87794990752036,100,00,@
META,2025-02-05T09:30:15.340000,179.87773161639163,200,00,@
META,2025-02-05T09:30:15.420000,179.87432721321397,100,00,@
META,2025-02-05T09:30:15.440000,179.87265975610683,50,00,@
META,2025-02-05T09:30:16.240000,179.86993726622552,10,00,@
META,2025-02-05T09:30:16.260000,179.87188625806687,10,00,@
META,2025-02-05T09:30:16.340000,179.87321702751896,100,00,@
META,2025-02-05T09:30:16.420000,179.87264942306285,50,00,@
META,2025-02-05T09:30:16.440000,179.8695822754721,200,00,@
META,2025-02-05T09:30:17.240000,179.86315680749885,50,00,@
META,2025-02-05T09:30:17.440000,179.85947791689728,50,00,@
META,2025-02-05T09:30:17.460000,179.8536703367433,200,00,@
META,2025-02-05T09:30:18.260000,179.8510223031697,200,00,@
META,2025-02-05T09:30:18.460000,179.8467210460989,400,00,@
META,2025-02-05T09:30:19.260000,179.84006743620063,20,00,@
META,2025-02-05T09:30:19.280000,179.83666782373703,50,00,@
META,2025-02-05T09:30:19.480000,179.83380859557164,200,00,@
META,2025-02-05T09:30:19.560000,179.83313834624323,100,00,@
META,2025-02-05T09:30:20.360000,179.83348558369028,200,00,@
META,2025-02-05T09:30:20.380000,179.82883709736234,100,00,@
META,2025-02-05T09:30:20.400000,179.82599839559998,10,00,@
META,2025-02-05T09:30:20.480000,179.82470868822267,50,00,@
META,2025-02-05T09:30:21.280000,179.82190892230105,50,00,@
META,2025-02-05T09:30:21.480000,179.82547230481643,100,00,@
META,2025-02-05T09:30:21.500000,179.8283348120956,50,00,@
META,2025-02-05T09:30:21.520000,179.82988589587399,100,00,@
META,2025-02-05T09:30:21.600000,179.83677079730805,200,00,@
META,2025-02-05T09:30:21.800000,179.8388595153272,200,00,@
META,2025-02-05T09:30:22.600000,179.8412671139148,100,00,@
META,2025-02-05T09:30:22.680000,179.83914367227243,10,00,@
META,2025-02-05T09:30:23.480000,179.83060037258304,100,00,@
META,2025-02-05T09:30:23.680000,179.81829720987977,400,00,@
META,2025-02-05T09:30:24.480000,179.80805680942615,400,00,@
META,2025-02-05T09:30:24.680000,179.8051281099553,10,00,@
META,2025-02-05T09:30:24.760000,179.80225332875594,50,00,@
META,2025-02-05T09:30:24.960000,179.80457296132724,200,00,@
META,2025-02-05T09:30:25.040000,179.80937544733206,10,00,@
META,2025-02-05T09:30:25.240000,179.8086685725178,100,00,@
META,2025-02-05T09:30:25.440000,179.80884475157976,200,00,@
META,2025-02-05T09:30:25.640000,179.81331133930306,100,00,@
META,2025-02-05T09:30:25.720000,179.8121165950636,100,00,@
META,2025-02-05T09:30:25.800000,179.81092519295558,100,00,@
META,2025-02-05T09:30:25.820000,179.8100002543582,200,00,@
META,2025-02-05T09:30:26.620000,179.80178865016032,100,00,@
META,2025-02-05T09:30:26.820000,179.7970143635922,50,00,@
META,2025-02-05T09:30:26.900000,179.79813458142573,100,00,@
META,2025-02-05T09:30:26.980000,179.79557222080166,10,00,@
META,2025-02-05T09:30:27.180000,179.79428854196172,100,00,@
META,2025-02-05T09:30:27.980000,179.79260506586272,100,00,@
META,2025-02-05T09:30:28.180000,179.79476910631524,200,00,@
META,2025-02-05T09:30:28.200000,179.7976846740851,50,00,@
META,2025-02-05T09:30:29,179.79726031958853,200,00,@
META,2025-02-05T09:30:29.020000,179.79614234636895,50,00,@
META,2025-02-05T09:30:29.040000,179.79071430285026,50,00,@
META,2025-02-05T09:30:29.060000,179.7917674248311,10,00,@
META,2025-02-05T09:30:29.140000,179.78654025591203,50,00,@
META,2025-02-05T09:30:29.160000,179.78440212271,100,00,@
META,2025-02-05T09:30:29.960000,179.78349901446734,100,00,@
META,2025-02-05T09:30:30.040000,179.78408067026166,200,00,@
META,2025-02-05T09:30:30.060000,179.79121264872543,100,00,@
META,2025-02-05T09:30:30.080000,179.79659033694347,200,00,@
META,2025-02-05T09:30:30.160000,179.80771338796436,400,00,@
META,2025-02-06T09:30:00.800000,180.00270880742528,200,00,@
META,2025-02-06T09:30:00.820000,180.01055846632224,200,00,@
META,2025-02-06T09:30:01.020000,180.0133325574436,200,00,@
META,2025-02-06T09:30:01.100000,180.01888416484695,200,00,@
META,2025-02-06T09:30:01.300000,180.0249763866285,100,00,@
META,2025-02-06T09:30:02.100000,180.03575278121195,20,00,@
META,2025-02-06T09:30:02.180000,180.03802618366447,50,00,@
META,2025-02-06T09:30:02.260000,180.0414803911219,10,00,@
META,2025-02-06T09:30:02.340000,180.04338174381994,200,00,@
META,2025-02-06T09:30:03.140000,180.04852629134496,100,00,@
META,2025-02-06T09:30:03.220000,180.05213564052923,50,00,@
META,2025-02-06T09:30:03.420000,180.05557915723497,100,00,@
META,2025-02-06T09:30:04.220000,180.06205032662973,100,00,@
META,2025-02-06T09:30:05.020000,180.0659713180333,200,00,@
META,2025-02-06T09:30:05.040000,180.06862930268056,100,00,@
META,2025-02-06T09:30:05.060000,180.07269799770748,200,00,@
META,2025-02-06T09:30:05.140000,180.07801670813248,10,00,@
META,2025-02-06T09:30:05.160000,180.08105370212797,50,00,@
META,2025-02-06T09:30:05.360000,180.08380560379678,10,00,@
META,2025-02-06T09:30:06.160000,180.08983103166892,200,00,@
META,2025-02-06T09:30:06.960000,180.09857242330463,100,00,@
META,2025-02-06T09:30:07.760000,180.1031747106652,20,00,@
META,2025-02-06T09:30:07.780000,180.10601623076494,10,00,@
META,2025-02-06T09:30:07.980000,180.11528806234196,20,00,@
META,2025-02-06T09:30:08.060000,180.1185080187718,10,00,@
META,2025-02-06T09:30:08.860000,180.1227475538303,100,00,@
META,2025-02-06T09:30:08.940000,180.13027291144192,100,00,@
META,2025-02-06T09:30:09.740000,180.13535509149847,400,00,@
META,2025-02-06T09:30:10.540000,180.14079980492335,100,00,@
META,2025-02-06T09:30:11.340000,180.14539403034587,10,00,@
META,2025-02-06T09:30:11.540000,180.1472632525606,50,00,@
META,2025-02-06T09:30:11.620000,180.14478842924933,50,00,@
META,2025-02-06T09:30:12.420000,180.14258735336108,10,00,@
META,2025-02-06T09:30:12.500000,180.14154689702573,100,00,@
META,2025-02-06T09:30:12.520000,180.14657426552444,100,00,@
META,2025-02-06T09:30:13.320000,180.15139110799333,10,00,@
META,2025-02-06T09:30:13.340000,180.15959200145338,200,00,@
META,2025-02-06T09:30:13.540000,180.16535589975612,20,00,@
META,2025-02-06T09:30:14.340000,180.17313616268456,200,00,@
META,2025-02-06T09:30:14.360000,180.1770155049727,10,00,@
META,2025-02-06T09:30:14.560000,180.18312962959183,100,00,@
META,2025-02-06T09:30:14.640000,180.19201311848542,100,00,@
META,2025-02-06T09:30:14.720000,180.19758850926303,10,00,@
META,2025-02-06T09:30:14.740000,180.20301916787943,100,00,@
META,2025-02-06T09:30:14.760000,180.2055777992921,10,00,@
META,2025-02-06T09:30:14.960000,180.20574616926788,10,00,@
META,2025-02-06T09:30:15.760000,180.20532194401807,200,00,@
META,2025-02-06T09:30:16.560000,180.2070444757562,200,00,@
META,2025-02-06T09:30:16.760000,180.20480327006186,200,00,@
META,2025-02-06T09:30:16.840000,180.20625515481598,50,00,@
META,2025-02-06T09:30:17.640000,180.20076609670107,100,00,@
META,2025-02-06T09:30:17.660000,180.19779343844937,100,00,@
META,2025-02-06T09:30:17.740000,180.19813331816928,50,00,@
META,2025-02-06T09:30:18.540000,180.1988002793851,50,00,@
META,2025-02-06T09:30:18.560000,180.19831756607158,200,00,@
META,2025-02-06T09:30:18.640000,180.19604748412132,50,00,@
META,2025-02-06T09:30:18.720000,180.19509838702538,100,00,@
META,2025-02-06T09:30:18.740000,180.19558456391226,10,00,@
META,2025-02-06T09:30:18.820000,180.19566545345552,10,00,@
META,2025-02-06T09:30:18.900000,180.19501663541442,50,00,@
META,2025-02-06T09:30:19.700000,180.19991844460702,10,00,@
META,2025-02-06T09:30:19.720000,180.2080198194155,400,00,@
META,2025-02-06T09:30:19.920000,180.22201163852614,20,00,@
META,2025-02-06T09:30:19.940000,180.23080668020359,100,00,@
META,2025-02-06T09:30:20.740000,180.24124857901882,20,00,@
META,2025-02-06T09:30:20.760000,180.24794551786533,400,00,@
META,2025-02-06T09:30:20.960000,180.25660670332863,100,00,@
META,2025-02-06T09:30:20.980000,180.26639333109281,100,00,@
META,2025-02-06T09:30:21.060000,180.27085783303343,100,00,@
META,2025-02-06T09:30:21.860000,180.27394286227312,50,00,@
META,2025-02-06T09:30:21.940000,180.27500580065615,200,00,@
META,2025-02-06T09:30:22.140000,180.27702986241562,200,00,@
META,2025-02-06T09:30:22.160000,180.27181555965177,50,00,@
META,2025-02-06T09:30:22.960000,180.26524352982557,20,00,@
META,2025-02-06T09:30:23.160000,180.26173593933774,10,00,@
META,2025-02-06T09:30:23.180000,180.25717190331667,100,00,@
META,2025-02-06T09:30:23.980000,180.2575195056373,10,00,@
META,2025-02-06T09:30:24,180.2555164632554,50,00,@
META,2025-02-06T09:30:24.200000,180.25634447011691,50,00,@
META,2025-02-06T09:30:24.400000,180.25308651587167,50,00,@
META,2025-02-06T09:30:24.420000,180.2520814928327,10,00,@
META,2025-02-06T09:30:24.500000,180.2564713206813,200,00,@
META,2025-02-06T09:30:24.700000,180.25771737889093,200,00,@
META,2025-02-06T09:30:24.900000,180.26359077464986,400,00,@
META,2025-02-06T09:30:24.980000,180.27370250517586,20,00,@
META,2025-02-06T09:30:25.180000,180.28054217227552,400,00,@
META,2025-02-06T09:30:25.200000,180.2884370434508,20,00,@
META,2025-02-06T09:30:25.400000,180.29122708001526,200,00,@
META,2025-02-06T09:30:25.480000,180.29202758187776,50,00,@
META,2025-02-06T09:30:25.500000,180.29379352815803,200,00,@
META,2025-02-06T09:30:25.520000,180.2967922730689,10,00,@
META,2025-02-06T09:30:26.320000,180.29710526106155,200,00,@
META,2025-02-06T09:30:26.340000,180.2969055519824,100,00,@
META,2025-02-06T09:30:26.540000,180.30035375173665,100,00,@
META,2025-02-06T09:30:26.740000,180.29858268815883,100,00,@
META,2025-02-06T09:30:26.820000,180.29086077295432,100,00,@
META,2025-02-06T09:30:26.900000,180.29019686728554,100,00,@
META,2025-02-06T09:30:27.100000,180.28839411328877,50,00,@
META,2025-02-06T09:30:27.180000,180.28521812023482,200,00,@
META,2025-02-06T09:30:27.260000,180.29434448735168,200,00,@
META,2025-02-06T09:30:27.340000,180.30174790244996,200,00,@
META,2025-02-06T09:30:28.140000,180.3092868649999,200,00,@
META,2025-02-06T09:30:28.340000,180.31618418978266,400,00,@
META,2025-02-06T09:30:29.140000,180.32457293930307,100,00,@
META,2025-02-06T09:30:29.220000,180.33469637307675,400,00,@
META,2025-02-06T09:30:29.240000,180.3422555062199,400,00,@
META,2025-02-06T09:30:30.040000,180.34796239590162,100,00,@
META,2025-02-06T09:30:30.240000,180.35038346761274,100,00,@
META,2025-02-06T09:30:31.040000,180.35441170786225,200,00,@
META,2025-02-06T09:30:31.060000,180.36044198568317,100,00,@
META,2025-02-06T09:30:31.860000,180.3648100382215,50,00,@
META,2025-02-06T09:30:32.060000,180.36549216236702,10,00,@
META,2025-02-06T09:30:32.140000,180.35982348755164,100,00,@
META,2025-02-06T09:30:32.220000,180.3557862823839,400,00,@
META,2025-02-06T09:30:33.020000,180.34587402334154,400,00,@
META,2025-02-06T09:30:33.100000,180.3410262728373,400,00,@
META,2025-02-06T09:30:33.900000,180.33713504482952,100,00,@
META,2025-02-06T09:30:34.100000,180.33831886053682,50,00,@
META,2025-02-06T09:30:34.300000,180.34563808852454,100,00,@
META,2025-02-06T09:30:35.100000,180.35603144031947,100,00,@
META,2025-02-06T09:30:35.180000,180.36040897365262,20,00,@
META,2025-02-06T09:30:35.980000,180.3674625527487,20,00,@
META,2025-02-06T09:30:36,180.36566895400304,10,00,@
META,2025-02-06T09:30:36.200000,180.36260508011844,10,00,@
META,2025-02-06T09:30:37,180.36447735790802,10,00,@
META,2025-02-06T09:30:37.080000,180.36476429274035,200,00,@
META,2025-02-06T09:30:37.100000,180.36095349019305,10,00,@
META,2025-02-06T09:30:37.900000,180.36109590450823,50,00,@
META,2025-02-07T09:30:00.080000,180.00093197069447,200,00,@
META,2025-02-07T09:30:00.880000,180.00515448541347,200,00,@
META,2025-02-07T09:30:01.680000,180.01166440111882,200,00,@
META,2025-02-07T09:30:01.880000,180.01417501722193,50,00,@
META,2025-02-07T09:30:02.080000,180.01641576994808,200,00,@
META,2025-02-07T09:30:02.880000,180.01683396334576,10,00,@
META,2025-02-07T09:30:02.960000,180.01452883826656,10,00,@
META,2025-02-07T09:30:03.760000,180.0138541997239,10,00,@
META,2025-02-07T09:30:03.780000,180.01257234088595,100,00,@
META,2025-02-07T09:30:03.800000,180.01012486641943,200,00,@
META,2025-02-07T09:30:03.820000,180.01355737068414,100,00,@
META,2025-02-07T09:30:03.900000,180.01466153833377,50,00,@
META,2025-02-07T09:30:03.920000,180.0227624789195,400,00,@
META,2025-02-07T09:30:03.940000,180.03290422920682,20,00,@
META,2025-02-07T09:30:04.020000,180.04315557153933,200,00,@
META,2025-02-07T09:30:04.040000,180.04954080108678,20,00,@
META,2025-02-07T09:30:04.120000,180.05838986507032,200,00,@
META,2025-02-07T09:30:04.200000,180.06735863833242,400,00,@
META,2025-02-07T09:30:04.280000,180.07338842675713,10,00,@
META,2025-02-07T09:30:04.480000,180.07663045468152,50,00,@
META,2025-02-07T09:30:04.680000,180.07584721720514,200,00,@
META,2025-02-07T09:30:04.760000,180.07760936292402,50,00,@
META,2025-02-07T09:30:04.960000,180.08359760070246,50,00,@
META,2025-02-07T09:30:05.040000,180.08603881706168,10,00,@
META,2025-02-07T09:30:05.840000,180.09037484942604,200,00,@
META,2025-02-07T09:30:06.640000,180.0935421151318,50,00,@
META,2025-02-07T09:30:07.440000,180.0978152985243,100,00,@
META,2025-02-07T09:30:07.640000,180.10331029221055,200,00,@
META,2025-02-07T09:30:07.660000,180.10649256809654,100,00,@
META,2025-02-07T09:30:07.860000,180.11175382209947,10,00,@
META,2025-02-07T09:30:08.660000,180.11335829009548,100,00,@
META,2025-02-07T09:30:08.740000,180.11128842999895,10,00,@
META,2025-02-07T09:30:09.540000,180.11634550272865,50,00,@
META,2025-02-07T09:30:09.620000,180.11996803678565,200,00,@
META,2025-02-07T09:30:09.820000,180.12544263996375,100,00,@
META,2025-02-07T09:30:09.900000,180.12756973732655,50,00,@
META,2025-02-07T09:30:09.920000,180.13255144957677,100,00,@
META,2025-02-07T09:30:10.120000,180.13791743841261,10,00,@
META,2025-02-07T09:30:10.200000,180.14591491643338,400,00,@
META,2025-02-07T09:30:10.280000,180.1564016719033,100,00,@
META,2025-02-07T09:30:11.080000,180.16637470440662,20,00,@
META,2025-02-07T09:30:11.160000,180.17774523300187,400,00,@
META,2025-02-07T09:30:11.360000,180.18914656631262,100,00,@
META,2025-02-07T09:30:11.440000,180.20155392885434,100,00,@
META,2025-02-07T09:30:11.520000,180.21466340375872,100,00,@
META,2025-02-07T09:30:11.720000,180.2242511789945,400,00,@
META,2025-02-07T09:30:12.520000,180.22921292958273,400,00,@
META,2025-02-07T09:30:13.320000,180.2372415284252,10,00,@
META,2025-02-07T09:30:13.520000,180.24627904966164,20,00,@
META,2025-02-07T09:30:13.720000,180.25507158002105,400,00,@
META,2025-02-07T09:30:14.520000,180.26516730503624,400,00,@
META,2025-02-07T09:30:14.600000,180.27032671387812,10,00,@
META,2025-02-07T09:30:15.400000,180.27551114793394,50,00,@
META,2025-02-07T09:30:16.200000,180.281943308481,200,00,@
META,2025-02-07T09:30:16.220000,180.29196948251106,200,00,@
META,2025-02-07T09:30:16.240000,180.30197061135385,200,00,@
META,2025-02-07T09:30:16.440000,180.30708741416743,10,00,@
META,2025-02-07T09:30:16.460000,180.31197126567903,200,00,@
META,2025-02-07T09:30:16.540000,180.31484614159888,100,00,@
META,2025-02-07T09:30:16.620000,180.31285671292576,10,00,@
META,2025-02-07T09:30:16.640000,180.31469005494418,100,00,@
META,2025-02-07T09:30:16.660000,180.31583658056613,10,00,@
META,2025-02-07T09:30:17.460000,180.32041841933733,100,00,@
META,2025-02-07T09:30:17.540000,180.32502843827476,400,00,@
META,2025-02-07T09:30:17.740000,180.3314004240141,200,00,@
META,2025-02-07T09:30:18.540000,180.3325181352231,200,00,@
META,2025-02-07T09:30:18.620000,180.33524434887738,50,00,@
META,2025-02-07T09:30:19.420000,180.34208406733595,200,00,@
META,2025-02-07T09:30:19.500000,180.34716672625902,10,00,@
META,2025-02-07T09:30:19.520000,180.346254278719,200,00,@
META,2025-02-07T09:30:19.540000,180.35164327571033,200,00,@
META,2025-02-07T09:30:19.620000,180.35588713308712,100,00,@
META,2025-02-07T09:30:19.700000,180.36400069432415,400,00,@
META,2025-02-07T09:30:20.500000,180.36693585326225,10,00,@
META,2025-02-07T09:30:21.300000,180.37277478367872,10,00,@
META,2025-02-07T09:30:21.500000,180.37604175493055,10,00,@
META,2025-02-07T09:30:21.580000,180.37592460176296,50,00,@
META,2025-02-07T09:30:21.780000,180.37234869313792,10,00,@
META,2025-02-07T09:30:21.860000,180.37297791851762,50,00,@
META,2025-02-07T09:30:22.660000,180.37220894299645,200,00,@
META,2025-02-07T09:30:23.460000,180.37236169295664,100,00,@
META,2025-02-07T09:30:24.260000,180.37701762408537,200,00,@
META,2025-02-07T09:30:25.060000,180.3731823082833,100,00,@
META,2025-02-07T09:30:25.860000,180.36636946020784,100,00,@
META,2025-02-07T09:30:25.940000,180.35789641229252,20,00,@
META,2025-02-07T09:30:25.960000,180.35464840704097,50,00,@
META,2025-02-07T09:30:26.160000,180.35471981948047,100,00,@
META,2025-02-07T09:30:26.180000,180.3499898655621,100,00,@
META,2025-02-07T09:30:26.380000,180.34445875653702,100,00,@
META,2025-02-07T09:30:26.580000,180.344291578965,50,00,@
META,2025-02-07T09:30:26.600000,180.34626487123342,10,00,@
META,2025-02-07T09:30:27.400000,180.34633403658523,50,00,@
META,2025-02-07T09:30:27.420000,180.3473366325543,200,00,@
META,2025-02-07T09:30:28.220000,180.3402767436657,400,00,@
META,2025-02-07T09:30:28.300000,180.33614923098816,20,00,@
META,2025-02-07T09:30:28.380000,180.32834838282872,400,00,@
META,2025-02-07T09:30:28.400000,180.32413422854705,200,00,@
META,2025-02-07T09:30:28.600000,180.3227224908062,200,00,@
META,2025-02-07T09:30:28.620000,180.32080080348945,50,00,@
META,2025-02-07T09:30:28.640000,180.31772835141425,200,00,@
META,2025-02-07T09:30:28.720000,180.31497508093685,200,00,@
META,2025-02-07T09:30:29.520000,180.31723092672965,200,00,@
META,2025-02-07T09:30:29.540000,180.31038261905223,200,00,@
META,2025-02-07T09:30:29.560000,180.30346270122647,10,00,@
META,2025-02-07T09:30:29.580000,180.29849408105287,50,00,@
META,2025-02-07T09:30:29.780000,180.2937485034409,50,00,@
META,2025-02-07T09:30:29.800000,180.29051669497773,200,00,@
META,2025-02-07T09:30:29.880000,180.2807980005574,100,00,@
META,2025-02-07T09:30:29.900000,180.2706903261014,200,00,@
META,2025-02-07T09:30:29.920000,180.2601983639803,200,00,@
META,2025-02-07T09:30:29.940000,180.25274089241415,20,00,@
META,2025-02-07T09:30:30.740000,180.24543260825283,10,00,@
META,2025-02-07T09:30:30.820000,180.2421652709999,100,00,@
META,2025-02-07T09:30:31.020000,180.24007783252762,200,00,@
META,2025-02-07T09:30:31.100000,180.24223072957776,50,00,@
META,2025-02-07T09:30:31.900000,180.24063189615904,200,00,@
META,2025-02-07T09:30:32.100000,180.2404111420702,50,00,@
META,2025-02-07T09:30:32.300000,180.243601468156,200,00,@
META,2025-02-07T09:30:32.500000,180.24421541068938,200,00,@
META,2025-02-07T09:30:32.520000,180.2418524837655,10,00,@
META,2025-02-07T09:30:32.600000,180.24143463788184,100,00,@
META,2025-02-07T09:30:33.400000,180.23716298176547,50,00,@
META,2025-02-07T09:30:33.480000,180.23608768712364,50,00,@
META,2025-02-07T09:30:33.500000,180.23330239890763,10,00,@
META,2025-02-07T09:30:34.300000,180.23377879026748,10,00,@
META,2025-02-07T09:30:34.500000,180.2323559087973,10,00,@
META,2025-02-07T09:30:34.700000,180.2312580412391,200,00,@
META,2025-02-07T09:30:35.500000,180.231935600453,200,00,@
META,2025-02-10T09:30:00.200000,179.99897658777545,100,00,@
META,2025-02-10T09:30:00.220000,179.99897265637864,100,00,@
META,2025-02-10T09:30:00.420000,179.9964024823295,10,00,@
META,2025-02-10T09:30:00.500000,179.99710346231677,200,00,@
META,2025-02-10T09:30:01.300000,179.99783157806849,50,00,@
META,2025-02-10T09:30:01.500000,179.99805696377197,10,00,@
META,2025-02-10T09:30:01.580000,179.99981515986272,50,00,@
META,2025-02-10T09:30:01.660000,180.00308417578916,50,00,@
META,2025-02-10T09:30:02.460000,180.00072508506662,10,00,@
META,2025-02-10T09:30:03.260000,179.99761311664412,50,00,@
META,2025-02-10T09:30:03.280000,179.9944570532458,200,00,@
META,2025-02-10T09:30:03.360000,179.98720926746452,100,00,@
META,2025-02-10T09:30:04.160000,179.98066257913467,100,00,@
META,2025-02-10T09:30:04.960000,179.97874709386576,200,00,@
META,2025-02-10T09:30:04.980000,179.9777666713938,10,00,@
META,2025-02-10T09:30:05.180000,179.9787366398876,10,00,@
META,2025-02-10T09:30:05.200000,179.97806436261016,200,00,@
META,2025-02-10T09:30:05.280000,179.98185718259091,50,00,@
META,2025-02-10T09:30:06.080000,179.98161141774366,100,00,@
META,2025-02-10T09:30:06.280000,179.98244581433678,200,00,@
META,2025-02-10T09:30:06.480000,179.9804349999719,200,00,@
META,2025-02-10T09:30:06.560000,179.97866064401862,200,00,@
META,2025-02-10T09:30:06.580000,179.98046336722797,50,00,@
META,2025-02-10T09:30:06.660000,179.98070418849005,50,00,@
META,2025-02-10T09:30:06.680000,179.98197924979914,50,00,@
META,2025-02-10T09:30:06.700000,179.97771233785065,100,00,@
META,2025-02-10T09:30:06.780000,179.97108857447114,100,00,@
META,2025-02-10T09:30:06.980000,179.96739532761737,10,00,@
META,2025-02-10T09:30:07.060000,179.9625013035521,200,00,@
META,2025-02-10T09:30:07.260000,179.95964080974412,10,00,@
META,2025-02-10T09:30:08.060000,179.95483191461756,200,00,@
META,2025-02-10T09:30:08.140000,179.95764681890503,50,00,@
META,2025-02-10T09:30:08.220000,179.95705334296693,10,00,@
META,2025-02-10T09:30:08.240000,179.95652304373417,10,00,@
META,2025-02-10T09:30:08.320000,179.95242238369244,10,00,@
META,2025-02-10T09:30:08.340000,179.94582120790253,200,00,@
META,2025-02-10T09:30:08.360000,179.94590423897867,10,00,@
META,2025-02-10T09:30:08.560000,179.93776956975952,100,00,@
META,2025-02-10T09:30:08.760000,179.93483781762103,10,00,@
META,2025-02-10T09:30:08.960000,179.9285869750341,200,00,@
META,2025-02-10T09:30:09.760000,179.92967572228355,10,00,@
META,2025-02-10T09:30:09.780000,179.93364572616042,10,00,@
META,2025-02-10T09:30:09.980000,179.93748483211323,100,00,@
META,2025-02-10T09:30:10.180000,179.9404715319554,50,00,@
META,2025-02-10T09:30:10.980000,179.9439840652384,200,00,@
META,2025-02-10T09:30:11.780000,179.94373928801363,50,00,@
META,2025-02-10T09:30:12.580000,179.9455102094129,10,00,@
META,2025-02-10T09:30:12.780000,179.94274304604545,10,00,@
META,2025-02-10T09:30:12.860000,179.93989232589792,100,00,@
META,2025-02-10T09:30:13.660000,179.94001043398828,200,00,@
META,2025-02-10T09:30:14.460000,179.94043009454458,50,00,@
META,2025-02-10T09:30:14.660000,179.9384597514394,200,00,@
META,2025-02-10T09:30:14.860000,179.94124434243562,10,00,@
META,2025-02-10T09:30:15.660000,179.94389739556445,10,00,@
META,2025-02-10T09:30:15.860000,179.95270512946374,200,00,@
META,2025-02-10T09:30:15.880000,179.95651468016817,10,00,@
META,2025-02-10T09:30:15.960000,179.95692415052372,10,00,@
META,2025-02-10T09:30:16.040000,179.9586602167279,50,00,@
META,2025-02-10T09:30:16.120000,179.95689870564442,10,00,@
META,2025-02-10T09:30:16.200000,179.9543321846617,20,00,@
META,2025-02-10T09:30:16.220000,179.94569721524542,100,00,@
META,2025-02-10T09:30:16.240000,179.9391232105255,400,00,@
META,2025-02-10T09:30:16.320000,179.93469369808778,200,00,@
META,2025-02-10T09:30:16.520000,179.93095922821414,50,00,@
META,2025-02-10T09:30:17.320000,179.92593819253327,200,00,@
META,2025-02-10T09:30:17.340000,179.92240885575575,10,00,@
META,2025-02-10T09:30:17.360000,179.9185417673064,400,00,@
META,2025-02-10T09:30:17.440000,179.91837485031436,200,00,@
META,2025-02-10T09:30:17.640000,179.9186024725542,50,00,@
META,2025-02-10T09:30:17.840000,179.92086476346137,100,00,@
META,2025-02-10T09:30:17.920000,179.91988223829873,50,00,@
META,2025-02-10T09:30:18,179.92064516204698,100,00,@
META,2025-02-10T09:30:18.020000,179.92354692564757,200,00,@
META,2025-02-10T09:30:18.820000,179.92573179608664,100,00,@
META,2025-02-10T09:30:18.900000,179.93105248104825,20,00,@
META,2025-02-10T09:30:19.700000,179.93533453579005,10,00,@
META,2025-02-10T09:30:19.900000,179.93940736677965,100,00,@
META,2025-02-10T09:30:20.700000,179.94823480535965,100,00,@
META,2025-02-10T09:30:20.900000,179.95886555102805,100,00,@
META,2025-02-10T09:30:21.700000,179.96783813879648,20,00,@
META,2025-02-10T09:30:21.780000,179.97959246328244,20,00,@
META,2025-02-10T09:30:21.860000,179.99725468956973,100,00,@
META,2025-02-10T09:30:22.660000,180.0136490015207,200,00,@
META,2025-02-10T09:30:22.680000,180.02686779201386,400,00,@
META,2025-02-10T09:30:22.880000,180.03571852879327,400,00,@
META,2025-02-10T09:30:22.900000,180.04257441719858,200,00,@
META,2025-02-10T09:30:23.700000,180.05159538505507,100,00,@
META,2025-02-10T09:30:23.780000,180.0579213905703,400,00,@
META,2025-02-10T09:30:23.800000,180.06940814354786,400,00,@
META,2025-02-10T09:30:24.600000,180.07767051566873,20,00,@
META,2025-02-10T09:30:24.800000,180.085265585789,200,00,@
META,2025-02-10T09:30:24.820000,180.0920597186338,200,00,@
META,2025-02-10T09:30:24.900000,180.0962583223837,20,00,@
META,2025-02-10T09:30:24.920000,180.09777854276936,50,00,@
META,2025-02-10T09:30:24.940000,180.10294149962286,100,00,@
META,2025-02-10T09:30:24.960000,180.1035567900881,100,00,@
META,2025-02-10T09:30:25.160000,180.10493256938074,50,00,@
META,2025-02-10T09:30:25.180000,180.10606931262524,50,00,@
META,2025-02-10T09:30:25.380000,180.10793092715423,10,00,@
META,2025-02-10T09:30:25.580000,180.10515473377998,10,00,@
META,2025-02-10T09:30:25.600000,180.10571995122555,200,00,@
META,2025-02-10T09:30:25.620000,180.10529785273857,10,00,@
META,2025-02-10T09:30:25.640000,180.10552341659957,100,00,@
META,2025-02-10T09:30:25.660000,180.10527900738404,10,00,@
META,2025-02-10T09:30:25.680000,180.10276427372796,200,00,@
META,2025-02-10T09:30:25.700000,180.09717824780307,200,00,@
META,2025-02-10T09:30:26.500000,180.0899916521903,20,00,@
META,2025-02-10T09:30:26.580000,180.08277451932807,200,00,@
META,2025-02-10T09:30:27.380000,180.07494255651216,400,00,@
META,2025-02-10T09:30:27.400000,180.0617502857736,200,00,@
META,2025-02-10T09:30:27.480000,180.04997670908915,100,00,@
META,2025-02-10T09:30:27.560000,180.03928020903197,100,00,@
META,2025-02-10T09:30:27.580000,180.0247754285299,20,00,@
META,2025-02-10T09:30:28.380000,180.01435760335,200,00,@
META,2025-02-10T09:30:28.460000,180.005444556541,20,00,@
META,2025-02-10T09:30:28.660000,180.00050877617625,20,00,@
META,2025-02-10T09:30:29.460000,179.9924753906217,200,00,@
META,2025-02-10T09:30:30.260000,179.98060491556123,100,00,@
META,2025-02-10T09:30:30.340000,179.9735802704148,20,00,@
META,2025-02-10T09:30:30.360000,179.96725914569544,50,00,@
META,2025-02-10T09:30:30.440000,179.96570867026395,50,00,@
META,2025-02-10T09:30:30.520000,179.9709860104259,400,00,@
META,2025-02-10T09:30:31.320000,179.96932369895342,50,00,@
META,2025-02-10T09:30:31.400000,179.96083686961788,100,00,@
META,2025-02-10T09:30:31.600000,179.9605270117928,200,00,@
META,2025-02-10T09:30:31.680000,179.95774613794717,200,00,@
META,2025-02-10T09:30:31.700000,179.9574091512503,200,00,@
META,2025-02-10T09:30:32.500000,179.95702213608948,10,00,@
META,2025-02-11T09:30:00.020000,180.00298840849555,10,00,@
META,2025-02-11T09:30:00.100000,180.0053387381909,50,00,@
META,2025-02-11T09:30:00.300000,180.00284830198902,10,00,@
META,2025-02-11T09:30:00.320000,180.0058706775456,10,00,@
META,2025-02-11T09:30:00.400000,179.99852809414566,200,00,@
META,2025-02-11T09:30:00.420000,179.9924059722992,50,00,@
META,2025-02-11T09:30:00.500000,179.9849879314263,200,00,@
META,2025-02-11T09:30:00.580000,179.9788168843081,50,00,@
META,2025-02-11T09:30:00.660000,179.97813044688974,50,00,@
META,2025-02-11T09:30:00.740000,179.97270212102612,200,00,@
META,2025-02-11T09:30:00.760000,179.97029346921258,100,00,@
META,2025-02-11T09:30:00.840000,179.96893215590728,100,00,@
META,2025-02-11T09:30:01.040000,179.9634037357592,200,00,@
META,2025-02-11T09:30:01.240000,179.95791332234262,20,00,@
META,2025-02-11T09:30:01.320000,179.95527546300735,50,00,@
META,2025-02-11T09:30:01.520000,179.95208315787727,50,00,@
META,2025-02-11T09:30:01.720000,179.95275385566364,50,00,@
META,2025-02-11T09:30:02.520000,179.9535666213523,200,00,@
META,2025-02-11T09:30:03.320000,179.951079403938,50,00,@
META,2025-02-11T09:30:03.520000,179.94517387017586,10,00,@
META,2025-02-11T09:30:03.540000,179.94211120435864,10,00,@
META,2025-02-11T09:30:03.740000,179.9371753314439,50,00,@
META,2025-02-11T09:30:03.940000,179.92755038621647,100,00,@
META,2025-02-11T09:30:03.960000,179.91994214064547,50,00,@
META,2025-02-11T09:30:04.160000,179.92106158264937,200,00,@
META,2025-02-11T09:30:04.360000,179.91969192821168,50,00,@
META,2025-02-11T09:30:05.160000,179.91781265903714,50,00,@
META,2025-02-11T09:30:05.240000,179.9159952341732,100,00,@
META,2025-02-11T09:30:05.320000,179.91400952218936,10,00,@
META,2025-02-11T09:30:05.520000,179.90892593713474,10,00,@
META,2025-02-11T09:30:05.720000,179.9049349459811,100,00,@
META,2025-02-11T09:30:05.800000,179.89667884621107,200,00,@
META,2025-02-11T09:30:05.880000,179.89410034130577,200,00,@
META,2025-02-11T09:30:06.680000,179.8892431233752,20,00,@
META,2025-02-11T09:30:06.700000,179.8764943755646,200,00,@
META,2025-02-11T09:30:07.500000,179.87129251548825,10,00,@
META,2025-02-11T09:30:08.300000,179.86536640049252,200,00,@
META,2025-02-11T09:30:08.380000,179.86099360558674,100,00,@
META,2025-02-11T09:30:09.180000,179.85652798767862,400,00,@
META,2025-02-11T09:30:09.380000,179.85037865436942,400,00,@
META,2025-02-11T09:30:09.400000,179.84886228669274,50,00,@
META,2025-02-11T09:30:09.420000,179.85078197314076,10,00,@
META,2025-02-11T09:30:09.620000,179.84674486304561,200,00,@
META,2025-02-11T09:30:09.640000,179.84425336647294,10,00,@
META,2025-02-11T09:30:09.660000,179.8422449024965,200,00,@
META,2025-02-11T09:30:09.860000,179.8371429156276,200,00,@
META,2025-02-11T09:30:10.660000,179.8313624951969,100,00,@
META,2025-02-11T09:30:10.680000,179.8227319210182,400,00,@
META,2025-02-11T09:30:11.480000,179.81410542375926,20,00,@
META,2025-02-11T09:30:12.280000,179.81025325913873,50,00,@
META,2025-02-11T09:30:13.080000,179.80136610469944,20,00,@
META,2025-02-11T09:30:13.280000,179.7923009066848,400,00,@
META,2025-02-11T09:30:14.080000,179.78428734864482,100,00,@
META,2025-02-11T09:30:14.160000,179.77840641253604,200,00,@
META,2025-02-11T09:30:14.960000,179.77525648149555,200,00,@
META,2025-02-11T09:30:14.980000,179.7682999651749,100,00,@
META,2025-02-11T09:30:15.780000,179.764949666857,100,00,@
META,2025-02-11T09:30:16.580000,179.76511069663042,50,00,@
META,2025-02-11T09:30:17.380000,179.76676691657482,100,00,@
META,2025-02-11T09:30:18.180000,179.76835009833516,50,00,@
META,2025-02-11T09:30:18.260000,179.76978990380735,10,00,@
META,2025-02-11T09:30:18.280000,179.7694349377736,50,00,@
META,2025-02-11T09:30:19.080000,179.76416935456868,200,00,@
META,2025-02-11T09:30:19.280000,179.76727496039803,10,00,@
META,2025-02-11T09:30:19.360000,179.7691470700798,200,00,@
META,2025-02-11T09:30:19.560000,179.77071063651903,200,00,@
META,2025-02-11T09:30:19.580000,179.77004743472304,10,00,@
META,2025-02-11T09:30:19.600000,179.77386787204728,100,00,@
META,2025-02-11T09:30:19.680000,179.77810474273576,10,00,@
META,2025-02-11T09:30:20.480000,179.78726751787366,100,00,@
META,2025-02-11T09:30:20.500000,179.79659340428995,100,00,@
META,2025-02-11T09:30:21.300000,179.8070315765891,200,00,@
META,2025-02-11T09:30:21.500000,179.81401323605286,100,00,@
META,2025-02-11T09:30:21.700000,179.81672817166665,10,00,@
META,2025-02-11T09:30:22.500000,179.81306744009868,200,00,@
META,2025-02-11T09:30:23.300000,179.81158481181367,10,00,@
META,2025-02-11T09:30:23.380000,179.81421545579565,100,00,@
META,2025-02-11T09:30:24.180000,179.80993475244287,200,00,@
META,2025-02-11T09:30:24.380000,179.80211630101067,100,00,@
META,2025-02-11T09:30:24.400000,179.79818363111877,50,00,@
META,2025-02-11T09:30:25.200000,179.7967166318127,50,00,@
META,2025-02-11T09:30:25.400000,179.7914568557486,100,00,@
META,2025-02-11T09:30:25.480000,179.7911933522112,200,00,@
META,2025-02-11T09:30:26.280000,179.79018129222885,10,00,@
META,2025-02-11T09:30:26.300000,179.78711664557673,10,00,@
META,2025-02-11T09:30:26.380000,179.7911810424729,200,00,@
META,2025-02-11T09:30:26.400000,179.79837989000785,10,00,@
META,2025-02-11T09:30:26.480000,179.8020506605273,10,00,@
META,2025-02-11T09:30:26.560000,179.80424759235422,50,00,@
META,2025-02-11T09:30:26.580000,179.80790383653923,200,00,@
META,2025-02-11T09:30:26.600000,179.80810070690123,50,00,@
META,2025-02-11T09:30:27.400000,179.81387767121842,400,00,@
META,2025-02-11T09:30:28.200000,179.8208111940864,100,00,@
META,2025-02-11T09:30:28.400000,179.8217687633018,50,00,@
META,2025-02-11T09:30:28.600000,179.82164101578132,200,00,@
META,2025-02-11T09:30:28.800000,179.82470031332136,10,00,@
META,2025-02-11T09:30:29,179.82187565552778,200,00,@
META,2025-02-11T09:30:29.020000,179.81516600531754,20,00,@
META,2025-02-11T09:30:29.820000,179.8074757620143,200,00,@
META,2025-02-11T09:30:29.900000,179.8039567115131,50,00,@
META,2025-02-11T09:30:30.100000,179.80299697708512,10,00,@
META,2025-02-11T09:30:30.180000,179.79794623307478,10,00,@
META,2025-02-11T09:30:30.200000,179.7951486153181,50,00,@
META,2025-02-11T09:30:30.400000,179.79491155970032,10,00,@
META,2025-02-11T09:30:30.600000,179.79408978964344,50,00,@
META,2025-02-11T09:30:31.400000,179.791864950847,200,00,@
META,2025-02-11T09:30:31.420000,179.7911842044255,10,00,@
META,2025-02-11T09:30:32.220000,179.7868395851855,200,00,@
META,2025-02-11T09:30:33.020000,179.78468193037833,200,00,@
META,2025-02-11T09:30:33.220000,179.78042723902456,100,00,@
META,2025-02-11T09:30:33.240000,179.77399264818897,10,00,@
META,2025-02-11T09:30:33.320000,179.77244866494897,50,00,@
META,2025-02-11T09:30:33.340000,179.7685397880667,100,00,@
META,2025-02-11T09:30:34.140000,179.76672459688945,100,00,@
META,2025-02-11T09:30:34.940000,179.76212453697912,10,00,@
META,2025-02-11T09:30:34.960000,179.7623344117119,200,00,@
META,2025-02-11T09:30:35.760000,179.76001384041118,100,00,@
META,2025-02-11T09:30:35.840000,179.7565112177154,100,00,@
META,2025-02-11T09:30:35.860000,179.7506870881752,400,00,@
META,2025-02-11T09:30:36.660000,179.74262708298673,100,00,@
META,2025-02-11T09:30:36.680000,179.7349533316133,200,00,@
META,2025-02-11T09:30:37.480000,179.72566985367902,20,00,@
META,2025-02-11T09:30:38.280000,179.71618657211178,200,00,@
META,2025-02-11T09:30:38.300000,179.70350748481752,20,00,@
META,2025-02-11T09:30:38.320000,179.69178833439736,200,00,@
META,2025-02-11T09:30:38.400000,179.68296732936997,200,00,@
META,2025-02-11T09:30:38.480000,179.67526410099336,100,00,@
META,2025-02-11T09:30:38.560000,179.6697172158367,10,00,@
META,2025-02-12T09:30:00.020000,179.99723798397645,200,00,@
META,2025-02-12T09:30:00.040000,179.9927144075437,10,00,@
META,2025-02-12T09:30:00.120000,179.99106233835354,100,00,@
META,2025-02-12T09:30:00.920000,179.9941191047525,50,00,@
META,2025-02-12T09:30:01,179.99440703739137,10,00,@
META,2025-02-12T09:30:01.080000,179.99851860900773,100,00,@
META,2025-02-12T09:30:01.160000,179.99912720733928,10,00,@
META,2025-02-12T09:30:01.960000,179.99848051172742,200,00,@
META,2025-02-12T09:30:02.760000,179.99718714389365,100,00,@
META,2025-02-12T09:30:02.840000,180.0004075666993,100,00,@
META,2025-02-12T09:30:02.920000,180.00049167382815,10,00,@
META,2025-02-12T09:30:02.940000,179.99825172784597,100,00,@
META,2025-02-12T09:30:02.960000,179.99826985343506,100,00,@
META,2025-02-12T09:30:03.760000,179.99749040231688,200,00,@
META,2025-02-12T09:30:03.840000,179.99978197117917,100,00,@
META,2025-02-12T09:30:04.040000,179.99917786685418,10,00,@
META,2025-02-12T09:30:04.240000,179.99389014214336,200,00,@
META,2025-02-12T09:30:04.320000,179.98815474907363,20,00,@
META,2025-02-12T09:30:05.120000,179.9830439894512,50,00,@
META,2025-02-12T09:30:05.920000,179.97626908003164,10,00,@
META,2025-02-12T09:30:06.720000,179.97481382715074,200,00,@
META,2025-02-12T09:30:06.800000,179.97129734561616,10,00,@
META,2025-02-12T09:30:06.880000,179.97400432211708,100,00,@
META,2025-02-12T09:30:06.960000,179.9701749507738,100,00,@
META,2025-02-12T09:30:06.980000,179.9656560932598,10,00,@
META,2025-02-12T09:30:07.780000,179.96183966383984,200,00,@
META,2025-02-12T09:30:07.860000,179.95958965268807,100,00,@
META,2025-02-12T09:30:07.880000,179.96119132835364,50,00,@
META,2025-02-12T09:30:08.080000,179.9632013053558,50,00,@
META,2025-02-12T09:30:08.160000,179.96605011435122,50,00,@
META,2025-02-12T09:30:08.360000,179.96368048865693,200,00,@
META,2025-02-12T09:30:08.560000,179.9590394141083,50,00,@
META,2025-02-12T09:30:08.760000,179.95593518667638,10,00,@
META,2025-02-12T09:30:08.780000,179.94996748701305,50,00,@
META,2025-02-12T09:30:08.800000,179.94677053729416,10,00,@
META,2025-02-12T09:30:08.820000,179.94449200967262,100,00,@
META,2025-02-12T09:30:08.900000,179.94466464715111,100,00,@
META,2025-02-12T09:30:08.920000,179.94508935248518,200,00,@
META,2025-02-12T09:30:09,179.94826286053652,50,00,@
META,2025-02-12T09:30:09.080000,179.94671693718993,200,00,@
META,2025-02-12T09:30:09.280000,179.9478386053692,50,00,@
META,2025-02-12T09:30:09.300000,179.9482089526062,50,00,@
META,2025-02-12T09:30:09.320000,179.9470499922161,100,00,@
META,2025-02-12T09:30:09.340000,179.94838543253738,200,00,@
META,2025-02-12T09:30:10.140000,179.95144234748082,100,00,@
META,2025-02-12T09:30:10.940000,179.95238003550756,50,00,@
META,2025-02-12T09:30:10.960000,179.95803987954542,100,00,@
META,2025-02-12T09:30:11.760000,179.96254955316968,10,00,@
META,2025-02-12T09:30:11.780000,179.96246563652167,50,00,@
META,2025-02-12T09:30:12.580000,179.9665071014927,100,00,@
META,2025-02-12T09:30:12.660000,179.96918510362636,100,00,@
META,2025-02-12T09:30:12.680000,179.96768081513676,100,00,@
META,2025-02-12T09:30:12.880000,179.96298949138952,100,00,@
META,2025-02-12T09:30:12.900000,179.95816943611504,400,00,@
META,2025-02-12T09:30:12.920000,179.95353874538057,200,00,@
META,2025-02-12T09:30:12.940000,179.94513739310025,100,00,@
META,2025-02-12T09:30:13.140000,179.93894687904006,400,00,@
META,2025-02-12T09:30:13.940000,179.9331430314124,400,00,@
META,2025-02-12T09:30:13.960000,179.9233629161686,20,00,@
META,2025-02-12T09:30:14.040000,179.92317596475394,10,00,@
META,2025-02-12T09:30:14.120000,179.92203769284328,200,00,@
META,2025-02-12T09:30:14.200000,179.91684598484918,200,00,@
META,2025-02-12T09:30:14.220000,179.91107248446224,100,00,@
META,2025-02-12T09:30:15.020000,179.9052661146728,400,00,@
META,2025-02-12T09:30:15.220000,179.8939937646246,400,00,@
META,2025-02-12T09:30:15.240000,179.88346259425026,200,00,@
META,2025-02-12T09:30:15.320000,179.8730786170143,200,00,@
META,2025-02-12T09:30:16.120000,179.8609380624572,100,00,@
META,2025-02-12T09:30:16.140000,179.85255257580536,20,00,@
META,2025-02-12T09:30:16.940000,179.84551492086337,200,00,@
META,2025-02-12T09:30:17.140000,179.83781568037787,200,00,@
META,2025-02-12T09:30:17.220000,179.83583336711092,100,00,@
META,2025-02-12T09:30:17.300000,179.835058460625,10,00,@
META,2025-02-12T09:30:17.380000,179.83857278427152,200,00,@
META,2025-02-12T09:30:17.400000,179.83694233596745,200,00,@
META,2025-02-12T09:30:18.200000,179.83569525767226,10,00,@
META,2025-02-12T09:30:19,179.83567027128686,10,00,@
META,2025-02-12T09:30:19.020000,179.83550249110954,200,00,@
META,2025-02-12T09:30:19.820000,179.83605495851816,50,00,@
META,2025-02-12T09:30:19.900000,179.83511015771643,100,00,@
META,2025-02-12T09:30:19.920000,179.83577949930856,50,00,@
META,2025-02-12T09:30:20,179.83218613692995,200,00,@
META,2025-02-12T09:30:20.080000,179.82743003117278,100,00,@
META,2025-02-12T09:30:20.100000,179.82478624272983,200,00,@
META,2025-02-12T09:30:20.300000,179.82321202945317,10,00,@
META,2025-02-12T09:30:20.320000,179.8217857926277,10,00,@
META,2025-02-12T09:30:20.520000,179.8208961477867,10,00,@
META,2025-02-12T09:30:20.540000,179.82657117097855,50,00,@
META,2025-02-12T09:30:20.560000,179.83273152465836,200,00,@
META,2025-02-12T09:30:20.580000,179.83478822921592,10,00,@
META,2025-02-12T09:30:20.600000,179.83574622628996,50,00,@
META,2025-02-12T09:30:20.680000,179.83735604720655,200,00,@
META,2025-02-12T09:30:20.700000,179.8436186852753,10,00,@
META,2025-02-12T09:30:20.720000,179.84739744347186,200,00,@
META,2025-02-12T09:30:21.520000,179.85090036010044,50,00,@
META,2025-02-12T09:30:22.320000,179.8516586381829,50,00,@
META,2025-02-12T09:30:22.400000,179.85099591478587,200,00,@
META,2025-02-12T09:30:22.420000,179.85468959980926,10,00,@
META,2025-02-12T09:30:22.440000,179.8544026572976,200,00,@
META,2025-02-12T09:30:23.240000,179.85053041153483,400,00,@
META,2025-02-12T09:30:23.320000,179.8397609218749,400,00,@
META,2025-02-12T09:30:23.520000,179.8278817479942,200,00,@
META,2025-02-12T09:30:23.540000,179.81597357531413,200,00,@
META,2025-02-12T09:30:24.340000,179.80655146211953,100,00,@
META,2025-02-12T09:30:24.540000,179.80215459841463,50,00,@
META,2025-02-12T09:30:24.620000,179.7977387305248,400,00,@
META,2025-02-12T09:30:24.640000,179.79287615863439,10,00,@
META,2025-02-12T09:30:24.840000,179.78860692919872,10,00,@
META,2025-02-12T09:30:25.640000,179.7903245188632,200,00,@
META,2025-02-12T09:30:25.660000,179.793662537355,100,00,@
META,2025-02-12T09:30:25.860000,179.79727998877118,100,00,@
META,2025-02-12T09:30:26.660000,179.80240902937626,200,00,@
META,2025-02-12T09:30:27.460000,179.8097003253893,20,00,@
META,2025-02-12T09:30:27.660000,179.81400212763717,10,00,@
META,2025-02-12T09:30:27.860000,179.82106816231436,20,00,@
META,2025-02-12T09:30:28.060000,179.83214736650623,200,00,@
META,2025-02-12T09:30:28.260000,179.84559806925787,200,00,@
META,2025-02-12T09:30:28.340000,179.85874724896505,100,00,@
META,2025-02-12T09:30:29.140000,179.8657865275934,400,00,@
META,2025-02-12T09:30:29.160000,179.8770068523558,200,00,@
META,2025-02-12T09:30:29.180000,179.88066420018401,200,00,@
META,2025-02-12T09:30:29.260000,179.88372495838234,10,00,@
META,2025-02-12T09:30:29.460000,179.88588834574068,100,00,@
META,2025-02-12T09:30:29.540000,179.88166931905653,10,00,@
META,2025-02-12T09:30:29.620000,179.88100687618447,200,00,@
META,2025-02-12T09:30:29.700000,179.87847980109865,50,00,@
META,2025-02-12T09:30:29.780000,179.87738311273907,200,00,@
META,2025-02-12T09:30:29.980000,179.87608772281422,100,00,@
META,2025-02-13T09:30:00.800000,180.00175654620006,100,00,@
META,2025-02-13T09:30:00.880000,179.99965215315294,100,00,@
META,2025-02-13T09:30:01.080000,179.99693722347536,50,00,@
META,2025-02-13T09:30:01.880000,179.99121915929751,10,00,@
META,2025-02-13T09:30:01.900000,179.98748696720116,200,00,@
META,2025-02-13T09:30:01.920000,179.98077976234651,100,00,@
META,2025-02-13T09:30:02,179.9783009234851,10,00,@
META,2025-02-13T09:30:02.800000,179.97147320814577,200,00,@
META,2025-02-13T09:30:02.880000,179.96147041499012,200,00,@
META,2025-02-13T09:30:02.960000,179.9584763649124,10,00,@
META,2025-02-13T09:30:03.040000,179.9560889791506,100,00,@
META,2025-02-13T09:30:03.840000,179.9526677651272,100,00,@
META,2025-02-13T09:30:04.040000,179.9486914961928,200,00,@
META,2025-02-13T09:30:04.240000,179.9421261014426,200,00,@
META,2025-02-13T09:30:04.320000,179.94280433205094,200,00,@
META,2025-02-13T09:30:05.120000,179.94204804901963,10,00,@
META,2025-02-13T09:30:05.320000,179.93928298734028,200,00,@
META,2025-02-13T09:30:06.120000,179.9362317608245,10,00,@
META,2025-02-13T09:30:06.140000,179.93637246469842,50,00,@
META,2025-02-13T09:30:06.340000,179.93146187560592,100,00,@
META,2025-02-13T09:30:06.360000,179.92409850785688,200,00,@
META,2025-02-13T09:30:07.160000,179.92199936846194,10,00,@
META,2025-02-13T09:30:07.240000,179.92339978003045,10,00,@
META,2025-02-13T09:30:08.040000,179.91956926664287,200,00,@
META,2025-02-13T09:30:08.060000,179.92011608357925,100,00,@
META,2025-02-13T09:30:08.860000,179.9193397692545,200,00,@
META,2025-02-13T09:30:09.060000,179.92046195295111,100,00,@
META,2025-02-13T09:30:09.260000,179.9236924788103,100,00,@
META,2025-02-13T09:30:09.280000,179.92007399296966,10,00,@
META,2025-02-13T09:30:09.360000,179.91805032914857,200,00,@
META,2025-02-13T09:30:10.160000,179.91845485080904,50,00,@
META,2025-02-13T09:30:10.180000,179.92013228749616,10,00,@
META,2025-02-13T09:30:10.200000,179.92126482069546,10,00,@
META,2025-02-13T09:30:11,179.92157286103924,50,00,@
META,2025-02-13T09:30:11.020000,179.9250057875296,100,00,@
META,2025-02-13T09:30:11.820000,179.9286489758922,10,00,@
META,2025-02-13T09:30:11.840000,179.92401694940966,10,00,@
META,2025-02-13T09:30:11.860000,179.9271794472681,50,00,@
META,2025-02-13T09:30:12.660000,179.9305044917381,100,00,@
META,2025-02-13T09:30:12.860000,179.93127258191635,50,00,@
META,2025-02-13T09:30:13.660000,179.93532803864946,200,00,@
META,2025-02-13T09:30:13.860000,179.93646438214145,200,00,@
META,2025-02-13T09:30:14.060000,179.94001590257506,100,00,@
META,2025-02-13T09:30:14.260000,179.93792133293215,10,00,@
META,2025-02-13T09:30:14.280000,179.93506070169633,200,00,@
META,2025-02-13T09:30:14.360000,179.93716249957438,50,00,@
META,2025-02-13T09:30:14.440000,179.93509880473974,200,00,@
META,2025-02-13T09:30:14.460000,179.93642968302288,200,00,@
META,2025-02-13T09:30:14.660000,179.93817701384168,50,00,@
META,2025-02-13T09:30:15.460000,179.9377750328398,50,00,@
META,2025-02-13T09:30:16.260000,179.93108075676966,50,00,@
META,2025-02-13T09:30:16.280000,179.9300072821621,50,00,@
META,2025-02-13T09:30:17.080000,179.93130330985434,10,00,@
META,2025-02-13T09:30:17.100000,179.93338865373025,10,00,@
META,2025-02-13T09:30:17.180000,179.93244743644556,10,00,@
META,2025-02-13T09:30:17.260000,179.93318614968177,50,00,@
META,2025-02-13T09:30:17.460000,179.9340437414195,10,00,@
META,2025-02-13T09:30:17.660000,179.93569206422526,50,00,@
META,2025-02-13T09:30:17.740000,179.93929666581437,50,00,@
META,2025-02-13T09:30:17.940000,179.93925326490248,10,00,@
META,2025-02-13T09:30:18.020000,179.9420883892849,200,00,@
META,2025-02-13T09:30:18.220000,179.94787858274285,200,00,@
META,2025-02-13T09:30:18.420000,179.95081737509008,200,00,@
META,2025-02-13T09:30:18.500000,179.9537909648425,200,00,@
META,2025-02-13T09:30:19.300000,179.9615876933424,400,00,@
META,2025-02-13T09:30:19.380000,179.964906936967,200,00,@
META,2025-02-13T09:30:19.460000,179.96980926412553,200,00,@
META,2025-02-13T09:30:19.480000,179.97478261673888,100,00,@
META,2025-02-13T09:30:20.280000,179.97956604361278,100,00,@
META,2025-02-13T09:30:21.080000,179.98276904354543,50,00,@
META,2025-02-13T09:30:21.100000,179.98674032040316,200,00,@
META,2025-02-13T09:30:21.120000,179.98322167926887,100,00,@
META,2025-02-13T09:30:21.140000,179.9796121940297,200,00,@
META,2025-02-13T09:30:21.160000,179.9714697654989,200,00,@
META,2025-02-13T09:30:21.360000,179.96157239464904,400,00,@
META,2025-02-13T09:30:21.380000,179.95198983069486,20,00,@
META,2025-02-13T09:30:21.400000,179.94116364772245,100,00,@
META,2025-02-13T09:30:21.600000,179.93775925048558,10,00,@
META,2025-02-13T09:30:21.800000,179.93109039973746,20,00,@
META,2025-02-13T09:30:22.600000,179.92587902134568,10,00,@
META,2025-02-13T09:30:23.400000,179.92113013226725,100,00,@
META,2025-02-13T09:30:23.600000,179.91641673515434,100,00,@
META,2025-02-13T09:30:24.400000,179.91181474093992,200,00,@
META,2025-02-13T09:30:24.600000,179.908796493208,50,00,@
META,2025-02-13T09:30:25.400000,179.9008706427942,100,00,@
META,2025-02-13T09:30:25.600000,179.90183913214778,200,00,@
META,2025-02-13T09:30:25.800000,179.8999399637496,100,00,@
META,2025-02-13T09:30:26.600000,179.90030304359402,50,00,@
META,2025-02-13T09:30:26.620000,179.90104428519246,10,00,@
META,2025-02-13T09:30:26.700000,179.9024511029334,50,00,@
META,2025-02-13T09:30:26.900000,179.9108334365586,20,00,@
META,2025-02-13T09:30:26.920000,179.91953775224235,400,00,@
META,2025-02-13T09:30:26.940000,179.9237349016832,50,00,@
META,2025-02-13T09:30:27.740000,179.9242205449425,100,00,@
META,2025-02-13T09:30:27.760000,179.9260491875335,10,00,@
META,2025-02-13T09:30:27.840000,179.9244159380359,50,00,@
META,2025-02-13T09:30:27.860000,179.91887286772558,20,00,@
META,2025-02-13T09:30:27.880000,179.91524890107704,200,00,@
META,2025-02-13T09:30:28.680000,179.9165667828503,50,00,@
META,2025-02-13T09:30:28.700000,179.91313890646924,100,00,@
META,2025-02-13T09:30:28.900000,179.9015209774381,200,00,@
META,2025-02-13T09:30:28.920000,179.89147629226787,20,00,@
META,2025-02-13T09:30:29,179.88178601247674,200,00,@
META,2025-02-13T09:30:29.800000,179.8790050827222,100,00,@
META,2025-02-13T09:30:29.880000,179.87489250982694,200,00,@
META,2025-02-13T09:30:30.080000,179.8736869837906,50,00,@
META,2025-02-13T09:30:30.100000,179.8729458878547,100,00,@
META,2025-02-13T09:30:30.300000,179.8766096346436,50,00,@
META,2025-02-13T09:30:30.320000,179.87548737143536,100,00,@
META,2025-02-13T09:30:30.400000,179.87511603957867,200,00,@
META,2025-02-13T09:30:30.480000,179.87524248156254,10,00,@
META,2025-02-13T09:30:30.560000,179.87459875709155,50,00,@
META,2025-02-13T09:30:30.580000,179.87250362415315,50,00,@
META,2025-02-13T09:30:31.380000,179.87017368304927,200,00,@
META,2025-02-13T09:30:31.400000,179.8663199109327,50,00,@
META,2025-02-13T09:30:31.420000,179.86391312343915,50,00,@
META,2025-02-13T09:30:31.440000,179.86162349915722,10,00,@
META,2025-02-13T09:30:31.520000,179.861704016937,100,00,@
META,2025-02-13T09:30:32.320000,179.85854970973756,50,00,@
META,2025-02-13T09:30:32.520000,179.86018357215536,10,00,@
META,2025-02-13T09:30:32.720000,179.86153302225924,200,00,@
META,2025-02-13T09:30:32.740000,179.86786058166788,400,00,@
META,2025-02-13T09:30:32.760000,179.87582910266406,400,00,@
META,2025-02-13T09:30:33.560000,179.88225132110844,20,00,@
META,2025-02-13T09:30:33.640000,179.88856949165248,20,00,@
META,2025-02-13T09:30:33.840000,179.89578461015063,100,00,@
META,2025-02-13T09:30:34.640000,179.9027389624538,400,00,@
META,2025-02-13T09:30:34.720000,179.90897124201248,100,00,@
META,2025-02-14T09:30:00.080000,180.0005294857279,100,00,@
META,2025-02-14T09:30:00.880000,180.00163428675972,100,00,@
META,2025-02-14T09:30:00.900000,179.9970178381814,200,00,@
META,2025-02-14T09:30:00.920000,179.9939847447994,10,00,@
META,2025-02-14T09:30:01.120000,179.99587123401002,50,00,@
META,2025-02-14T09:30:01.140000,179.99934738494235,50,00,@
META,2025-02-14T09:30:01.340000,180.0064787409677,100,00,@
META,2025-02-14T09:30:01.420000,180.01124975564713,20,00,@
META,2025-02-14T09:30:01.440000,180.01986143866853,200,00,@
META,2025-02-14T09:30:01.520000,180.02648062321464,400,00,@
META,2025-02-14T09:30:02.320000,180.03216973100757,50,00,@
META,2025-02-14T09:30:02.400000,180.03886458519602,200,00,@
META,2025-02-14T09:30:03.200000,180.042834901756,10,00,@
META,2025-02-14T09:30:03.220000,180.04046289693105,10,00,@
META,2025-02-14T09:30:03.300000,180.0461988526963,10,00,@
META,2025-02-14T09:30:04.100000,180.05566413869613,200,00,@
META,2025-02-14T09:30:04.900000,180.06565414865094,400,00,@
META,2025-02-14T09:30:04.920000,180.07446602042816,20,00,@
META,2025-02-14T09:30:05.720000,180.08491831928117,400,00,@
META,2025-02-14T09:30:05.800000,180.0929125392406,100,00,@
META,2025-02-14T09:30:05.880000,180.10022781271633,200,00,@
META,2025-02-14T09:30:06.680000,180.10580453643357,200,00,@
META,2025-02-14T09:30:06.880000,180.1119972917738,10,00,@
META,2025-02-14T09:30:07.080000,180.11240052732686,10,00,@
META,2025-02-14T09:30:07.880000,180.11163939103423,50,00,@
META,2025-02-14T09:30:08.680000,180.11192579554114,50,00,@
META,2025-02-14T09:30:09.480000,180.10843906478996,50,00,@
META,2025-02-14T09:30:09.500000,180.10693515044161,100,00,@
META,2025-02-14T09:30:09.580000,180.10466963976626,10,00,@
META,2025-02-14T09:30:09.780000,180.10733888546952,10,00,@
META,2025-02-14T09:30:10.580000,180.1079850755285,200,00,@
META,2025-02-14T09:30:11.380000,180.11540184948322,400,00,@
META,2025-02-14T09:30:11.580000,180.12112597831594,100,00,@
META,2025-02-14T09:30:12.380000,180.12414015708026,10,00,@
META,2025-02-14T09:30:12.460000,180.12572173212286,100,00,@
META,2025-02-14T09:30:13.260000,180.12837922562701,50,00,@
META,2025-02-14T09:30:14.060000,180.12734432804453,200,00,@
META,2025-02-14T09:30:14.140000,180.12413050646987,50,00,@
META,2025-02-14T09:30:14.340000,180.1276658053474,100,00,@
META,2025-02-14T09:30:14.420000,180.12820090064426,50,00,@
META,2025-02-14T09:30:15.220000,180.12663234956887,200,00,@
META,2025-02-14T09:30:15.300000,180.121816374496,200,00,@
META,2025-02-14T09:30:15.380000,180.11592402303222,200,00,@
META,2025-02-14T09:30:15.400000,180.1146551531121,200,00,@
META,2025-02-14T09:30:15.480000,180.11555048346855,10,00,@
META,2025-02-14T09:30:15.500000,180.11642412610874,200,00,@
META,2025-02-14T09:30:15.580000,180.12070670276375,10,00,@
META,2025-02-14T09:30:15.600000,180.12518072186833,50,00,@
META,2025-02-14T09:30:15.680000,180.13055477804943,10,00,@
META,2025-02-14T09:30:15.760000,180.13196165492502,50,00,@
META,2025-02-14T09:30:15.960000,180.12741365235325,200,00,@
META,2025-02-14T09:30:16.160000,180.12223499587773,50,00,@
META,2025-02-14T09:30:16.180000,180.1179387682446,200,00,@
META,2025-02-14T09:30:16.380000,180.11814169504683,10,00,@
META,2025-02-14T09:30:17.180000,180.11599977199427,50,00,@
META,2025-02-14T09:30:17.260000,180.11241841939278,50,00,@
META,2025-02-14T09:30:17.460000,180.10738998576906,100,00,@
META,2025-02-14T09:30:17.660000,180.102038197517,10,00,@
META,2025-02-14T09:30:18.460000,180.10014883076633,200,00,@
META,2025-02-14T09:30:19.260000,180.1005562827327,10,00,@
META,2025-02-14T09:30:19.460000,180.10259173423063,10,00,@
META,2025-02-14T09:30:20.260000,180.10077446100522,50,00,@
META,2025-02-14T09:30:20.340000,180.0924785158248,20,00,@
META,2025-02-14T09:30:20.540000,180.08754476088868,10,00,@
META,2025-02-14T09:30:20.620000,180.08505967806516,50,00,@
META,2025-02-14T09:30:20.700000,180.08373184711786,10,00,@
META,2025-02-14T09:30:20.900000,180.08816773021007,10,00,@
META,2025-02-14T09:30:21.700000,180.09461998487197,400,00,@
META,2025-02-14T09:30:21.900000,180.09839316191554,100,00,@
META,2025-02-14T09:30:22.700000,180.10252503886596,10,00,@
META,2025-02-14T09:30:22.900000,180.11061508769433,200,00,@
META,2025-02-14T09:30:23.100000,180.11982313252813,20,00,@
META,2025-02-14T09:30:23.120000,180.13035175530825,20,00,@
META,2025-02-14T09:30:23.920000,180.14308239974807,100,00,@
META,2025-02-14T09:30:24,180.15601160484835,400,00,@
META,2025-02-14T09:30:24.080000,180.16763799146443,20,00,@
META,2025-02-14T09:30:24.100000,180.17847485082254,200,00,@
META,2025-02-14T09:30:24.120000,180.18373179779684,100,00,@
META,2025-02-14T09:30:24.140000,180.1883387301651,10,00,@
META,2025-02-14T09:30:24.340000,180.18984024067404,50,00,@
META,2025-02-14T09:30:24.360000,180.19600057751697,400,00,@
META,2025-02-14T09:30:25.160000,180.2034017236307,400,00,@
META,2025-02-14T09:30:25.180000,180.20759088752487,100,00,@
META,2025-02-14T09:30:25.380000,180.20901368560163,10,00,@
META,2025-02-14T09:30:25.460000,180.20970893894736,10,00,@
META,2025-02-14T09:30:25.480000,180.20519254006803,10,00,@
META,2025-02-14T09:30:25.560000,180.19923519718753,10,00,@
META,2025-02-14T09:30:26.360000,180.19094682623884,20,00,@
META,2025-02-14T09:30:26.440000,180.18339521144117,100,00,@
META,2025-02-14T09:30:27.240000,180.1730402823907,20,00,@
META,2025-02-14T09:30:27.440000,180.16159906059417,20,00,@
META,2025-02-14T09:30:28.240000,180.15314090845982,100,00,@
META,2025-02-14T09:30:28.440000,180.14709891181963,200,00,@
META,2025-02-14T09:30:28.520000,180.13885887287793,400,00,@
META,2025-02-14T09:30:28.540000,180.13354168559977,200,00,@
META,2025-02-14T09:30:28.620000,180.12958335303236,200,00,@
META,2025-02-14T09:30:28.640000,180.11869146830293,100,00,@
META,2025-02-14T09:30:28.840000,180.11188436979887,20,00,@
META,2025-02-14T09:30:28.860000,180.1049999189308,20,00,@
META,2025-02-14T09:30:28.880000,180.1043497066592,50,00,@
META,2025-02-14T09:30:28.900000,180.09977173240247,200,00,@
META,2025-02-14T09:30:28.920000,180.09872270727334,200,00,@
META,2025-02-14T09:30:29,180.09547947040747,200,00,@
META,2025-02-14T09:30:29.200000,180.09314338737389,50,00,@
META,2025-02-14T09:30:30,180.08624121388712,100,00,@
META,2025-02-14T09:30:30.020000,180.07888141092698,400,00,@
META,2025-02-14T09:30:30.820000,180.06794803322404,400,00,@
META,2025-02-14T09:30:30.900000,180.05752001118566,20,00,@
META,2025-02-14T09:30:31.100000,180.04752120288757,400,00,@
META,2025-02-14T09:30:31.180000,180.0372777598047,200,00,@
META,2025-02-14T09:30:31.200000,180.02896948400334,200,00,@
META,2025-02-14T09:30:31.400000,180.01724578341071,400,00,@
META,2025-02-14T09:30:31.600000,180.011375235366,100,00,@
META,2025-02-14T09:30:31.680000,180.0015400854333,200,00,@
META,2025-02-14T09:30:31.700000,179.99107377915848,20,00,@
META,2025-02-14T09:30:31.780000,179.98661432621196,10,00,@
META,2025-02-14T09:30:32.580000,179.9817795399255,100,00,@
META,2025-02-14T09:30:32.780000,179.97583997786106,10,00,@
META,2025-02-14T09:30:32.980000,179.97384708875074,100,00,@
META,2025-02-14T09:30:33,179.96902095965083,10,00,@
META,2025-02-14T09:30:33.200000,179.96007008233127,100,00,@
META,2025-02-14T09:30:33.220000,179.95273919186297,400,00,@
META,2025-02-14T09:30:33.240000,179.94304397304947,20,00,@
META,2025-02-14T09:30:33.320000,179.93650573944652,200,00,@
META,2025-02-14T09:30:33.400000,179.9295690229983,100,00,@
META,2025-02-14T09:30:33.420000,179.9248636201222,200,00,@
META,2025-02-14T09:30:33.440000,179.92440584994938,200,00,@
META,2025-02-14T09:30:33.520000,179.9299303376414,10,00,@
